"年","月","日","時","分","縣市","區","死","受傷","2-30","天候","光線","道路類別","速限","道路型態","事故位置","路面鋪裝","路面狀態","路面缺陷","障礙物","視距","號誌種類","號誌動作","分向設施","快車道或一般車道間","快慢車道間","路面邊線","事故類型及型態","主要肇因","受傷程度","主要傷處","保護裝備","行動電話","當事者區分(類別)","車輛用途","當事者行動狀態","駕駛資格情形","駕駛執照種類","飲酒情形","車輛撞擊部位最初","車輛撞擊部位其他","肇事因素個別","肇事因素主要","肇事逃逸","職業","旅次目的","車種","GPS座標(緯度)","GPS座標(經度)","事故類別"
"2019","8","2","12","36","臺中市","東區","0","1","0","6","1","5","50","14","9","1","4","4","5","7","4","4","5","5","5","2","18","23","2","9","1","1","C03","7","9","1","10","2","12","","23","23","1","4","8","C03","24.127533","120.700245","2"
"2019","8","2","12","45","臺中市","大雅區","0","3","0","8","1","5","40","5","2","1","5","4","5","7","1","1","5","5","5","1","16","6","2","9","1","1","C04","7","5","1","10","2","14","","6","6","1","22","8","C04","24.215872","120.667612","2"
"2019","8","2","12","50","臺中市","北區","0","0","0","8","","","50","","","","","","","","","","","","","","","23","","","","","B03","","","1","","11","","","23","23","1","5","","B03","24.161557","120.689352","3"
"2019","8","2","12","55","臺中市","北屯區","0","0","0","8","","","50","","","","","","","","","","","","","","","","","","","","G03","","","1","","2","","","7","","1","10","","G03","24.1736","120.6706","3"
"2019","8","2","12","55","臺中市","沙鹿區","0","0","0","8","","","50","","","","","","","","","","","","","","","23","","","","","B03","","","1","","2","","","23","23","","","","B03","24.227798","120.574684","3"
"2019","8","2","12","55","臺中市","大甲區","0","1","0","8","1","5","50","3","1","1","5","4","5","7","4","4","10","5","5","2","16","6","2","8","1","1","C03","7","5","3","18","2","14","","6","6","1","22","8","C03","24.351692","120.626588","2"
"2019","8","2","13","0","臺中市","西區","0","1","0","8","2","5","50","4","1","1","5","4","5","7","2","1","10","5","5","2","16","6","3","10","1","1","B03","7","5","1","8","2","2","","6","6","1","20","9","B03","24.146657","120.663148","2"
"2019","8","2","13","0","臺中市","西區","0","0","0","6","","","50","","","","","","","","","","","","","","","","","","","","B02","","","1","","2","","","42","","1","5","","B02","24.155556","120.662577","3"
"2019","8","2","13","7","臺中市","南區","0","0","0","6","","","50","","","","","","","","","","","","","","","","3","","","","B03","","","1","","2","","","7","","1","21","","B03","24.123193","120.666388","3"
"2019","8","2","13","8","臺中市","西屯區","0","0","0","8","","","60","","","","","","","","","","","","","","","","","","","","B03","","","1","","2","","","7","","1","21","","B03","24.160558","120.65307","3"
"2019","8","2","13","19","臺中市","北屯區","0","0","0","8","","","50","","","","","","","","","","","","","","","","","","","","B03","","","1","","2","","","23","","1","","","B03","24.179364","120.66767","3"
"2019","8","2","13","23","臺中市","大雅區","0","1","0","8","1","5","50","3","2","1","5","4","5","7","4","4","5","5","5","1","16","19","3","10","1","1","B03","7","1","1","8","2","4","","19","19","1","21","8","B03","24.229278","120.64664","2"
"2019","8","2","13","25","臺中市","北區","0","2","0","6","1","5","50","14","9","1","4","4","5","7","4","4","9","5","5","2","3","51","2","8","4","5","H01","8","18","8","20","10","16","","51","51","1","18","8","H01","24.149679","120.684893","2"
"2019","8","2","13","26","臺中市","西屯區","0","0","0","8","","","50","","","","","","","","","","","","","","","","","","","","B03","","","1","","2","","","17","","1","22","","B03","24.163633","120.650271","3"
"2019","8","2","13","28","臺中市","西屯區","0","0","0","8","","","50","","","","","","","","","","","","","","","7","","","","","B03","","","1","","2","","","7","7","1","","","B03","24.164616","120.642816","3"
"2019","8","2","13","29","臺中市","西區","0","0","0","6","","","40","","","","","","","","","","","","","","","","","","","","B02","","","1","","2","","","23","","1","5","","B02","24.145823","120.661667","3"
"2019","8","2","13","29","臺中市","南屯區","0","0","0","8","","","50","","","","","","","","","","","","","","","17","","","","","B03","","","1","","2","","","17","17","1","22","","B03","24.139926","120.642423","3"
"2019","8","2","13","31","臺中市","東區","0","0","0","6","","","50","","","","","","","","","","","","","","","","","","","","B03","","","1","","2","","","23","","1","5","","B03","24.14834","120.693915","3"
"2019","8","2","13","40","臺中市","新社區","0","1","0","8","1","5","40","4","1","1","5","4","5","7","4","4","5","5","5","1","15","6","2","9","1","1","C03","7","9","1","10","2","12","","6","6","1","9","8","C03","24.240645","120.807161","2"
"2019","8","2","13","45","臺中市","北區","0","0","0","8","","","50","","","","","","","","","","","","","","","","","","","","B03","","","1","","2","","","6","","1","","","B03","24.165037","120.684988","3"
"2019","8","2","13","50","臺中市","南屯區","0","0","0","6","","","50","","","","","","","","","","","","","","","","","","","","B01","","","1","","2","","","6","","1","10","","B01","24.155659","120.651415","3"
"2019","8","2","14","9","臺中市","潭子區","0","1","0","6","1","5","40","14","8","1","4","4","5","7","4","4","1","4","4","1","18","43","2","9","1","1","C03","7","9","1","10","2","14","","43","43","1","22","9","C03","24.212083","120.705313","2"
"2019","8","2","14","10","臺中市","北屯區","0","0","0","8","","","40","","","","","","","","","","","","","","","19","","","","","B03","","","1","","2","","","19","19","1","22","","B03","24.193399","120.686393","3"
"2019","8","2","14","10","臺中市","太平區","0","0","0","6","","","40","","","","","","","","","","","","","","","","","","","","B12","","","1","","2","","","16","","1","21","","B12","24.134025","120.70856","3"
"2019","8","2","14","29","臺中市","西屯區","0","1","0","8","1","5","50","3","1","1","5","4","5","7","4","4","9","4","4","2","16","6","3","10","1","1","B03","7","5","1","8","2","1","","6","6","1","12","8","B03","24.162349","120.633834","2"
"2019","8","2","14","30","臺中市","太平區","0","1","0","8","1","5","50","4","1","1","5","4","5","7","1","1","10","5","5","2","16","9","3","10","1","1","B03","7","6","1","8","2","6","","9","9","1","21","8","B03","24.149855","120.711384","2"
"2019","8","2","14","32","臺中市","西屯區","0","1","0","8","1","5","40","3","9","1","5","4","5","7","4","4","10","5","5","2","16","19","2","9","1","1","C03","7","1","1","10","2","11","","19","19","1","21","8","C03","24.164088","120.618914","2"
"2019","8","2","14","34","臺中市","西區","0","1","0","6","1","5","50","4","1","1","4","4","5","7","4","4","10","5","5","2","15","6","2","1","4","5","F03","7","9","8","20","2","16","","6","6","1","20","5","F03","24.145313","120.657891","2"
"2019","8","2","14","36","臺中市","東區","0","1","0","6","1","5","40","13","7","1","4","4","5","6","4","4","5","5","3","2","13","23","2","9","1","1","C03","7","9","1","9","2","11","","23","23","1","5","5","C03","24.131768","120.689696","2"
"2019","8","2","14","36","臺中市","烏日區","0","1","0","8","1","5","40","4","1","1","5","4","5","7","1","1","1","4","1","2","16","25","3","10","1","1","A11","7","6","1","2","2","5","","25","25","1","21","8","A11","24.113298","120.586996","2"
"2019","8","2","14","44","臺中市","西區","0","2","0","8","1","5","50","4","1","1","4","4","5","7","4","4","10","5","5","1","3","14","2","9","1","1","C03","7","9","1","10","2","12","","14","14","1","21","8","C03","24.1529","120.664554","2"
"2019","8","2","14","44","臺中市","大雅區","0","0","0","8","","","50","","","","","","","","","","","","","","","","","","","","A41","","","1","","2","","","48","","1","","","A41","24.229833","120.64177","3"
"2019","8","2","14","45","臺中市","西屯區","0","0","0","8","","","40","","","","","","","","","","","","","","","","","","","","C03","","","1","","2","","","6","","1","","","C03","24.189126","120.617134","3"
"2019","8","2","14","55","臺中市","東區","0","1","0","6","1","5","50","4","1","1","4","4","5","7","4","4","10","5","5","2","13","23","2","9","3","4","C03","7","9","1","8","2","11","","23","23","1","5","8","C03","24.142789","120.695391","2"
"2019","8","2","15","14","臺中市","北屯區","0","0","0","8","","","50","","","","","","","","","","","","","","","","","","","","B03","","","1","","2","","","23","","1","","","B03","24.170936","120.685476","3"
"2019","8","2","15","15","臺中市","大里區","0","1","0","8","1","5","50","14","7","1","5","4","5","7","4","4","9","4","4","1","16","23","3","10","1","1","B12","7","9","3","18","2","2","","23","23","1","21","8","B12","24.11523","120.68079","2"
"2019","8","2","15","21","臺中市","南區","0","0","0","8","","","50","","","","","","","","","","","","","","","23","","","","","B12","","","1","","2","","","23","23","1","5","","B12","24.119144","120.67148","3"
"2019","8","2","15","26","臺中市","西屯區","0","1","0","8","1","5","50","4","1","1","5","4","5","7","1","1","10","5","5","2","16","43","3","10","1","1","C03","7","5","6","18","2","11","","43","43","1","21","8","C03","24.164466","120.663961","2"
"2019","8","2","15","29","臺中市","神岡區","0","0","0","8","","","40","","","","","","","","","","","","","","","","","","","","B03","","","1","","2","","","12","","1","22","","B03","24.245362","120.686623","3"
"2019","8","2","15","30","臺中市","東區","0","0","0","8","","","50","","","","","","","","","","","","","","","","","","","","B03","","","1","","2","","","12","","1","22","","B03","24.149316","120.710516","3"
"2019","8","2","15","32","臺中市","大雅區","0","1","0","8","1","5","50","3","1","1","5","4","5","7","4","4","5","5","5","1","17","4","2","9","1","5","F02","7","5","8","20","2","16","","4","4","1","21","8","F02","24.234607","120.620525","2"
"2019","8","2","15","46","臺中市","北屯區","0","1","0","8","1","5","50","4","1","1","5","4","5","7","1","1","10","5","5","2","16","23","2","9","1","1","C03","7","9","1","10","2","15","","23","23","1","21","8","C03","24.186245","120.677175","2"
"2019","8","2","15","51","臺中市","西屯區","0","1","0","8","1","5","50","14","7","1","5","4","5","7","4","4","3","4","4","2","13","16","3","10","1","1","B03","7","9","1","8","2","1","","16","16","1","21","8","B03","24.17204","120.643176","2"
"2019","8","2","15","52","臺中市","清水區","0","0","0","8","","","40","","","","","","","","","","","","","","","","","","","","B03","","","1","","2","","","23","","1","12","","B03","24.312031","120.550936","3"
"2019","8","2","16","0","臺中市","龍井區","0","1","0","8","1","5","50","4","1","1","5","4","5","7","4","4","10","5","5","2","15","43","2","9","3","4","C03","7","9","1","10","2","11","","43","43","1","16","8","C03","24.187621","120.530993","2"
"2019","8","2","16","5","臺中市","太平區","0","0","0","8","","","80","","","","","","","","","","","","","","","","","","","","B03","","","1","","2","","","16","","1","4","","B03","24.15609","120.717139","3"
"2019","8","2","16","6","臺中市","大里區","0","0","0","8","1","5","40","14","2","1","5","4","5","7","4","4","8","3","5","2","17","","","","","","A12","","","1","","2","","","10","","","","","A12","24.103828","120.709416","3"
"2019","8","2","16","6","臺中市","霧峰區","0","2","0","8","1","5","40","4","1","1","5","4","4","7","4","4","10","5","5","2","17","43","3","10","1","1","C03","7","9","3","18","11","15","","43","43","1","21","8","C03","24.070867","120.700607","2"
"2019","8","2","16","10","臺中市","霧峰區","0","1","0","8","1","5","40","14","9","1","5","4","5","7","4","4","10","5","5","1","16","6","3","10","1","1","A12","7","5","1","7","2","1","","6","6","1","12","8","A12","24.056722","120.670486","2"
"2019","8","2","16","10","臺中市","沙鹿區","0","1","0","8","1","5","50","3","2","1","5","4","5","7","4","4","1","4","4","2","16","6","3","10","1","1","B03","7","6","1","8","2","7","","6","6","1","5","5","B03","24.221903","120.556486","2"
"2019","8","2","16","18","臺中市","西區","0","0","0","8","","","40","","","","","","","","","","","","","","","","","","","","B03","","","1","","2","","","23","","1","21","","B03","24.157416","120.663436","3"
"2019","8","2","16","18","臺中市","北區","0","0","0","8","","","50","","","","","","","","","","","","","","","","","","","","C03","","","1","","2","","","16","","1","21","","C03","24.164924","120.669217","3"
"2019","8","2","16","19","臺中市","中區","0","0","0","8","","","50","","","","","","","","","","","","","","","","","","","","B03","","","1","","2","","","16","","1","5","","B03","24.135667","120.682379","3"
"2019","8","2","16","19","臺中市","清水區","0","0","0","8","1","5","40","","","","","","","","","","","","","","","12","","","","","B03","","","1","","10","","","12","12","1","21","","B03","24.261408","120.558799","3"
"2019","8","2","16","30","臺中市","西屯區","0","0","0","8","","","50","","","","","","","","","","","","","","","","","","","","B02","","","1","","2","","","23","","1","22","","B02","24.179035","120.64507","3"
"2019","8","2","16","35","臺中市","潭子區","0","0","0","8","","","40","","","","","","","","","","","","","","","","","","","","B03","","","1","","2","","","19","","1","22","","B03","24.209427","120.692479","3"
"2019","8","2","16","40","臺中市","清水區","0","0","0","8","","","70","","","","","","","","","","","","","","","","","","","","A31","","","1","","2","","","23","","1","10","","A31","24.289496","120.539956","3"
"2019","8","2","16","40","臺中市","大安區","0","2","0","8","1","5","50","4","1","1","5","4","5","7","1","1","10","5","5","2","17","8","2","9","1","1","C03","7","5","1","10","2","12","","8","8","1","22","9","C03","24.368363","120.601889","2"
"2019","8","2","16","43","臺中市","西屯區","0","1","0","8","1","5","50","14","7","1","5","4","5","7","4","4","1","4","4","2","13","23","2","9","3","4","C03","7","9","1","10","2","11","","23","23","1","22","9","C03","24.176203","120.657556","2"
"2019","8","2","16","50","臺中市","西區","0","1","0","8","1","5","50","11","22","1","5","4","5","7","4","4","10","5","5","1","16","17","3","10","1","1","B03","7","6","1","8","2","4","","17","17","1","21","8","B03","24.15028","120.669705","2"
"2019","8","2","16","50","臺中市","南屯區","0","0","0","8","","","50","","","","","","","","","","","","","","","","","","","","B12","","","1","","2","","","7","","1","5","","B12","24.149575","120.624118","3"
"2019","8","2","16","51","臺中市","北屯區","0","0","0","8","","","40","","","","","","","","","","","","","","","","","","","","A11","","","1","","2","","","19","","1","","","A11","24.174315","120.677033","3"
"2019","8","2","16","54","臺中市","北區","0","0","0","8","","","50","","","","","","","","","","","","","","","","","","","","B11","","","1","","2","","","12","","","22","","B11","24.15734","120.68075","3"
"2019","8","2","16","55","臺中市","南屯區","0","0","0","8","","","50","","","","","","","","","","","","","","","","","","","","B03","","","1","","2","","","23","","1","19","","B03","24.137832","120.632164","3"
"2019","8","2","16","58","臺中市","清水區","0","0","0","8","","","50","","","","","","","","","","","","","","","","","","","","B03","","","1","","2","","","6","","1","12","","B03","24.267912","120.539841","3"
"2019","8","2","17","4","臺中市","北區","0","0","0","8","","","30","","","","","","","","","","","","","","","","","","","","B03","","","7","","11","","","23","","1","22","","B03","24.151854","120.683892","3"
"2019","8","2","17","5","臺中市","南區","0","2","0","8","1","5","50","14","9","1","5","4","5","7","4","4","5","5","5","2","17","19","2","9","1","1","C03","7","1","1","10","2","14","","19","19","1","22","8","C03","24.122117","120.660245","2"
"2019","8","2","17","7","臺中市","太平區","0","0","0","8","","","80","","","","","","","","","","","","","","","","","","","","B03","","","1","","2","","","23","","1","","","B03","24.161113","120.718449","3"
"2019","8","2","17","9","臺中市","西屯區","0","0","0","8","","","40","","","","","","","","","","","","","","","","","","","","C03","","","1","","2","","","23","","1","22","","C03","24.18369","120.629407","3"
"2019","8","2","17","10","臺中市","烏日區","0","0","0","8","","","70","","","","","","","","","","","","","","","","","","","","B03","","","1","","2","","","17","","1","21","","B03","24.111476","120.597878","3"
"2019","8","2","17","14","臺中市","西區","0","1","0","8","1","5","50","14","9","1","5","4","5","7","4","4","10","5","5","2","17","40","3","10","1","1","B03","7","15","1","8","2","4","","40","40","1","5","5","B03","24.147278","120.654954","2"
"2019","8","2","17","15","臺中市","清水區","0","0","0","8","","","40","","","","","","","","","","","","","","","12","","","","","B03","","","1","","2","","","12","12","1","21","","B03","24.27279","120.57092","3"
"2019","8","2","17","20","臺中市","東區","0","0","0","8","","","50","","","","","","","","","","","","","","","","","","","","B11","","","1","","2","","","43","","1","22","","B11","24.133308","120.691405","3"
"2019","8","2","17","22","臺中市","西屯區","0","1","0","8","1","5","50","4","1","1","5","4","5","7","4","4","10","5","5","2","16","6","3","10","1","1","B03","7","5","6","18","6","8","","6","6","1","21","8","B03","24.193774","120.594802","2"
"2019","8","2","17","23","臺中市","西屯區","0","0","0","8","","","40","","","","","","","","","","","","","","","43","","","","","C03","","","1","","9","","","43","43","1","21","","C03","24.172156","120.643495","3"
"2019","8","2","17","28","臺中市","西屯區","0","1","0","8","1","5","50","11","9","1","5","4","5","7","4","4","1","5","5","2","29","43","2","9","3","4","C03","7","21","1","10","2","15","","43","43","1","22","8","C03","24.158152","120.646727","2"
"2019","8","2","17","28","臺中市","大雅區","0","0","0","8","","","40","","","","","","","","","","","","","","","","","","","","B03","","","1","","2","","","12","","1","","","B03","24.247167","120.65514","3"
"2019","8","2","17","29","臺中市","潭子區","0","0","0","8","","","60","","","","","","","","","","","","","","","","","","","","B03","","","1","","2","","","23","","1","22","","B03","24.218525","120.70586","3"
"2019","8","2","17","37","臺中市","西屯區","0","1","0","8","1","5","50","4","1","1","5","4","5","7","2","1","10","5","5","2","12","7","3","10","3","4","C03","7","8","1","10","2","12","","7","7","1","22","9","C03","24.166453","120.652433","2"
"2019","8","2","17","38","臺中市","大雅區","0","1","0","8","1","5","50","4","1","1","5","4","5","7","1","1","10","5","5","2","16","6","3","10","1","1","B03","7","6","1","8","2","5","","6","6","1","22","9","B03","24.21806","120.648953","2"
"2019","8","2","17","39","臺中市","西屯區","0","0","0","8","","","40","","","","","","","","","","","","","","","","","","","","B03","","","1","","2","","","12","","1","22","","B03","24.172336","120.645443","3"
"2019","8","2","17","42","臺中市","大甲區","0","0","0","8","1","5","40","14","9","1","5","4","5","7","4","4","10","5","5","1","14","12","","","","","C03","","","1","","2","","","12","12","1","","","C03","24.345823","120.625957","3"
"2019","8","2","17","44","臺中市","潭子區","0","0","0","8","","","50","","","","","","","","","","","","","","","","","","","","B12","","","1","","2","","","42","","1","22","","B12","24.194684","120.702408","3"
"2019","8","2","17","47","臺中市","潭子區","0","1","0","7","1","5","60","14","9","1","5","4","5","7","1","1","9","3","4","1","13","23","2","9","1","1","C03","7","9","1","10","2","11","","23","23","1","22","1","C03","24.204794","120.704562","2"
"2019","8","2","17","49","臺中市","潭子區","0","0","0","8","","","80","","","","","","","","","","","","","","","","","","","","B03","","","1","","2","","","16","","1","22","","B03","24.200458","120.709552","3"
"2019","8","2","17","51","臺中市","龍井區","0","0","0","8","","","70","","","","","","","","","","","","","","","","","","","","B03","","","1","","2","","","23","","1","11","","B03","24.176251","120.543216","3"
"2019","8","2","17","58","臺中市","西屯區","","","","8","","","40","","","","","","","","","","","","","","","","","","","","B03","","","1","","2","","","23","","1","22","","B03","24.166775","120.65001","3"
"2019","8","2","17","58","臺中市","西屯區","0","2","0","8","1","5","40","3","1","1","5","4","5","7","4","4","10","5","5","2","16","6","2","8","3","4","C03","7","5","1","10","2","12","","6","6","1","22","8","C03","24.159085","120.658151","2"
"2019","8","2","18","0","臺中市","梧棲區","0","0","0","8","","","40","","","","","","","","","","","","","","","","","","","","B03","","","1","","2","","","23","","1","9","","B03","24.248009","120.547639","3"
"2019","8","2","18","0","臺中市","神岡區","0","1","0","8","1","5","50","14","8","1","5","4","5","7","4","4","1","4","4","1","16","6","2","9","1","1","C03","7","9","3","18","2","11","","23","6","1","22","8","C03","24.246687","120.685847","2"
"2019","8","2","18","10","臺中市","大里區","0","0","0","6","","","50","","","","","","","","","","","","","","","","","","","","B03","","","1","","2","","","16","","1","12","","B03","24.092871","120.690053","3"
"2019","8","2","18","10","臺中市","大甲區","0","2","0","8","1","5","50","4","1","1","5","4","5","7","4","4","10","5","5","2","17","6","3","10","1","1","B03","7","9","1","8","2","2","","6","6","1","22","9","B03","24.350376","120.62444","2"
"2019","8","2","18","15","臺中市","太平區","0","2","0","6","1","5","40","3","2","1","4","4","5","7","4","4","9","4","5","1","17","42","2","9","1","1","C04","7","9","1","10","2","11","","42","42","1","21","8","C04","24.113431","120.701611","2"
"2019","8","2","18","16","臺中市","北屯區","0","1","0","6","3","5","40","14","8","1","4","4","5","7","4","4","1","3","1","2","13","23","2","9","3","4","C03","7","9","1","10","2","11","","23","23","1","21","8","C03","24.16105","120.729546","2"
"2019","8","2","18","16","臺中市","西屯區","0","0","0","8","","","50","","","","","","","","","","","","","","","","","","","","B03","","","1","","2","","","16","","1","22","","B03","24.170681","120.631326","3"
"2019","8","2","18","18","臺中市","南屯區","0","1","0","7","2","5","40","14","12","1","5","4","5","7","4","4","5","5","4","2","13","23","2","7","1","4","C03","7","9","1","10","2","11","","23","23","1","21","8","C03","24.152369","120.635061","2"
"2019","8","2","18","26","臺中市","西屯區","0","1","0","8","1","5","50","11","8","1","5","4","5","7","4","4","5","4","4","2","17","42","2","9","1","1","C03","7","9","1","10","2","14","","42","42","1","21","8","C03","24.172085","120.651868","2"
"2019","8","2","18","28","臺中市","北屯區","0","1","0","6","2","5","50","14","9","1","4","4","5","6","4","4","1","3","5","2","13","23","3","10","1","1","B03","7","9","1","8","2","1","","23","23","1","21","8","B03","24.163514","120.693503","2"
"2019","8","2","18","30","臺中市","西屯區","0","0","0","8","","","50","","","","","","","","","","","","","","","","","","","","B03","","","3","","2","","","7","","1","21","","B03","24.158894","120.647358","3"
"2019","8","2","18","36","臺中市","南區","0","0","0","6","","","50","","","","","","","","","","","","","","","23","","","","","B03","","","1","","2","","","23","23","1","5","","B03","24.121311","120.66133","3"
"2019","8","2","18","37","臺中市","龍井區","0","1","0","8","1","5","40","4","2","1","5","4","5","7","4","4","10","5","5","2","16","23","3","10","1","1","C03","7","6","1","10","2","14","","23","23","1","12","8","C03","24.20547","120.52935","2"
"2019","8","2","18","42","臺中市","大甲區","0","1","0","8","1","5","50","14","12","1","5","4","5","7","4","4","1","4","4","1","18","23","2","9","1","1","C03","7","9","1","10","2","12","","23","23","1","22","8","C03","24.332969","120.6144","2"
"2019","8","2","18","45","臺中市","西屯區","0","0","0","8","","","40","","","","","","","","","","","","","","","","","","","","B03","","","1","","2","","","12","","1","22","","B03","24.186289","120.615786","3"
"2019","8","2","18","47","臺中市","太平區","0","1","0","8","3","5","50","14","9","1","5","4","5","7","4","4","1","4","5","2","13","16","3","10","1","1","B03","7","9","1","8","2","1","","16","16","1","21","8","B03","24.147175","120.713222","2"
"2019","8","2","18","50","臺中市","西屯區","","","","6","","","50","","","","","","","","","","","","","","","","","","","","B03","","","1","","2","","","23","","1","22","","B03","24.175613","120.639966","3"
"2019","8","2","18","52","臺中市","北屯區","0","1","0","6","3","5","50","4","2","1","4","4","5","7","1","1","1","2","5","2","29","67","","","","","","","","","","","","","67","67","1","","","","24.183648","120.686123","2"
"2019","8","2","18","58","臺中市","北區","0","0","0","","","","","","","","","","","","","","","","","","","","","","","","B03","","","1","","2","","","23","","1","","","B03","24.17286","120.671775","3"
"2019","8","2","19","1","臺中市","西屯區","0","0","0","6","","","40","","","","","","","","","","","","","","","","","","","","B03","","","1","","2","","","16","","1","22","","B03","24.196585","120.647664","3"
"2019","8","2","19","5","臺中市","南區","0","0","0","6","","","50","","","","","","","","","","","","","","","","","","","","B03","","","1","","2","","","23","","1","4","","B03","24.120087","120.650282","3"
"2019","8","2","19","7","臺中市","沙鹿區","0","1","0","7","3","5","50","4","1","1","5","4","5","7","4","4","10","5","5","2","14","12","3","10","1","1","B03","7","2","1","8","2","3","","12","12","1","22","9","B03","24.207383","120.565283","2"
"2019","8","2","19","10","臺中市","沙鹿區","0","1","0","8","3","5","40","3","1","1","5","4","5","7","3","1","1","4","5","1","13","23","2","3","1","1","B12","7","12","1","8","2","8","","23","23","1","3","8","B12","24.251782","120.598076","2"
"2019","8","2","19","10","臺中市","潭子區","0","0","0","6","","","60","","","","","","","","","","","","","","","","","","","","B03","","","1","","2","","","17","","1","22","","B03","24.231205","120.708789","3"
"2019","8","2","19","14","臺中市","西屯區","0","1","0","8","1","5","50","4","1","1","5","4","5","7","1","1","10","5","5","2","13","23","2","9","1","1","C03","7","9","1","10","2","11","","23","23","1","21","8","C03","24.196053","120.647709","2"
"2019","8","2","19","15","臺中市","東區","0","0","0","8","","","50","","","","","","","","","","","","","","","25","","","","","B03","","","1","","2","","","25","25","1","22","","B03","24.150503","120.698357","3"
"2019","8","2","19","15","臺中市","后里區","0","0","0","8","","","50","","","","","","","","","","","","","","","","","","","","B12","","","1","","2","","","42","","1","22","","B12","24.305996","120.715573","3"
"2019","8","2","19","16","臺中市","霧峰區","0","0","0","6","","","40","","","","","","","","","","","","","","","","","","","","B03","","","3","","2","","","17","","1","21","","B03","24.071966","120.662896","3"
"2019","8","2","19","19","臺中市","東區","0","0","0","6","","","50","","","","","","","","","","","","","","","","","","","","B03","","","1","","2","","","23","","1","22","","B03","24.13214","120.698687","3"
"2019","8","2","19","25","臺中市","潭子區","0","0","0","6","","","50","","","","","","","","","","","","","","","23","","","","","B03","","","1","","2","","","23","23","1","22","","B03","24.228523","120.715428","3"
"2019","8","2","19","26","臺中市","后里區","0","2","0","8","4","5","50","14","9","1","5","4","5","7","4","4","5","5","5","1","3","51","2","9","4","4","H01","8","16","8","20","10","16","","51","51","1","22","8","H01","24.314515","120.688688","2"
"2019","8","2","19","36","臺中市","太平區","0","1","0","6","3","5","50","14","9","1","4","4","5","7","4","4","1","4","5","2","18","23","2","9","1","1","C03","7","9","1","10","2","12","","23","23","1","21","8","C03","24.149203","120.71428","2"
"2019","8","2","19","40","臺中市","沙鹿區","0","0","0","8","","","50","","","","","","","","","","","","","","","16","","","","","B03","","","1","","2","","","16","16","","","","B03","24.242908","120.570778","3"
"2019","8","2","19","48","臺中市","西屯區","0","1","0","8","3","5","50","14","9","1","5","4","5","7","4","4","4","1","5","2","13","23","2","7","1","1","C03","7","9","1","10","2","11","","23","23","1","21","8","C03","24.159058","120.64791","2"
"2019","8","2","19","55","臺中市","西區","0","0","0","8","","","50","","","","","","","","","","","","","","","","","","","","B02","","","1","","2","","","6","","1","21","","B02","24.135171","120.66021","3"
"2019","8","2","19","55","臺中市","太平區","0","1","0","6","3","5","50","3","2","1","4","4","5","7","2","1","5","5","4","2","13","16","3","10","1","1","A02","7","6","1","2","2","8","","16","16","1","10","4","A02","24.146597","120.733393","2"
"2019","8","2","19","58","臺中市","北屯區","0","0","0","8","","","50","","","","","","","","","","","","","","","","","","","","B03","","","1","","2","","","23","","1","22","","B03","24.182388","120.716853","3"
"2019","8","2","19","58","臺中市","烏日區","0","0","0","6","","","30","","","","","","","","","","","","","","","","","","","","B02","","","1","","2","","","16","","1","21","","B02","24.114285","120.617685","3"
"2019","8","2","20","0","臺中市","西區","0","1","0","6","3","5","50","4","1","1","4","4","5","7","1","1","10","5","5","2","17","6","3","10","1","1","B03","7","6","1","8","2","15","","6","6","1","5","5","B03","24.148416","120.67418","2"
"2019","8","2","20","5","臺中市","西屯區","0","0","0","8","3","5","50","14","7","1","5","4","5","7","4","4","10","4","5","2","13","23","3","10","3","4","B03","7","9","1","8","9","1","","23","23","2","22","9","B03","24.166442","120.642573","3"
"2019","8","2","20","8","臺中市","潭子區","0","0","0","8","","","60","","","","","","","","","","","","","","","43","4","11","3","4","","7","21","7","19","11","15","","43","43","","22","9","","24.200485","120.710884","3"
"2019","8","2","20","20","臺中市","沙鹿區","0","1","0","8","3","5","50","3","1","1","5","4","5","7","1","1","10","5","5","2","16","9","3","10","1","1","B03","7","6","1","8","2","2","","9","9","1","19","8","B03","24.206752","120.568076","2"
"2019","8","2","20","21","臺中市","西區","0","0","0","8","","","50","","","","","","","","","","","","","","","","","","","","B01","","","1","","2","","","38","","1","5","","B01","24.154369","120.661814","3"
"2019","8","2","20","28","臺中市","大里區","0","2","0","8","3","5","50","14","7","1","5","4","5","7","4","4","5","5","4","1","12","19","3","10","1","1","B01","7","1","1","4","2","8","","19","19","1","21","8","B01","24.106061","120.686406","2"
"2019","8","2","20","34","臺中市","太平區","0","1","0","8","3","5","50","3","1","1","5","4","5","7","3","1","10","5","5","2","14","12","3","10","1","1","B03","7","2","1","8","2","3","","12","12","1","21","8","B03","24.126021","120.712268","2"
"2019","8","2","20","49","臺中市","西屯區","0","1","0","8","3","5","50","14","9","1","5","4","5","7","4","4","5","5","5","1","16","8","3","10","3","4","B03","7","5","1","8","2","1","","8","8","1","22","9","B03","24.175548","120.640066","2"