"年","月","日","時","分","縣市","區","死","受傷","2-30","天候","光線","道路類別","速限","道路型態","事故位置","路面鋪裝","路面狀態","路面缺陷","障礙物","視距","號誌種類","號誌動作","分向設施","快車道或一般車道間","快慢車道間","路面邊線","事故類型及型態","主要肇因","受傷程度","主要傷處","保護裝備","行動電話","當事者區分(類別)","車輛用途","當事者行動狀態","駕駛資格情形","駕駛執照種類","飲酒情形","車輛撞擊部位最初","車輛撞擊部位其他","肇事因素個別","肇事因素主要","肇事逃逸","職業","旅次目的","車種","GPS座標(緯度)","GPS座標(經度)","事故類別"
"2019","8","3","17","10","臺中市","后里區","0","1","0","8","1","5","40","3","1","1","5","4","5","7","4","4","10","5","5","2","12","6","2","9","1","1","C03","7","5","1","10","2","12","","6","6","1","5","5","C03","24.307565","120.725036","2"
"2019","8","3","17","17","臺中市","梧棲區","0","0","0","8","","","70","","","","","","","","","","","","","","","","","","","","B03","","","1","","2","","","23","","1","2","","B03","24.244958","120.549772","3"
"2019","8","3","17","22","臺中市","西區","0","0","0","8","","","40","","","","","","","","","","","","","","","","","","","","B03","","","1","","2","","","7","","1","5","","B03","24.151439","120.665306","3"
"2019","8","3","17","30","臺中市","大甲區","0","1","0","8","1","5","50","14","9","1","5","4","5","7","4","4","5","4","4","1","16","21","2","9","3","4","C03","7","9","1","10","8","11","","21","21","1","21","8","C03","24.356658","120.633815","2"
"2019","8","3","17","40","臺中市","太平區","0","0","0","","","","40","","","","","","","","","","","","","","","","","","","","C03","","","1","","2","","","12","","1","","","C03","24.15","120.7125","3"
"2019","8","3","17","41","臺中市","沙鹿區","0","2","0","8","1","5","50","14","9","1","5","4","5","7","4","4","5","5","5","1","16","4","2","9","1","1","C03","7","1","1","10","2","11","","4","4","1","21","8","C03","24.236769","120.562637","2"
"2019","8","3","17","54","臺中市","北屯區","0","1","0","8","1","5","50","4","1","1","5","4","5","7","1","1","10","5","5","2","17","7","3","10","1","1","B03","7","8","1","8","2","6","","7","7","2","21","8","B03","24.190106","120.673591","2"
"2019","8","3","17","54","臺中市","潭子區","0","0","0","8","","","80","","","","","","","","","","","","","","","","","","","","B03","","","1","","2","","","16","","1","21","","B03","24.200664","120.710728","3"
"2019","8","3","18","2","臺中市","大肚區","0","1","0","8","1","5","40","4","1","1","5","4","5","7","1","1","10","5","5","2","16","19","3","10","1","1","B03","7","1","1","8","2","8","","19","19","1","4","8","B03","24.159468","120.543654","2"
"2019","8","3","18","12","臺中市","西屯區","0","1","0","8","1","5","50","4","1","1","5","4","5","7","1","1","10","5","5","2","13","26","3","10","1","1","B03","7","6","1","8","2","2","","26","26","1","21","8","B03","24.17004","120.631853","2"
"2019","8","3","18","16","臺中市","西屯區","0","0","0","8","","","40","","","","","","","","","","","","","","","","","","","","B03","","","1","","2","","","1","","1","22","","B03","24.162832","120.628646","3"
"2019","8","3","18","25","臺中市","大甲區","0","1","0","8","3","5","40","4","1","1","5","4","5","7","4","4","5","5","5","2","16","6","2","9","1","4","C03","7","9","1","10","2","12","","6","6","1","21","8","C03","24.36872","120.612834","2"
"2019","8","3","18","35","臺中市","潭子區","0","1","0","8","2","8","40","14","9","1","5","4","5","7","4","4","10","5","5","1","27","66","","","","","","","","","","","","","66","66","1","","","","24.220309","120.720111","2"
"2019","8","3","19","0","臺中市","西屯區","0","1","0","8","3","5","60","14","7","1","5","4","5","7","4","4","9","4","4","2","13","23","3","10","1","1","B03","7","9","1","8","2","1","","23","23","1","12","8","B03","24.172693","120.634384","2"
"2019","8","3","19","2","臺中市","外埔區","0","1","0","8","3","5","50","14","9","1","5","4","5","7","4","4","9","5","4","1","14","12","3","10","1","1","B03","7","2","1","8","2","7","","12","12","1","5","5","B03","24.34067","120.641246","2"
"2019","8","3","19","7","臺中市","北區","0","1","0","8","3","5","50","4","1","1","5","4","5","7","4","4","10","5","5","2","16","6","3","10","1","1","B03","7","5","1","8","2","1","","6","6","1","22","8","B03","24.17162","120.66944","2"
"2019","8","3","19","21","臺中市","太平區","0","0","0","8","","","40","","","","","","","","","","","","","","","","","","","","B03","","","1","","2","","","17","","1","22","","B03","24.122976","120.714571","3"
"2019","8","3","19","30","臺中市","烏日區","0","0","0","8","","","40","","","","","","","","","","","","","","","","","","","","B03","","","1","","2","","","23","","1","","","B03","24.111837","120.645666","3"
"2019","8","3","19","33","臺中市","大雅區","0","0","0","8","","","50","","","","","","","","","","","","","","","","","","","","B03","","","1","","2","","","23","","1","","","B03","24.224816","120.64914","3"
"2019","8","3","19","40","臺中市","南區","0","0","0","8","1","5","50","14","9","1","5","4","3","7","4","4","5","5","5","2","14","12","3","10","1","1","B03","7","2","1","8","2","6","","12","12","1","21","8","B03","24.125658","120.67589","3"
"2019","8","3","19","50","臺中市","龍井區","0","1","0","8","3","5","50","14","9","1","5","4","5","7","4","4","5","5","5","2","29","67","","","","","","","","","","","","","67","67","1","","","","24.182095","120.584297","2"
"2019","8","3","19","54","臺中市","北區","0","0","0","8","","","50","","","","","","","","","","","","","","","7","","","","","C03","","","1","10","2","","","7","7","1","","","C03","24.163068","120.676773","3"
"2019","8","3","20","0","臺中市","大雅區","0","0","0","8","","","40","","","","","","","","","","","","","","","","","","","","B03","","","1","","2","","","6","","1","","","B03","24.21263","120.654186","3"
"2019","8","3","20","7","臺中市","大里區","0","1","0","8","4","5","50","4","1","1","5","4","5","7","1","1","10","5","5","2","16","26","2","9","4","5","F01","7","9","8","20","2","16","","26","26","1","15","8","F01","24.095432","120.686829","2"
"2019","8","3","20","9","臺中市","北區","0","3","0","8","3","5","50","3","2","1","5","4","5","7","4","4","5","5","4","2","13","17","2","7","1","1","C03","7","9","1","10","2","11","","17","17","1","21","8","C03","24.15824","120.670483","2"
"2019","8","3","20","19","臺中市","北屯區","0","2","0","8","3","5","50","4","1","1","5","4","5","7","2","1","10","5","5","2","17","43","2","9","3","4","C03","7","15","1","10","2","12","","43","43","1","21","8","C03","24.173986","120.67156","2"
"2019","8","3","20","32","臺中市","北區","0","2","0","8","3","5","50","14","7","1","5","4","5","7","4","4","3","5","4","2","12","7","2","9","1","1","C03","7","10","1","10","2","14","","7","7","1","22","8","C03","24.16386","120.68496","2"
"2019","8","3","20","36","臺中市","北屯區","0","0","0","8","","","50","","","","","","","","","","","","","","","","","","","","B03","","","1","","2","","","42","","1","22","","B03","24.184941","120.664555","3"
"2019","8","3","20","44","臺中市","北區","0","0","0","8","","","50","","","","","","","","","","","","","","","","","","","","B03","","","1","","11","","","12","","1","5","","B03","24.165678","120.66797","3"
"2019","8","3","20","55","臺中市","霧峰區","0","1","0","8","3","5","40","4","1","1","5","4","5","7","1","1","10","5","5","2","29","67","","","","","","","","","","","","","67","67","1","","","","24.038538","120.679773","2"
"2019","8","3","20","55","臺中市","后里區","0","1","0","8","3","5","40","4","1","1","5","4","5","7","1","1","10","5","5","2","16","25","2","9","1","1","C03","7","9","1","10","2","11","","25","25","1","5","5","C03","24.301171","120.678026","2"
"2019","8","3","21","5","臺中市","西屯區","0","1","0","8","3","5","40","14","9","1","5","4","5","7","4","4","9","5","5","2","17","1","2","8","1","1","C03","7","4","1","10","2","14","","1","1","1","12","8","C03","24.165409","120.658431","2"
"2019","8","3","21","11","臺中市","北區","0","3","0","8","1","5","50","14","9","1","5","4","5","7","4","4","9","5","5","2","12","23","2","9","1","1","C03","7","4","1","10","2","12","12","23","23","1","22","9","C03","24.159992","120.692276","2"
"2019","8","3","21","22","臺中市","太平區","0","0","0","8","","","40","","","","","","","","","","","","","","","","","","","","B03","","","1","","2","","","19","","1","21","","B03","24.131142","120.716602","3"
"2019","8","3","21","22","臺中市","龍井區","0","0","0","8","","","60","","","","","","","","","","","","","","","","","","","","B03","","","1","","2","","","16","","1","22","","B03","24.185681","120.586938","3"
"2019","8","3","21","50","臺中市","東區","0","0","0","8","","","50","","","","","","","","","","","","","","","","","","","","B03","","","1","","2","","","23","","1","4","","B03","24.129513","120.699418","3"
"2019","8","3","22","23","臺中市","梧棲區","0","0","0","8","","","50","","","","","","","","","","","","","","","","","","","","B03","","","1","","9","","","23","","","","","B03","24.263498","120.532734","3"
"2019","8","3","22","30","臺中市","中區","0","5","0","8","3","5","50","4","1","1","5","4","5","7","4","4","10","5","5","2","15","6","3","10","3","4","B02","7","9","1","4","2","1","","6","6","1","21","8","B02","24.14612","120.678764","2"
"2019","8","3","22","39","臺中市","西屯區","0","1","0","8","3","5","50","4","1","1","5","4","5","7","2","1","10","5","5","2","16","6","3","10","3","4","B02","7","5","1","8","2","1","","6","6","1","22","8","B02","24.172171","120.637004","2"
"2019","8","3","23","0","臺中市","清水區","0","0","0","","","","40","","","","","","","","","","","","","","","12","","","","","B03","","","1","","2","","","12","12","1","5","","B03","24.275416","120.57746","3"
"2019","8","4","0","32","臺中市","大肚區","0","1","0","8","3","5","40","3","1","1","5","4","5","7","2","1","10","5","5","2","17","26","2","9","1","4","C03","7","5","2","18","2","11","","26","26","1","22","8","C03","24.168291","120.583103","2"
"2019","8","4","0","47","臺中市","北區","0","0","0","8","","","50","","","","","","","","","","","","","","","","","","","","B03","","","1","","2","","","23","","1","","","B03","24.146111","120.684722","3"
"2019","8","4","2","48","臺中市","北區","0","3","0","8","3","5","50","4","1","1","5","4","5","7","3","1","10","5","5","2","15","6","2","9","1","1","C03","7","9","1","10","2","14","","6","6","1","21","8","C03","24.160208","120.689402","2"
"2019","8","4","4","14","臺中市","北區","0","1","0","7","3","5","50","14","5","1","5","4","5","7","4","4","3","4","4","2","23","21","2","9","1","4","C03","7","9","1","10","7","14","","21","21","1","21","8","C03","24.159846","120.685125","2"
"2019","8","4","5","7","臺中市","后里區","0","3","0","8","1","5","50","3","18","1","5","4","5","7","2","1","1","4","4","1","3","22","2","9","1","1","C03","7","9","1","10","2","11","","22","22","1","4","8","C03","24.305833","120.722345","2"
"2019","8","4","5","39","臺中市","東區","1","0","0","8","2","5","50","14","9","1","5","4","5","7","4","4","9","5","5","2","26","21","1","3","1","1","C03","7","9","5","10","7","12","11","21","21","1","5","9","C03","24.128723","120.699772","1"
"2019","8","4","5","45","臺中市","神岡區","0","2","0","8","1","5","40","14","9","1","5","4","5","3","4","4","10","5","5","2","16","19","2","9","1","1","C03","7","1","1","10","2","11","","19","19","1","22","9","C03","24.25817","120.654196","2"
"2019","8","4","6","44","臺中市","北區","0","2","0","8","1","5","50","4","1","1","5","4","5","7","1","1","10","5","5","2","17","25","2","8","1","1","C03","7","6","1","10","2","11","","25","25","1","21","8","C03","24.159229","120.675866","2"
"2019","8","4","6","57","臺中市","南區","0","1","0","8","1","5","50","14","7","1","5","4","5","7","4","4","5","5","4","2","16","7","3","10","1","1","B03","7","7","1","7","2","8","","7","7","1","21","8","B03","24.114785","120.670376","2"
"2019","8","4","6","58","臺中市","梧棲區","0","1","0","8","1","5","40","3","1","1","5","4","5","7","4","4","10","5","5","2","16","6","3","10","1","1","B03","7","6","1","8","2","3","","6","6","1","12","1","B03","24.245327","120.549421","2"
"2019","8","4","7","18","臺中市","沙鹿區","0","1","0","8","1","5","40","15","20","4","5","4","5","7","4","4","10","5","5","2","18","43","2","8","1","4","C03","7","15","1","10","2","12","","43","43","1","22","8","C03","24.238406","120.568248","2"
"2019","8","4","7","34","臺中市","烏日區","0","0","0","8","","","50","","","","","","","","","","","","","","","","","","","","B03","","","1","","2","","","26","","1","19","","B03","24.106349","120.617981","3"
"2019","8","4","7","34","臺中市","新社區","0","0","0","8","","","50","","","","","","","","","","","","","","","","","","","","B03","","","1","","2","","","1","","1","22","","B03","24.182515","120.815846","3"
"2019","8","4","7","44","臺中市","北區","0","0","0","8","","","40","","","","","","","","","","","","","","","","","","","","B03","","","1","","2","","","19","","1","5","","B03","24.15576","120.67648","3"
"2019","8","4","8","10","臺中市","東區","0","1","0","8","1","5","50","4","1","1","5","4","5","7","1","1","10","5","5","2","15","25","2","9","1","1","C03","7","9","1","10","2","11","","25","25","1","22","8","C03","24.142755","120.708694","2"
"2019","8","4","8","19","臺中市","西屯區","0","0","0","","","","","","","","","","","","","","","","","","","43","","","","","B03","","","1","","2","","","43","43","1","22","","B03","24.185745","120.624868","3"
"2019","8","4","8","22","臺中市","北屯區","0","1","0","8","1","5","60","14","9","1","5","4","5","7","4","4","1","4","5","2","12","7","3","10","1","1","B03","7","8","1","3","2","8","","7","7","1","21","8","B03","24.162606","120.721367","2"
"2019","8","4","8","53","臺中市","東區","0","0","0","8","","","50","","","","","","","","","","","","","","","","","","","","B03","","","1","","2","","","6","","1","5","","B03","24.143191","120.697558","3"
"2019","8","4","9","3","臺中市","潭子區","0","0","0","8","","","60","","","","","","","","","","","","","","","","","","","","B03","","","1","","2","","","23","","1","22","","B03","24.218596","120.705873","3"
"2019","8","4","9","4","臺中市","大里區","0","3","0","8","1","5","50","4","1","1","5","4","5","7","1","1","10","5","5","2","15","25","2","9","1","1","C03","7","1","1","10","2","14","","25","25","1","20","9","C03","24.108642","120.686325","2"
"2019","8","4","9","6","臺中市","南區","0","2","0","8","1","5","40","14","8","1","5","4","5","7","4","4","5","5","4","2","13","1","2","8","1","1","C03","7","4","2","18","2","14","","1","1","1","21","8","C03","24.124117","120.676951","2"
"2019","8","4","9","7","臺中市","東勢區","0","1","0","8","1","5","60","14","9","1","5","4","5","7","4","4","4","3","4","1","20","43","2","9","1","1","B12","7","9","1","8","2","5","","43","43","1","22","9","B12","24.295776","120.801296","2"
"2019","8","4","9","30","臺中市","烏日區","0","0","0","8","","","50","","","","","","","","","","","","","","","","","","","","B12","","","1","","2","","","16","","1","5","","B12","24.111825","120.618484","3"
"2019","8","4","9","45","臺中市","北區","0","1","0","8","1","5","50","4","1","1","5","4","5","7","4","4","5","5","5","2","13","16","2","8","1","1","C03","7","12","1","10","2","11","","16","16","1","21","8","C03","24.155903","120.691355","2"
"2019","8","4","9","50","臺中市","東區","0","0","0","8","","","50","","","","","","","","","","","","","","","","","","","","","","","7","","11","","","43","","1","","","","24.147931","120.699346","3"
"2019","8","4","9","54","臺中市","沙鹿區","0","0","0","","","","","","","","","","","","","","","","","","","23","3","10","1","1","B03","7","9","1","8","8","5","","23","23","2","3","8","B03","24.250084","120.58061","3"
"2019","8","4","10","3","臺中市","大雅區","0","0","0","8","","","50","","","","","","","","","","","","","","","","","","","","B03","","","1","","2","","","23","","1","22","","B03","24.234605","120.636838","3"
"2019","8","4","10","25","臺中市","和平區","0","0","0","8","1","7","25","12","9","1","5","4","5","7","4","4","10","5","5","1","17","60","3","10","3","1","B12","7","14","1","8","2","7","","60","60","1","22","8","B12","24.241048","120.907118","4"
"2019","8","4","10","26","臺中市","西區","0","1","0","8","1","5","50","5","1","1","5","4","5","7","1","1","1","1","1","1","16","6","3","10","1","1","B03","7","6","1","8","2","5","","6","6","1","21","8","B03","24.149027","120.671884","2"
"2019","8","4","10","35","臺中市","后里區","0","3","0","8","1","5","50","4","1","1","5","4","5","7","3","1","10","5","5","2","16","6","2","9","1","1","C03","7","5","1","10","2","11","","6","6","1","21","8","C03","24.303365","120.713918","2"
"2019","8","4","10","44","臺中市","北區","0","2","0","8","1","5","50","4","1","1","5","4","5","7","1","1","10","5","5","2","16","25","2","9","1","4","C03","7","5","1","10","2","12","","25","25","1","5","8","C03","24.160322","120.685107","2"
"2019","8","4","10","48","臺中市","潭子區","0","0","0","8","1","5","50","14","9","1","5","4","5","7","3","1","8","4","5","1","17","","","","","","B03","","","1","","2","","","13","","1","22","","B03","24.218313","120.693546","3"
"2019","8","4","10","49","臺中市","梧棲區","0","2","0","8","1","5","40","4","1","1","5","4","5","7","1","1","10","5","5","2","16","23","2","9","3","4","C03","7","5","1","10","2","14","","8","23","1","7","9","C03","24.244331","120.552156","2"
"2019","8","4","10","50","臺中市","中區","0","1","0","8","1","5","50","4","1","1","5","4","5","7","2","1","10","5","5","2","16","6","2","9","1","1","C03","7","6","1","10","2","11","","6","6","1","20","8","C03","24.141717","120.675542","2"
"2019","8","4","11","7","臺中市","北區","0","1","0","8","1","5","50","4","1","1","5","4","5","7","1","1","5","4","4","2","12","8","3","10","1","1","B03","7","5","3","18","2","8","","8","8","1","21","8","B03","24.148317","120.683387","2"
"2019","8","4","11","8","臺中市","北區","0","1","0","8","1","5","50","14","9","1","5","4","5","7","4","4","5","2","5","2","17","40","3","10","1","1","B03","7","13","1","8","2","4","","40","40","1","5","7","B03","24.16028","120.666","2"
"2019","8","4","11","8","臺中市","清水區","0","0","0","8","","","50","","","","","","","","","","","","","","","","","","","","B03","","","1","","2","","","18","","1","21","","B03","24.271851","120.57432","3"
"2019","8","4","11","23","臺中市","西屯區","0","0","0","8","","","40","","","","","","","","","","","","","","","19","","","","","B03","","","1","","2","","","19","19","1","22","","B03","24.164315","120.645981","3"
"2019","8","4","11","24","臺中市","神岡區","0","0","0","","","","","","","","","","","","","","","","","","","","","","","","B12","","","1","","2","","","19","","1","21","","B12","","","3"
"2019","8","4","11","25","臺中市","大雅區","0","0","0","8","","","50","","","","","","","","","","","","","","","","","","","","B03","","","1","","1","","","16","","1","","","B03","24.220619","120.647564","3"
"2019","8","4","11","26","臺中市","北屯區","0","1","0","8","1","5","50","3","1","1","5","4","5","7","1","1","10","5","5","2","17","6","3","10","1","1","B03","7","6","1","8","2","5","","6","6","1","21","8","B03","24.170205","120.699321","2"
"2019","8","4","11","32","臺中市","西屯區","0","0","0","8","","","60","","","","","","","","","","","","","","","","","","","","B03","","","1","","2","","","23","","","","","B03","24.173725","120.63344","3"
"2019","8","4","11","33","臺中市","西區","0","1","0","8","1","5","50","4","1","1","5","4","5","7","1","1","10","5","5","2","11","4","3","10","1","1","C03","7","11","1","10","2","12","","4","4","1","21","8","C03","24.148862","120.655176","2"
"2019","8","4","11","43","臺中市","太平區","0","1","0","8","1","5","50","4","1","1","5","4","5","7","1","1","10","5","5","2","17","26","2","9","1","1","C04","7","5","1","11","2","14","","26","26","1","21","8","C04","24.133171","120.73607","2"
"2019","8","4","11","45","臺中市","龍井區","0","0","0","","","","","","","","","","","","","","","","","","","","","","","","C03","","","1","","2","","","23","","1","22","","C03","24.18451","120.585046","3"
"2019","8","4","11","45","臺中市","沙鹿區","0","2","0","8","1","5","40","14","8","1","5","4","5","7","4","4","1","4","1","1","17","42","2","9","1","1","C03","7","9","1","10","2","11","","42","42","1","18","8","C03","24.240783","120.559968","2"
"2019","8","4","11","52","臺中市","北區","0","1","0","8","1","5","50","14","7","1","5","4","5","7","4","4","5","5","4","2","16","26","3","10","3","4","B03","7","11","1","8","2","5","","26","26","1","5","8","B03","24.159212","120.680539","2"
"2019","8","4","11","57","臺中市","西屯區","0","1","0","8","1","5","50","3","2","1","5","4","5","7","2","1","5","4","4","2","16","10","3","10","3","4","B03","7","11","1","8","2","8","","10","10","1","22","8","B03","24.175018","120.648713","2"
"2019","8","4","12","0","臺中市","西區","0","1","0","8","1","5","50","14","9","1","5","4","5","7","4","4","5","4","5","2","12","7","2","9","1","1","C03","7","7","1","10","2","14","","7","7","1","22","9","C03","24.150875","120.655453","2"
"2019","8","4","12","4","臺中市","后里區","0","2","0","8","1","5","50","4","1","1","5","4","5","7","1","1","10","5","5","2","16","6","2","9","1","1","C03","7","6","1","10","2","12","","6","6","1","21","8","C03","24.312898","120.696663","2"
"2019","8","4","12","7","臺中市","太平區","0","1","0","8","1","5","40","14","9","1","5","4","5","7","4","4","10","5","5","2","18","42","2","9","4","5","F01","7","9","8","20","2","16","","42","42","1","19","5","F01","24.1431","120.719245","2"
"2019","8","4","12","14","臺中市","北區","0","0","0","8","","","50","","","","","","","","","","","","","","","","","","","","A02","","","1","","2","","","17","","1","","","A02","24.154104","120.68432","3"
"2019","8","4","12","27","臺中市","北區","0","0","0","8","","","50","","","","","","","","","","","","","","","","","","","","B12","","","1","","2","","","23","","1","5","","B12","24.16148","120.68214","3"
"2019","8","4","12","29","臺中市","北區","0","0","0","8","","","50","","","","","","","","","","","","","","","","","","","","B03","","","1","","2","","","6","","1","5","","B03","24.159882","120.695945","3"
"2019","8","4","12","30","臺中市","石岡區","0","1","0","8","1","5","70","14","13","1","5","4","5","7","4","4","1","4","4","1","26","23","2","7","1","1","B03","7","9","1","8","2","5","","23","23","1","21","8","B03","24.274108","120.779858","2"
"2019","8","4","12","36","臺中市","沙鹿區","0","0","0","8","","","50","","","","","","","","","","","","","","","","","","","","B03","","","1","","2","","","19","","1","2","","B03","24.241791","120.565048","3"
"2019","8","4","12","39","臺中市","潭子區","0","0","0","8","","","50","","","","","","","","","","","","","","","","","","","","B03","","","1","","2","","","23","","1","22","","B03","24.207093","120.706672","3"
"2019","8","4","12","51","臺中市","西屯區","0","1","0","8","1","5","40","4","1","1","5","4","5","7","1","1","10","5","5","2","16","25","2","9","1","1","B03","7","5","1","8","2","5","","25","25","1","21","8","B03","24.172126","120.633254","2"
"2019","8","4","13","0","臺中市","中區","0","0","0","8","","","50","","","","","","","","","","","","","","","","","","","","B12","","","1","","2","","","12","","1","20","","B12","24.142519","120.678833","3"
"2019","8","4","13","0","臺中市","大里區","0","1","0","8","1","5","50","14","7","1","5","4","5","7","2","1","1","1","4","1","17","17","3","10","1","1","B12","7","9","1","8","2","15","","17","17","1","4","5","B12","24.114575","120.678916","2"
"2019","8","4","13","4","臺中市","東區","0","1","0","8","1","5","50","3","1","1","5","4","5","7","1","1","10","5","5","2","18","23","2","9","1","1","C03","7","9","4","8","2","12","","23","23","1","22","8","C03","24.151627","120.694453","2"
"2019","8","4","13","10","臺中市","南屯區","0","1","0","8","1","5","50","4","1","1","5","4","5","7","2","1","10","5","5","2","16","6","3","10","1","1","B03","7","6","1","8","2","2","","6","6","1","22","9","B03","24.145031","120.623741","2"
"2019","8","4","13","13","臺中市","北區","0","1","0","8","1","5","50","4","1","1","5","4","5","7","4","4","5","4","5","2","16","6","3","10","1","1","B03","7","9","1","8","2","4","","6","6","1","21","8","B03","24.146207","120.676726","2"
"2019","8","4","13","25","臺中市","西區","0","1","0","8","1","5","50","4","1","1","5","4","5","7","1","1","10","5","5","2","16","10","3","10","1","1","B03","7","11","1","8","2","5","","10","10","1","22","9","B03","24.150936","120.664973","2"
"2019","8","4","13","25","臺中市","太平區","0","1","0","8","1","5","50","4","1","1","5","4","5","7","1","1","10","5","5","2","16","1","2","9","1","1","C03","7","5","2","18","2","12","","1","1","1","21","8","C03","24.136034","120.715615","2"
"2019","8","4","13","25","臺中市","東勢區","0","3","0","8","1","5","50","14","9","1","5","4","5","7","4","4","5","5","5","1","17","40","3","10","1","1","B03","7","13","1","8","2","4","","40","40","1","9","8","B03","24.256763","120.828904","2"
"2019","8","4","13","26","臺中市","大雅區","0","1","0","8","1","5","40","3","1","1","5","4","5","7","4","4","10","5","5","2","17","6","3","10","1","1","B03","7","6","1","8","2","8","","6","6","1","22","9","B03","24.216512","120.651847","2"
"2019","8","4","13","32","臺中市","西屯區","0","0","0","8","","","50","","","","","","","","","","","","","","","23","","","","","B03","","","1","","2","","","23","23","1","22","","B03","24.167915","120.637276","3"
"2019","8","4","13","46","臺中市","西屯區","0","0","0","8","","","50","","","","","","","","","","","","","","","","","","","","B03","","","1","","2","","","6","","1","","","B03","24.195442","120.648063","3"
"2019","8","4","13","58","臺中市","北屯區","0","0","0","8","","","40","","","","","","","","","","","","","","","","","","","","B03","","","1","","2","","","23","","1","22","","B03","24.186851","120.727166","3"
"2019","8","4","14","0","臺中市","東區","0","0","0","8","","","50","","","","","","","","","","","","","","","23","","","","","B03","","","1","8","2","","","23","23","1","5","","B03","24.142599","120.710503","3"
"2019","8","4","14","0","臺中市","潭子區","0","1","0","8","1","5","50","14","9","1","5","4","5","7","4","4","8","3","5","1","16","23","2","9","3","1","C03","7","9","1","10","2","11","","23","23","1","22","9","C03","24.216281","120.709226","2"
"2019","8","4","14","2","臺中市","龍井區","0","1","0","8","1","5","40","4","1","1","5","4","5","7","1","1","10","5","5","2","12","9","3","10","1","1","B03","7","6","1","8","2","6","","9","9","1","19","8","B03","24.216596","120.521718","2"
"2019","8","4","14","7","臺中市","北區","0","0","0","8","","","50","","","","","","","","","","","","","","","","","","","","B03","","","1","","2","","","23","","1","","","B03","24.167732","120.67668","3"
"2019","8","4","14","9","臺中市","北區","0","0","0","8","1","5","50","4","1","1","5","4","5","7","1","1","1","2","5","2","16","6","3","10","1","1","B03","7","5","1","8","2","2","","6","6","1","21","8","B03","24.16504","120.684964","3"
"2019","8","4","14","12","臺中市","神岡區","0","0","0","8","","","50","","","","","","","","","","","","","","","","","","","","B03","","","1","","2","","","12","","1","22","","B03","24.271306","120.657451","3"
"2019","8","4","14","13","臺中市","霧峰區","0","0","0","8","","","50","","","","","","","","","","","","","","","","","","","","B03","","","1","","2","","","18","","1","21","","B03","24.071003","120.708107","3"
"2019","8","4","14","15","臺中市","潭子區","0","0","0","8","","","50","","","","","","","","","","","","","","","","","","","","B03","","","1","","2","","","12","","1","","","B03","24.201101","120.704085","3"
"2019","8","4","14","19","臺中市","沙鹿區","0","1","0","8","1","5","50","4","1","1","5","4","5","7","1","1","10","5","5","2","3","15","3","10","1","1","B03","7","5","1","8","2","8","","15","15","1","20","8","B03","24.239459","120.564795","2"
"2019","8","4","14","20","臺中市","南區","0","0","0","","","","","","","","","","","","","","","","","","","","","","","","B03","","","1","","2","","","23","","1","22","","B03","24.129877","120.682694","3"
"2019","8","4","14","25","臺中市","梧棲區","0","0","0","8","","","70","","","","","","","","","","","","","","","","","","","","B03","","","1","","2","","","23","","1","2","","B03","24.242545","120.556456","3"
"2019","8","4","14","36","臺中市","西區","0","0","0","8","","","50","","","","","","","","","","","","","","","14","","","","","B03","","","1","","2","","","6","14","1","21","","B03","24.148992","120.658878","3"
"2019","8","4","14","39","臺中市","梧棲區","0","1","0","8","1","5","70","4","1","1","5","4","5","7","1","1","10","5","5","2","16","9","3","10","1","1","B03","7","6","1","8","2","6","","9","9","1","2","8","B03","24.249968","120.536025","2"
"2019","8","4","14","43","臺中市","龍井區","0","1","0","8","1","5","50","3","1","1","5","4","5","7","4","4","10","5","5","2","16","6","2","8","1","1","C03","7","5","1","10","2","12","","6","6","1","21","8","C03","24.190849","120.593184","2"
"2019","8","4","14","44","臺中市","沙鹿區","0","1","0","8","1","5","50","5","1","1","5","4","5","7","2","1","10","5","5","2","17","23","3","10","1","1","B12","7","6","1","8","2","1","","23","23","1","21","8","B12","24.221606","120.579552","2"
"2019","8","4","14","45","臺中市","中區","0","0","0","8","","","40","","","","","","","","","","","","","","","","","","","","C03","","","1","","2","","","7","","1","2","","C03","24.143651","120.673094","3"
"2019","8","4","14","45","臺中市","東區","0","2","0","8","1","5","50","4","1","1","5","4","5","7","2","1","5","2","5","2","15","25","2","9","1","1","C03","7","9","1","10","2","12","","25","25","1","21","8","C03","24.134439","120.682949","2"
"2019","8","4","15","0","臺中市","太平區","0","0","0","8","","","40","","","","","","","","","","","","","","","","","","","","C03","","","7","","11","","","43","","1","22","","C03","24.11916","120.716898","3"
"2019","8","4","15","12","臺中市","西屯區","0","2","0","8","1","5","50","3","1","1","5","4","5","7","1","1","9","4","5","2","3","15","3","10","1","1","B03","7","5","1","10","2","1","","15","15","1","12","8","B03","24.162033","120.635018","2"
"2019","8","4","15","13","臺中市","東勢區","0","1","0","6","1","5","50","3","1","1","3","4","5","7","4","4","10","5","5","2","17","6","3","10","1","1","B03","7","5","1","8","2","5","","6","6","1","9","8","B03","24.26143","120.824178","2"
"2019","8","4","15","14","臺中市","大里區","0","2","0","8","1","5","50","3","2","1","5","4","5","7","4","4","10","5","5","1","12","6","3","10","1","1","B03","7","5","1","8","2","4","","6","6","1","22","9","B03","24.09086","120.693262","2"
"2019","8","4","15","17","臺中市","西區","0","0","0","8","","","50","","","","","","","","","","","","","","","","","","","","B03","","","1","","2","","","23","","1","21","","B03","24.137296","120.659984","3"
"2019","8","4","15","22","臺中市","西屯區","0","0","0","8","","","50","","","","","","","","","","","","","","","","","","","","B03","","","1","","2","","","17","","1","","","B03","24.200963","120.658734","3"