"年","月","日","時","分","縣市","區","死","受傷","2-30","天候","光線","道路類別","速限","道路型態","事故位置","路面鋪裝","路面狀態","路面缺陷","障礙物","視距","號誌種類","號誌動作","分向設施","快車道或一般車道間","快慢車道間","路面邊線","事故類型及型態","主要肇因","受傷程度","主要傷處","保護裝備","行動電話","當事者區分(類別)","車輛用途","當事者行動狀態","駕駛資格情形","駕駛執照種類","飲酒情形","車輛撞擊部位最初","車輛撞擊部位其他","肇事因素個別","肇事因素主要","肇事逃逸","職業","旅次目的","車種","GPS座標(緯度)","GPS座標(經度)","事故類別"
"2019","8","4","15","25","臺中市","太平區","0","1","0","7","1","5","40","3","1","1","5","4","5","7","4","4","10","5","5","2","16","6","3","10","1","1","B03","7","5","1","8","2","4","","6","6","1","21","8","B03","24.145055","120.734408","2"
"2019","8","4","15","26","臺中市","東勢區","0","0","0","6","","","50","","","","","","","","","","","","","","","","","","","","B03","","","1","","2","","","12","","1","5","","B03","24.262435","120.8245","3"
"2019","8","4","15","29","臺中市","北屯區","0","1","0","8","1","5","50","14","20","1","5","4","5","7","4","4","1","4","5","2","17","4","3","10","1","1","C03","7","9","1","10","8","11","14","4","4","1","21","8","C03","24.171796","120.688288","2"
"2019","8","4","15","33","臺中市","北區","0","0","0","8","","","50","","","","","","","","","","","","","","","","","","","","B03","","","1","","2","","","17","","1","22","","B03","24.158794","120.697563","3"
"2019","8","4","15","54","臺中市","西屯區","0","1","0","8","1","5","50","14","8","1","5","4","5","7","4","4","5","4","4","2","16","9","3","10","1","1","B03","7","6","1","8","2","5","","9","9","1","21","8","B03","24.170905","120.649009","2"
"2019","8","4","15","55","臺中市","北屯區","0","0","0","8","","","50","","","","","","","","","","","","","","","","","","","","B03","","","1","","2","","","26","","1","22","","B03","24.192831","120.671425","3"
"2019","8","4","15","57","臺中市","大里區","0","1","0","8","1","5","50","11","9","1","5","4","5","7","4","4","10","4","5","1","16","7","2","9","1","1","C03","7","7","1","10","2","14","","7","7","1","3","8","C03","24.095339","120.687407","2"
"2019","8","4","16","0","臺中市","北區","0","0","0","8","","","50","","","","","","","","","","","","","","","","","","","","B12","","","1","","11","","","23","","1","22","","B12","24.159785","120.694858","3"
"2019","8","4","16","2","臺中市","西區","0","1","0","8","1","5","50","4","1","1","5","4","5","7","2","1","10","5","5","2","17","42","3","10","1","1","C03","7","9","1","10","2","12","","23","42","1","22","9","C03","24.142675","120.674271","2"
"2019","8","4","16","2","臺中市","西屯區","0","0","0","8","","","50","","","","","","","","","","","","","","","26","","","","","B03","","","1","","2","","","26","26","1","","","B03","24.158555","120.655455","3"
"2019","8","4","16","22","臺中市","東區","0","1","0","6","1","5","50","11","7","1","4","4","5","7","4","4","9","4","5","2","16","23","3","10","1","1","B03","7","13","1","4","9","2","","38","23","1","5","8","B03","24.124998","120.69088","2"
"2019","8","4","16","22","臺中市","潭子區","0","1","0","6","1","5","60","14","9","1","4","4","5","7","3","1","10","4","5","1","11","6","3","10","1","1","B12","7","5","1","6","2","6","","6","6","1","22","1","B12","24.227125","120.708006","2"
"2019","8","4","16","25","臺中市","沙鹿區","0","0","0","8","","","50","","","","","","","","","","","","","","","","","","","","B03","","","1","","2","","","12","","1","6","","B03","24.243601","120.565186","3"
"2019","8","4","16","26","臺中市","西屯區","0","1","0","8","1","5","50","4","2","1","5","4","5","7","1","1","10","5","5","2","17","43","3","10","1","1","B12","7","9","1","8","2","5","","43","43","1","21","8","B12","24.157243","120.657268","2"
"2019","8","4","16","28","臺中市","北區","0","1","0","6","1","5","50","14","9","1","4","4","5","7","4","4","5","5","5","2","2","23","3","10","3","4","B03","7","9","1","8","2","5","5","23","23","1","22","9","B03","24.149203","120.684979","2"
"2019","8","4","16","28","臺中市","太平區","0","1","0","6","1","7","80","14","9","1","4","4","5","7","4","4","2","3","5","1","13","23","3","10","1","1","B12","7","9","1","8","2","5","","23","23","1","4","5","B12","24.154164","120.716909","2"
"2019","8","4","16","35","臺中市","北區","0","1","0","8","1","5","50","4","1","1","4","4","5","7","1","1","5","5","4","2","16","25","3","10","1","1","B03","7","5","1","8","2","2","","25","25","1","21","8","B03","24.164917","120.669227","2"
"2019","8","4","16","35","臺中市","太平區","0","1","0","6","1","5","50","14","9","1","4","4","5","7","4","4","5","5","5","1","13","16","2","9","1","1","F03","7","9","8","20","2","16","","16","16","1","21","8","F03","24.134889","120.731196","2"
"2019","8","4","16","38","臺中市","北屯區","0","1","0","6","1","5","50","4","1","1","4","4","5","7","4","4","5","5","5","2","16","4","2","9","1","1","C03","7","5","3","18","2","12","","4","4","1","22","8","C03","24.185274","120.699188","2"
"2019","8","4","16","40","臺中市","北區","0","2","0","6","1","5","50","4","1","1","4","4","5","7","4","4","10","5","5","2","16","6","3","10","1","1","B03","7","6","1","8","2","5","","6","6","1","22","8","B03","24.17121","120.67903","2"
"2019","8","4","16","41","臺中市","北屯區","0","1","0","6","1","5","40","14","7","1","4","4","5","7","4","4","1","4","4","2","18","23","2","9","1","1","C03","7","9","1","10","2","14","","23","23","1","5","8","C03","24.186246","120.702328","2"
"2019","8","4","16","43","臺中市","北區","0","1","0","6","1","5","50","4","1","1","4","4","5","7","1","1","10","5","5","2","16","6","3","10","1","1","B03","7","6","1","1","2","6","","6","6","1","22","8","B03","24.159216","120.670506","2"
"2019","8","4","16","46","臺中市","北屯區","0","0","0","8","","","50","","","","","","","","","","","","","","","","","","","","B03","","","1","","2","","","16","","1","21","","B03","24.189238","120.66213","3"
"2019","8","4","16","48","臺中市","石岡區","0","1","0","7","1","5","70","14","13","1","3","1","5","7","4","4","3","5","5","1","18","43","2","9","1","1","C03","7","9","1","10","2","15","","43","43","1","22","8","C03","24.27599","120.76818","2"
"2019","8","4","16","53","臺中市","龍井區","0","1","0","8","1","5","40","4","2","1","5","4","5","7","4","4","10","5","5","2","16","6","3","10","1","1","B03","7","5","1","8","2","1","","6","6","1","12","8","B03","24.185185","120.529426","2"
"2019","8","4","16","58","臺中市","南區","0","1","0","8","1","5","50","14","9","1","5","4","5","7","4","4","3","4","5","2","17","40","3","10","1","1","B03","7","14","1","10","2","2","","40","40","1","22","8","B03","24.117288","120.658095","2"
"2019","8","4","16","58","臺中市","大里區","0","0","0","8","","","60","","","","","","","","","","","","","","","","","","","","B03","","","1","","11","","","23","","1","22","","B03","24.104648","120.679504","4"
"2019","8","4","16","59","臺中市","北區","0","0","0","8","","","50","","","","","","","","","","","","","","","16","","","","","B03","","","1","8","2","","","16","16","1","","","B03","24.14762","120.685417","3"
"2019","8","4","17","0","臺中市","北屯區","0","0","0","6","","","60","","","","","","","","","","","","","","","","","","","","B03","","","1","","2","","","23","","1","22","","B03","24.190713","120.672838","3"
"2019","8","4","17","2","臺中市","西區","0","0","0","8","","","40","","","","","","","","","","","","","","","","","","","","B12","","","1","","2","","","9","","1","8","","B12","24.14555","120.663063","3"
"2019","8","4","17","6","臺中市","外埔區","0","0","0","","","","","","","","","","","","","","","","","","","19","","","","","B03","","","1","","2","","","19","19","1","22","","B03","24.341945","120.638417","3"
"2019","8","4","17","9","臺中市","大雅區","0","0","0","8","","","50","","","","","","","","","","","","","","","","","","","","B03","","","1","","2","","","23","","1","","","B03","24.219297","120.641079","3"
"2019","8","4","17","14","臺中市","西屯區","0","1","0","8","1","5","50","4","1","1","5","4","5","7","1","1","4","3","4","2","16","26","3","10","1","1","B03","7","5","1","8","2","2","","26","26","1","21","8","B03","24.16899","120.660338","2"
"2019","8","4","17","30","臺中市","北屯區","0","0","0","","","","","","","","","","","","","","","","","","","","","","","","B03","","","1","","2","","","7","","1","22","","B03","24.179708","120.740898","3"
"2019","8","4","17","34","臺中市","大雅區","0","1","0","8","1","5","50","4","1","1","5","4","5","7","1","1","5","5","5","1","18","23","2","7","1","1","C03","7","4","1","10","2","15","","23","23","1","21","8","C03","24.22661","120.64828","2"
"2019","8","4","17","42","臺中市","北屯區","0","0","0","8","","","50","","","","","","","","","","","","","","","","","","","","B03","","","1","","2","","","23","","1","","","B03","24.162868","120.720271","3"
"2019","8","4","17","42","臺中市","西屯區","0","1","0","8","1","5","50","14","8","1","2","4","5","7","4","4","9","4","4","2","12","7","3","10","1","1","B03","7","8","1","8","2","2","","7","7","1","12","8","B03","24.195697","120.658123","2"
"2019","8","4","17","47","臺中市","西區","0","0","0","8","","","50","","","","","","","","","","","","","","","","","","","","B03","","","1","","2","","","9","","1","","","B03","24.1536","120.653033","3"
"2019","8","4","17","47","臺中市","西屯區","0","1","0","8","1","5","50","5","1","1","5","4","5","7","1","1","10","5","5","2","12","43","3","10","1","1","C03","7","5","1","10","2","13","","43","43","1","21","8","C03","24.174107","120.633732","2"
"2019","8","4","17","52","臺中市","太平區","0","0","0","8","","","40","","","","","","","","","","","","","","","","","","","","C03","","","1","","2","","","18","","1","","","C03","24.152222","120.7175","3"
"2019","8","4","17","58","臺中市","后里區","0","0","0","8","1","5","50","4","2","1","5","4","5","7","1","1","1","4","4","1","13","16","3","10","1","1","B03","7","9","1","8","2","1","","16","16","1","21","8","B03","24.312118","120.723185","3"
"2019","8","4","18","16","臺中市","西區","0","0","0","8","","","50","","","","","","","","","","","","","","","","","","","","B03","","","1","","2","","","23","","1","21","","B03","24.148541","120.66836","3"
"2019","8","4","18","26","臺中市","北屯區","0","2","0","8","3","5","50","14","7","1","5","4","5","7","4","4","10","5","4","2","16","6","2","9","1","1","C03","7","5","1","10","2","12","","6","6","1","21","8","C03","24.178528","120.670576","2"
"2019","8","4","18","27","臺中市","大雅區","0","1","0","8","1","5","50","4","1","1","5","4","5","7","1","1","3","4","4","1","15","25","3","10","1","1","C03","7","9","1","10","2","12","","25","25","1","21","8","C03","24.206204","120.62904","2"
"2019","8","4","18","34","臺中市","梧棲區","0","0","0","8","","","40","","","","","","","","","","","","","","","","","","","","B03","","","1","","2","","","6","","","","","B03","24.258987","120.555588","3"
"2019","8","4","18","52","臺中市","西屯區","0","0","0","8","","","50","","","","","","","","","","","","","","","","","","","","B03","","","1","","2","","","23","","1","","","B03","24.174379","120.648176","3"
"2019","8","4","19","2","臺中市","西屯區","0","0","0","8","3","5","50","14","8","1","5","4","5","7","4","4","9","4","4","2","16","23","3","10","3","4","B03","7","9","1","8","9","5","","23","23","2","22","9","B03","24.171321","120.636868","3"
"2019","8","4","19","8","臺中市","北區","0","0","0","8","","","50","","","","","","","","","","","","","","","","","","","","B03","","","1","","2","","","23","","1","21","","B03","24.149861","120.681182","3"
"2019","8","4","19","14","臺中市","西屯區","0","1","0","8","1","5","50","14","8","1","5","4","5","7","4","4","1","4","5","2","13","16","2","9","1","1","C03","7","9","1","10","2","11","","16","16","1","21","8","C03","24.180838","120.620061","2"
"2019","8","4","19","19","臺中市","東區","0","1","0","7","3","5","40","14","7","1","5","4","5","7","4","4","9","4","5","2","3","52","3","10","1","1","C03","7","9","1","10","2","15","","23","52","1","5","8","C03","24.136343","120.688211","2"
"2019","8","4","19","29","臺中市","沙鹿區","0","2","0","8","3","5","40","3","1","1","5","4","5","7","4","4","10","5","5","2","17","6","3","10","1","1","B03","7","6","1","8","2","2","","6","6","1","21","8","B03","24.22904","120.572706","2"
"2019","8","4","19","30","臺中市","大雅區","0","0","0","8","","","50","","","","","","","","","","","","","","","","","","","","C03","","","1","","2","","","1","","1","21","","C03","24.227869","120.651891","3"
"2019","8","4","19","40","臺中市","南屯區","0","2","0","8","3","5","50","14","9","1","5","4","5","7","4","4","1","4","5","2","13","13","2","5","1","4","C03","7","9","1","10","2","11","","13","13","1","21","8","C03","24.140071","120.651666","2"
"2019","8","4","19","43","臺中市","西屯區","0","2","0","8","3","5","50","3","1","1","5","4","5","7","3","1","10","5","5","2","13","23","3","10","1","1","B03","7","9","1","8","2","1","","23","23","1","21","8","B03","24.190044","120.610667","2"
"2019","8","4","19","43","臺中市","太平區","0","0","0","8","","","50","","","","","","","","","","","","","","","","","","","","B12","","","1","","2","","","12","","1","21","","B12","24.157929","120.720851","3"
"2019","8","4","19","44","臺中市","大雅區","0","0","0","8","","","50","","","","","","","","","","","","","","","","","","","","B03","","","1","","2","","","19","","1","","","B03","24.225624","120.64537","3"
"2019","8","4","19","50","臺中市","西區","0","0","0","8","","","40","","","","","","","","","","","","","","","23","","","","","B03","","","1","","2","","","23","23","1","2","","B03","24.150144","120.660072","3"
"2019","8","4","19","50","臺中市","大雅區","0","0","0","8","","","50","","","","","","","","","","","","","","","","","","","","B03","","","1","","2","","","23","","1","","","B03","24.227348","120.650622","3"
"2019","8","4","19","59","臺中市","梧棲區","0","2","0","8","3","5","70","4","1","1","5","4","5","7","1","1","10","5","5","2","16","6","2","9","3","4","C03","7","9","1","10","2","14","","14","6","1","21","8","C03","24.219278","120.542464","2"
"2019","8","4","20","10","臺中市","西屯區","0","0","0","8","","","50","","","","","","","","","","","","","","","","","","","","B03","","","1","","1","","","12","","2","","","B03","24.159363","120.639236","3"
"2019","8","4","20","12","臺中市","西屯區","0","1","0","8","3","5","40","3","1","1","5","4","5","7","1","1","10","5","5","2","13","23","2","8","1","1","C03","7","9","1","10","2","11","","23","23","1","21","8","C03","24.183858","120.614055","2"
"2019","8","4","20","18","臺中市","西區","0","0","0","8","","","50","","","","","","","","","","","","","","","","","","","","B03","","","1","","2","","","23","","1","21","","B03","24.133101","120.66986","3"
"2019","8","4","20","25","臺中市","沙鹿區","0","0","0","8","","","40","","","","","","","","","","","","","","","19","","","","","B03","","","1","","9","","","19","19","2","21","","B03","24.213474","120.581951","3"
"2019","8","4","20","39","臺中市","潭子區","0","0","0","8","","","50","","","","","","","","","","","","","","","","","","","","B03","","","1","","1","","","11","","1","22","","B03","24.200616","120.727408","3"
"2019","8","4","20","55","臺中市","潭子區","0","1","0","8","3","5","50","4","1","1","5","4","5","7","1","1","5","5","4","2","16","6","3","10","1","1","B03","7","5","1","8","2","1","","6","6","1","6","8","B03","24.222933","120.691491","2"
"2019","8","4","21","5","臺中市","大雅區","0","0","0","8","","","50","","","","","","","","","","","","","","","","","","","","B03","","","1","","2","","","23","","1","22","","B03","24.22666","120.64457","3"
"2019","8","4","21","14","臺中市","東區","0","2","0","8","3","5","50","5","1","1","5","4","5","7","1","1","10","5","5","2","17","13","2","9","1","1","C03","7","9","1","10","2","11","","13","13","1","21","8","C03","24.131313","120.702941","2"
"2019","8","4","21","17","臺中市","北屯區","0","0","0","8","","","40","","","","","","","","","","","","","","","","","","","","B03","","","1","","2","","","12","","1","5","","B03","24.179618","120.667441","3"
"2019","8","4","21","26","臺中市","西屯區","0","0","0","8","","","40","","","","","","","","","","","","","","","","","","","","B03","","","3","","9","","","42","","2","4","","B03","24.187496","120.613765","3"
"2019","8","4","21","29","臺中市","西區","0","2","0","8","3","5","50","4","1","1","5","4","5","7","4","4","10","5","5","2","15","6","2","9","1","1","C03","7","9","1","10","2","12","","6","6","1","3","7","C03","24.140178","120.660177","2"
"2019","8","4","21","52","臺中市","清水區","1","0","0","8","3","5","50","14","9","1","5","4","5","7","4","4","5","5","5","2","12","21","1","1","1","1","C03","7","9","1","10","8","12","","21","21","1","21","8","C03","24.27336","120.578808","1"
"2019","8","4","22","35","臺中市","南屯區","0","0","0","8","","","40","","","","","","","","","","","","","","","","","","","","B12","","","1","","2","","","12","","1","21","","B12","24.142398","120.652221","3"
"2019","8","4","22","49","臺中市","霧峰區","0","1","0","8","3","5","40","14","9","1","5","3","5","7","4","4","9","5","5","1","18","23","2","9","1","1","C03","7","9","1","10","2","15","","23","23","1","18","8","C03","24.080523","120.71098","2"
"2019","8","5","0","15","臺中市","南屯區","0","0","0","8","","","40","","","","","","","","4","","","","","","","43","3","","","","C03","","","1","","1","","","43","43","1","21","","C03","24.129724","120.645057","3"
"2019","8","5","1","0","臺中市","太平區","0","1","0","8","3","5","50","14","7","1","5","4","5","7","4","4","5","4","4","2","17","10","3","10","1","1","B03","7","11","1","8","2","4","","10","10","1","21","8","B03","24.149372","120.703184","2"
"2019","8","5","1","16","臺中市","大甲區","0","1","0","8","3","5","50","4","1","1","5","4","5","7","4","4","10","5","5","2","3","8","3","10","1","1","B03","7","5","1","8","2","8","","8","8","1","6","8","B03","24.344981","120.624876","2"
"2019","8","5","2","14","臺中市","南屯區","0","1","0","8","3","5","50","4","1","1","5","4","5","7","3","1","10","5","5","2","16","6","2","9","3","4","C03","7","9","1","10","2","11","","6","6","1","22","8","C03","24.158432","120.634271","2"
"2019","8","5","2","58","臺中市","北區","0","0","0","8","3","5","50","14","9","1","5","4","5","7","4","4","4","1","5","2","11","","","","","","B03","","","6","","2","","","26","","1","22","","B03","24.160728","120.693696","3"
"2019","8","5","3","20","臺中市","西屯區","0","0","0","8","1","5","50","14","9","1","5","4","5","7","4","4","9","5","5","2","17","","","","","","B03","","","1","","2","","","23","","1","22","","B03","24.181405","120.640911","3"
"2019","8","5","4","48","臺中市","北屯區","0","0","0","8","","","50","","","","","","","","","","","","","","","23","","","","","B03","","","1","8","2","","","23","23","1","21","","B03","24.178423","120.668386","3"
"2019","8","5","5","59","臺中市","西區","0","0","0","8","1","5","50","14","9","1","5","4","5","7","1","1","5","2","5","2","13","","","","","","B03","","","1","","2","","","23","","1","5","","B03","24.146716","120.665322","3"
"2019","8","5","6","2","臺中市","北屯區","0","1","0","8","1","5","50","3","1","1","5","4","5","7","4","4","10","5","5","2","16","6","2","9","1","1","C03","7","6","1","10","3","14","","6","6","1","21","8","C03","24.173947","120.668908","2"
"2019","8","5","6","40","臺中市","西屯區","0","0","0","","","","","","","","","","","","","","","","","","","","","","","","B03","","","1","","2","","","18","","1","22","","B03","24.182155","120.615151","3"
"2019","8","5","6","40","臺中市","潭子區","0","2","0","8","1","5","60","3","2","1","5","4","5","7","1","1","1","4","4","1","16","23","2","6","1","1","C03","7","9","1","10","2","12","","23","23","1","21","8","C03","24.222814","120.706888","2"
"2019","8","5","6","55","臺中市","東區","0","0","0","8","","","50","","","","","","","","","","","","","","","","","","","","B03","","","1","","2","","","1","","1","4","","B03","24.142752","120.692479","3"
"2019","8","5","7","0","臺中市","大甲區","0","1","0","8","1","5","70","14","8","1","5","4","5","7","4","4","1","4","4","1","16","7","3","10","1","1","B03","7","8","1","8","2","2","","7","7","1","9","7","B03","24.330503","120.611649","2"
"2019","8","5","7","3","臺中市","大里區","0","1","0","8","1","5","40","4","2","1","5","4","5","7","1","1","10","5","5","2","12","6","3","10","1","1","B03","7","6","1","8","2","6","","6","6","1","3","8","B03","24.096508","120.693223","2"
"2019","8","5","7","8","臺中市","大雅區","0","1","0","8","1","5","40","3","1","1","5","4","5","7","4","4","10","5","5","2","17","6","2","9","1","1","C03","7","6","1","10","2","11","","6","6","1","22","9","C03","24.211988","120.654636","2"
"2019","8","5","7","10","臺中市","沙鹿區","0","1","0","8","1","5","50","4","1","1","5","4","5","7","2","1","1","1","4","1","3","23","3","10","1","1","B03","7","5","1","8","2","8","","23","23","1","4","8","B03","24.247338","120.606262","2"
"2019","8","5","7","12","臺中市","太平區","0","1","0","8","1","5","50","3","1","1","5","4","5","7","1","1","10","5","5","2","18","8","2","9","1","1","C03","7","5","1","8","2","14","","8","8","1","22","8","C03","24.145277","120.714166","2"
"2019","8","5","7","15","臺中市","沙鹿區","0","0","0","8","","","40","","","","","","","","","","","","","","","","","","","","B03","","","1","","2","","","23","","1","4","","B03","24.233149","120.558449","3"
"2019","8","5","7","15","臺中市","大甲區","0","1","0","8","1","5","50","4","1","1","5","4","5","7","4","4","10","5","5","2","15","6","2","9","1","1","C03","7","9","3","18","2","12","","6","6","1","9","1","C03","24.34563","120.620647","2"
"2019","8","5","7","18","臺中市","霧峰區","0","2","0","8","1","5","50","14","7","1","5","4","5","7","4","4","5","5","4","1","17","10","3","10","1","1","B02","7","11","1","8","2","4","","10","10","1","21","9","B02","24.069857","120.699341","2"
"2019","8","5","7","19","臺中市","西屯區","0","3","0","8","1","5","40","14","8","1","5","4","5","7","4","4","1","5","1","2","12","7","2","9","1","1","C03","7","8","3","18","2","15","","7","7","1","22","8","C03","24.184028","120.608716","2"
"2019","8","5","7","23","臺中市","西屯區","0","0","0","8","","","40","","","","","","","","","","","","","","","23","","","","","B03","","","1","","2","","","23","23","1","","","B03","24.17415","120.640436","3"
"2019","8","5","7","30","臺中市","東勢區","0","1","0","8","1","5","50","14","9","1","5","4","5","7","4","4","9","5","5","1","18","43","2","9","1","1","C03","7","9","1","10","2","14","","43","43","1","5","8","C03","24.308311","120.796076","2"
"2019","8","5","7","32","臺中市","烏日區","0","1","0","8","1","5","40","3","1","1","5","4","5","7","1","1","10","5","5","2","7","12","3","10","1","1","B03","7","2","1","8","2","3","","12","12","1","21","1","B03","24.125268","120.607188","2"
"2019","8","5","7","35","臺中市","后里區","0","1","0","8","1","5","40","4","1","1","5","4","5","7","3","1","10","5","5","2","15","6","2","8","3","4","C03","7","9","1","10","2","11","","6","6","1","21","8","C03","24.29196","120.711871","2"
"2019","8","5","7","35","臺中市","大雅區","0","0","0","8","","","50","","","","","","","","","","","","","","","","","","","","B01","","","1","","2","","","23","","1","","","B01","24.220214","120.615197","3"
"2019","8","5","7","43","臺中市","豐原區","0","0","0","8","","","50","","","","","","","","","","","","","","","4","","","","","C03","","","1","","2","","","4","4","1","22","","C03","24.277333","120.725844","3"
"2019","8","5","7","48","臺中市","南區","0","1","0","8","1","5","50","14","9","1","5","4","5","7","4","4","9","5","5","2","17","6","3","10","1","1","C03","7","5","1","10","2","12","","6","6","2","21","8","C03","24.115393","120.660466","2"
"2019","8","5","7","53","臺中市","神岡區","0","1","0","8","1","5","50","14","9","1","5","4","5","7","4","4","9","5","5","1","16","6","3","10","3","4","B03","7","11","1","10","2","5","","6","6","1","22","9","B03","24.260296","120.67324","2"
"2019","8","5","7","56","臺中市","大雅區","0","0","0","8","","","50","","","","","","","","","","","","","","","","","","","","B12","","","1","","2","","","23","","1","","","B12","24.214592","120.66893","3"
"2019","8","5","8","3","臺中市","東區","0","1","0","8","1","5","50","4","2","1","5","4","5","7","1","1","5","5","4","2","13","23","3","10","1","1","C03","7","9","1","10","2","12","","23","23","1","22","8","C03","24.144581","120.701062","2"
"2019","8","5","8","3","臺中市","大甲區","0","1","0","8","1","5","60","3","1","1","5","4","5","7","4","4","10","5","5","2","16","6","3","10","1","1","B03","7","6","1","8","2","5","","6","6","1","21","8","B03","24.347996","120.617187","2"
"2019","8","5","8","8","臺中市","東區","0","1","0","8","1","5","40","4","2","1","5","4","5","7","4","4","9","5","5","2","16","6","2","9","1","1","C03","7","6","1","10","2","11","","6","6","1","5","8","C03","24.123016","120.684428","2"
"2019","8","5","8","8","臺中市","太平區","0","1","0","8","1","5","50","3","1","1","5","4","5","7","4","4","10","5","5","2","16","6","3","10","1","1","B03","7","5","1","8","2","1","","6","6","1","5","8","B03","24.158333","120.722777","2"
"2019","8","5","8","9","臺中市","大雅區","0","1","0","8","1","5","50","3","2","1","5","4","5","7","4","4","5","5","5","1","13","23","2","9","1","1","C03","7","9","1","10","2","11","","23","23","1","21","8","C03","24.220119","120.64336","2"
"2019","8","5","8","10","臺中市","西屯區","0","1","0","8","1","5","50","14","7","1","5","4","5","7","4","4","5","4","4","2","16","10","3","10","1","1","B03","7","11","1","8","2","8","","10","10","1","22","8","B03","24.17669","120.637476","2"
"2019","8","5","8","19","臺中市","西區","0","0","0","8","","","50","","","","","","","","","","","","","","","","","","","","B03","","","1","","2","","","7","","1","22","","B03","24.139776","120.655623","3"
"2019","8","5","8","25","臺中市","太平區","0","1","0","8","1","5","50","4","1","1","5","4","5","7","1","1","10","5","5","2","16","7","2","9","1","1","C03","7","7","1","10","2","13","","7","7","1","5","5","C03","24.155808","120.712129","2"
"2019","8","5","8","38","臺中市","清水區","0","0","0","8","","","50","","","","","","","","","","","","","","","","","","","","B12","","","1","","2","","","23","","1","","","B12","24.2906862","120.6327938","3"
"2019","8","5","8","46","臺中市","北屯區","0","1","0","8","1","5","50","4","18","1","5","4","5","7","2","1","10","5","5","2","3","15","3","10","1","1","B03","7","11","1","8","2","8","","15","15","1","5","8","B03","24.182705","120.692305","2"
"2019","8","5","8","46","臺中市","西屯區","0","1","0","8","1","5","40","14","7","1","5","4","5","7","4","4","5","4","4","2","12","19","3","10","1","1","B12","7","1","1","8","2","8","","19","19","1","22","8","B12","24.190815","120.61077","2"
"2019","8","5","8","57","臺中市","太平區","0","0","0","8","","","50","","","","","","","","","","","","","","","","","","","","B03","","","1","","2","","","16","","1","","","B03","24.15954","120.718085","3"
"2019","8","5","8","57","臺中市","潭子區","0","0","0","8","","","60","","","","","","","","","","","","","","","","","","","","B12","","","1","","2","","","17","","1","","","B12","24.203268","120.70415","3"
"2019","8","5","9","0","臺中市","后里區","0","1","0","8","1","5","50","4","1","1","5","4","5","7","3","1","10","5","5","2","15","6","2","7","3","4","C03","7","9","1","10","2","11","12","6","6","1","22","8","C03","24.307475","120.717623","2"
"2019","8","5","9","7","臺中市","西區","0","2","0","8","1","5","50","4","1","1","5","4","5","7","1","1","5","5","4","2","16","26","2","9","1","1","C03","7","9","1","10","2","12","","26","26","1","22","8","C03","24.153579","120.655132","2"
"2019","8","5","9","15","臺中市","沙鹿區","0","0","0","8","","","60","","","","","","","","","","","","","","","","","","","","B03","","","1","","2","","","23","","1","9","","B03","24.250147","120.590138","3"
"2019","8","5","9","17","臺中市","太平區","0","1","0","8","1","5","50","14","9","1","5","4","5","7","4","4","5","5","5","1","2","23","3","10","1","1","B03","7","9","1","8","11","5","","23","23","1","22","8","B03","24.157777","120.713888","2"
"2019","8","5","9","29","臺中市","北屯區","0","1","0","8","1","5","40","4","1","1","5","4","5","7","1","1","10","5","5","2","12","43","2","8","1","1","C03","7","9","1","10","2","14","","43","43","1","21","8","C03","24.176875","120.690343","2"
"2019","8","5","9","35","臺中市","龍井區","0","1","0","8","1","5","50","4","1","1","5","4","5","7","2","1","10","5","5","2","15","25","2","8","3","4","C04","7","9","1","10","2","12","","25","25","1","7","8","C04","24.178387","120.530469","2"
"2019","8","5","9","43","臺中市","北區","0","2","0","8","1","5","50","5","1","5","5","4","5","7","1","1","10","5","5","2","16","3","2","7","1","1","C03","7","5","2","18","2","14","","3","3","1","22","8","C03","24.1588","120.6909","2"
"2019","8","5","9","43","臺中市","沙鹿區","0","2","0","7","1","5","50","3","1","1","5","4","5","7","1","1","1","3","5","2","16","26","2","9","1","1","C03","7","5","3","18","2","13","","26","26","1","20","9","C03","24.225217","120.57004","2"
"2019","8","5","9","45","臺中市","大雅區","0","0","0","8","","","40","","","","","","","","","","","","","","","","","","","","B03","","","1","","2","","","12","","1","","","B03","24.234555","120.620853","3"
"2019","8","5","9","55","臺中市","北區","0","1","0","8","1","5","50","4","1","1","5","4","5","7","1","1","10","5","5","2","16","9","3","10","3","4","B03","7","6","1","8","2","5","","9","9","1","19","8","B03","24.166913","120.686801","2"
"2019","8","5","9","55","臺中市","霧峰區","0","0","0","8","1","5","40","3","1","1","5","4","5","7","4","4","10","5","5","2","16","5","3","10","1","1","B03","7","9","1","8","2","8","","5","5","1","5","8","B03","24.055446","120.680945","3"
"2019","8","5","9","59","臺中市","西屯區","0","0","0","8","","","50","","","","","","","","","","","","","","","23","","","","","B03","","","1","","2","","","23","23","1","4","","B03","24.163636","120.656288","3"
"2019","8","5","10","8","臺中市","北區","0","0","0","8","","","50","","","","","","","","","","","","","","","","","","","","B12","","","1","","2","","","7","","1","5","","B12","24.15161","120.67806","3"
"2019","8","5","10","21","臺中市","西屯區","0","1","0","8","1","5","40","14","8","1","5","4","5","7","4","4","1","4","1","2","12","40","3","10","1","1","B12","7","14","1","8","2","4","","40","40","1","22","8","B12","24.171088","120.636174","2"
"2019","8","5","10","23","臺中市","大甲區","0","2","0","8","1","5","50","3","2","1","5","4","5","7","4","4","10","5","5","2","16","19","2","8","1","1","C03","7","1","2","18","2","14","","19","19","1","16","8","C03","24.354144","120.619566","2"
"2019","8","5","10","24","臺中市","北區","0","1","0","8","1","5","50","14","9","1","5","4","5","7","4","4","9","5","5","2","17","23","2","9","1","1","C03","7","9","3","18","9","12","","23","23","1","22","8","C03","24.149","120.6799","2"