"年","月","日","時","分","縣市","區","死","受傷","2-30","天候","光線","道路類別","速限","道路型態","事故位置","路面鋪裝","路面狀態","路面缺陷","障礙物","視距","號誌種類","號誌動作","分向設施","快車道或一般車道間","快慢車道間","路面邊線","事故類型及型態","主要肇因","受傷程度","主要傷處","保護裝備","行動電話","當事者區分(類別)","車輛用途","當事者行動狀態","駕駛資格情形","駕駛執照種類","飲酒情形","車輛撞擊部位最初","車輛撞擊部位其他","肇事因素個別","肇事因素主要","肇事逃逸","職業","旅次目的","車種","GPS座標(緯度)","GPS座標(經度)","事故類別"
"2019","8","5","10","25","臺中市","大雅區","0","0","0","8","","","50","","","","","","","","","","","","","","","","","","","","B03","","","1","","2","","","16","","1","","","B03","24.242385","120.623443","3"
"2019","8","5","10","35","臺中市","太平區","0","0","0","8","","","50","","","","","","","","","","","","","","","","","","","","B12","","","1","","2","","","23","","1","","","B12","24.146111","120.713055","3"
"2019","8","5","10","38","臺中市","北屯區","0","0","0","8","","","50","","","","","","","","","","","","","","","","","","","","B12","","","1","","2","","","42","","1","5","","B12","24.176105","120.683283","3"
"2019","8","5","10","40","臺中市","龍井區","0","1","0","8","1","5","50","4","1","1","5","4","5","7","1","1","10","5","5","2","17","43","2","9","3","4","C03","7","9","1","10","2","12","","43","43","1","21","8","C03","24.210443","120.525137","2"
"2019","8","5","10","42","臺中市","南區","0","1","0","8","1","5","50","14","7","1","5","4","5","7","4","4","5","5","4","2","17","16","2","7","1","1","C03","7","11","6","10","2","14","","16","16","1","21","8","C03","24.122855","120.65371","2"
"2019","8","5","10","52","臺中市","西區","0","0","0","8","","","50","","","","","","","","","","","","","","","","","","","","B03","","","1","","2","","","23","","1","5","","B03","24.133163","120.666633","4"
"2019","8","5","10","54","臺中市","北屯區","0","0","0","8","","","50","","","","","","","","","","","","","","","","","","","","","","","7","","11","","","43","","1","","","","24.172562","120.709685","3"
"2019","8","5","10","54","臺中市","神岡區","0","1","0","8","1","5","40","3","1","1","5","4","5","7","4","4","10","5","5","1","16","6","3","10","1","1","B03","7","5","1","8","2","1","","6","6","1","21","8","B03","24.255908","120.66782","2"
"2019","8","5","11","10","臺中市","太平區","0","1","0","8","1","5","50","3","2","1","5","4","5","7","4","4","5","5","5","2","17","42","2","9","1","1","C03","7","9","1","10","2","12","","42","42","1","4","3","C03","24.137211","120.714407","2"
"2019","8","5","11","14","臺中市","西屯區","0","1","0","8","1","5","50","14","7","1","5","4","5","7","4","4","5","5","4","2","13","19","3","10","1","1","B12","7","1","1","7","2","7","","19","19","1","22","8","B12","24.16273","120.60652","2"
"2019","8","5","11","17","臺中市","西區","0","0","0","8","","","50","","","","","","","","","","","","","","","","","","","","B03","","","1","","2","","","10","","1","2","","B03","24.14056","120.667079","3"
"2019","8","5","11","20","臺中市","大甲區","0","0","0","8","","","60","","","","","","","","","","","","","","","16","","","","","B12","","","1","","2","","","16","16","1","22","","B12","24.355616","120.620352","3"
"2019","8","5","11","23","臺中市","西區","0","1","0","8","1","5","50","3","1","1","5","4","5","7","2","1","1","4","4","2","16","19","3","10","3","1","C03","7","1","1","10","2","15","","19","19","1","22","8","C03","24.149011","120.657395","2"
"2019","8","5","11","24","臺中市","北屯區","0","0","0","8","","","50","","","","","","","","","","","","","","","","","","","","B03","","","1","","2","","","23","","1","22","","B03","24.174077","120.672511","3"
"2019","8","5","11","30","臺中市","神岡區","0","1","0","8","1","5","40","4","2","1","5","4","5","7","1","1","5","5","4","2","16","6","2","9","1","1","C03","7","5","1","10","2","12","","6","6","1","22","8","C03","24.261216","120.673945","2"
"2019","8","5","11","32","臺中市","大甲區","0","2","0","8","1","5","60","4","1","1","5","4","5","7","1","1","10","5","5","2","17","6","3","10","1","1","B03","7","5","1","8","2","2","","6","6","1","21","8","B03","24.42917","120.627575","2"
"2019","8","5","11","35","臺中市","潭子區","0","1","0","8","1","5","50","14","9","1","5","4","5","7","4","4","9","4","4","1","13","16","2","9","1","1","C03","7","9","1","10","2","11","","16","16","1","21","8","C03","24.213583","120.712515","2"
"2019","8","5","11","38","臺中市","北屯區","0","2","0","8","1","5","50","3","1","1","5","4","5","7","1","1","1","2","5","2","13","23","2","9","1","1","C03","7","8","1","10","2","11","","23","23","1","22","8","C03","24.17331","120.698194","2"
"2019","8","5","11","40","臺中市","清水區","0","1","0","8","1","5","50","14","9","1","5","4","5","7","4","4","5","5","5","2","11","9","3","10","1","1","B03","7","6","1","8","2","6","","9","9","1","20","1","B03","24.275416","120.57746","2"
"2019","8","5","11","43","臺中市","大雅區","0","1","0","8","1","5","50","14","9","1","5","4","5","7","1","1","3","4","5","1","17","23","3","10","1","1","B03","7","1","1","8","2","5","","23","23","1","21","8","B03","24.22669","120.644678","2"
"2019","8","5","11","44","臺中市","東區","0","1","0","8","1","5","40","5","1","1","5","4","5","7","1","1","9","5","5","2","16","23","2","9","1","1","C03","7","9","3","18","9","11","","23","23","1","5","8","C03","24.144656","120.701246","2"
"2019","8","5","11","46","臺中市","后里區","0","0","0","8","","","50","","","","","","","","","","","","","","","","","","","","B12","","","1","","4","","","21","","1","","","B12","24.309173","120.717793","3"
"2019","8","5","11","50","臺中市","太平區","0","0","0","8","","","40","","","","","","","","","","","","","","","","","","","","B12","","","1","","2","","","12","","1","10","","B12","24.159022","120.715038","3"
"2019","8","5","11","56","臺中市","神岡區","0","1","0","8","1","5","50","14","8","1","5","4","5","7","4","4","9","5","4","2","12","7","3","10","3","4","B12","7","8","1","8","2","5","","7","7","1","22","7","B12","24.256118","120.655338","2"
"2019","8","5","12","2","臺中市","西區","0","1","0","8","1","5","50","4","1","1","5","4","5","7","1","1","10","5","5","2","16","26","2","9","1","1","C03","7","5","3","18","2","12","","26","26","1","22","9","C03","24.140065","120.659076","2"
"2019","8","5","12","4","臺中市","大里區","0","1","0","8","1","5","50","14","9","1","5","4","5","7","4","4","5","2","5","1","1","23","2","9","1","1","C03","7","9","1","10","2","12","","23","23","1","5","8","C03","24.094705","120.7141","2"
"2019","8","5","12","8","臺中市","西屯區","0","0","0","8","","","80","","","","","","","","","","","","","","","","","","","","B12","","","1","","2","","","16","","1","22","","B12","24.183155","120.635907","3"
"2019","8","5","12","10","臺中市","北區","0","0","0","8","","","50","","","","","","","","","","","","","","","","","","","","B03","","","1","","2","","","23","","1","22","","B03","24.147287","120.68637","3"
"2019","8","5","12","12","臺中市","北區","0","0","0","8","","","50","","","","","","","","","","","","","","","","","","","","B03","","","1","","2","","","12","","1","19","","B03","24.167048","120.683829","3"
"2019","8","5","12","15","臺中市","霧峰區","0","1","0","8","1","5","50","3","1","4","5","4","5","7","4","4","10","5","5","2","16","6","3","10","1","1","C03","7","5","1","10","2","12","","6","6","1","21","9","C03","24.06394","120.700469","2"
"2019","8","5","12","20","臺中市","大雅區","0","1","0","8","1","5","50","4","1","1","5","4","5","7","1","1","10","5","5","2","12","10","3","10","1","1","B03","7","11","1","8","2","8","","10","10","1","22","9","B03","24.22192","120.645432","2"
"2019","8","5","12","23","臺中市","沙鹿區","0","3","0","8","1","5","40","3","8","1","5","4","5","7","4","4","1","4","1","1","13","16","2","9","1","1","C03","7","9","1","10","2","12","","16","16","1","18","8","C03","24.238892","120.567004","2"
"2019","8","5","12","30","臺中市","南屯區","0","0","0","8","","","40","","","","","","","","","","","","","","","67","","","","","C03","","","1","10","2","","","44","67","1","12","","C03","24.139311","120.607535","3"
"2019","8","5","12","30","臺中市","龍井區","0","1","0","8","1","5","50","4","2","1","5","4","5","7","4","4","5","5","5","1","17","40","3","10","1","1","B03","7","14","1","8","2","4","","40","40","1","21","7","B03","24.180594","120.583602","2"
"2019","8","5","12","31","臺中市","梧棲區","0","1","0","8","1","5","70","3","1","1","5","4","5","7","1","1","10","5","5","1","17","19","3","10","3","4","B03","7","1","1","8","2","1","","19","19","1","21","8","B03","24.244437","120.520739","2"
"2019","8","5","12","36","臺中市","東區","0","1","0","7","1","5","50","4","1","1","5","4","5","7","2","1","5","2","5","2","16","9","3","10","1","1","B03","7","6","1","8","2","2","","9","9","1","21","8","B03","24.129776","120.706102","2"
"2019","8","5","12","54","臺中市","西屯區","0","0","0","8","","","50","","","","","","","","","","","","","","","23","","","","","B03","","","1","","2","","","23","23","1","4","","B03","24.194003","120.607016","3"
"2019","8","5","13","0","臺中市","大雅區","0","0","0","8","","","50","","","","","","","","","","","","","","","","","","","","A42","","","1","","2","","","23","","1","","","A42","24.225177","120.656343","3"
"2019","8","5","13","10","臺中市","西屯區","0","0","0","8","","","50","","","","","","","","","","","","","","","","","","","","C03","","","1","","2","","","12","","1","22","","C03","24.177143","120.64288","3"
"2019","8","5","13","15","臺中市","太平區","0","0","0","8","","","40","","","","","","","","","","","","","","","","","","","","B03","","","1","","2","","","42","","1","","","B03","24.148055","120.701111","3"
"2019","8","5","13","22","臺中市","北屯區","0","1","0","8","1","5","50","14","9","1","5","4","5","7","2","1","1","2","5","2","12","26","2","9","1","1","C03","7","9","1","10","2","14","","26","26","1","5","8","C03","24.171995","120.685541","2"
"2019","8","5","13","41","臺中市","大雅區","0","1","0","8","1","5","50","3","1","1","5","4","5","7","4","4","1","5","5","2","17","9","3","10","1","1","B03","7","6","1","8","2","2","","9","9","1","21","8","B03","24.209739","120.650886","2"
"2019","8","5","14","6","臺中市","南區","0","0","0","7","1","5","50","15","7","1","5","4","5","7","1","1","9","3","4","2","16","23","","","","","B03","","15","1","5","2","5","","23","23","1","5","","B03","24.115563","120.670065","3"
"2019","8","5","14","15","臺中市","烏日區","0","0","0","8","","","60","","","","","","","","","","","","","","","","","","","","A11","","","1","","2","","","12","","1","10","","A11","24.090188","120.65308","3"
"2019","8","5","14","27","臺中市","神岡區","0","0","0","8","","","40","","","","","","","","","","","","","","","","","","","","B12","","","1","","2","","","12","","1","","","B12","24.270844","120.697832","3"
"2019","8","5","14","30","臺中市","北區","0","2","0","8","1","5","50","4","1","1","5","4","5","7","1","1","10","5","5","2","15","43","2","5","1","1","C03","7","9","4","10","2","12","","43","43","1","22","8","C03","24.1654","120.6773","2"
"2019","8","5","14","34","臺中市","潭子區","0","0","0","8","1","5","50","14","2","1","5","4","5","7","2","1","1","3","4","1","13","","","","","","B03","","","1","","2","","","23","","1","","","B03","24.215953","120.687693","3"
"2019","8","5","14","40","臺中市","西屯區","0","0","0","8","","","60","","","","","","","","","","","","","","","","","","","","B03","","","1","","2","","","7","","1","22","","B03","24.163491","120.647689","3"
"2019","8","5","14","45","臺中市","神岡區","0","0","0","8","","","40","","","","","","","","","","","","","","","19","","","","","B03","","1","1","","2","","","19","19","1","22","","B03","24.273288","120.659528","3"
"2019","8","5","14","50","臺中市","沙鹿區","0","0","0","8","","","50","","","","","","","","","","","","","","","","","","","","A12","","","1","","2","","","42","","1","","","A12","24.202595","120.568456","4"
"2019","8","5","14","53","臺中市","太平區","0","0","0","8","","","50","","","","","","","","","","","","","","","","","","","","A12","","","1","","2","","","23","","1","10","","A12","24.120716","120.722021","3"
"2019","8","5","15","4","臺中市","北區","0","0","0","8","","","50","","","","","","","","","","","","","","","16","","","","","B03","","","3","10","2","","","16","16","1","","","B03","24.148346","120.683403","3"
"2019","8","5","15","9","臺中市","梧棲區","0","2","0","8","1","5","50","4","1","1","5","4","5","7","1","1","10","5","5","1","17","16","2","9","3","4","C03","7","5","1","10","2","14","","44","16","1","21","8","C03","24.221301","120.532896","2"
"2019","8","5","15","21","臺中市","太平區","0","1","0","7","1","5","50","14","9","1","4","4","5","7","4","4","5","5","5","1","18","23","2","9","1","1","C03","7","9","1","10","2","14","","23","23","1","5","8","C03","24.126944","120.718611","2"
"2019","8","5","15","28","臺中市","北區","0","0","0","8","","","50","","","","","","","","","","","","","","","23","3","","","","B03","","","1","","3","","","23","23","1","22","","B03","24.169188","120.672588","3"
"2019","8","5","15","30","臺中市","北區","0","0","0","8","","","50","","","","","","","","","","","","","","","","3","","","","B03","","","1","","2","","","12","","1","22","","B03","24.157636","120.672616","3"
"2019","8","5","15","34","臺中市","中區","0","2","0","8","1","5","50","4","1","1","5","4","5","7","1","1","10","5","5","2","3","51","2","9","1","1","C03","7","9","1","10","2","11","","23","51","1","18","9","C03","24.144334","120.67362","2"
"2019","8","5","15","37","臺中市","北區","0","0","0","8","","","50","","","","","","","","","","","","","","","7","","","","","B03","","","1","8","11","","","7","7","2","","","B03","24.165529","120.673652","3"
"2019","8","5","15","43","臺中市","西區","0","1","0","8","1","5","50","4","1","1","5","4","5","7","4","4","5","5","5","2","17","19","3","10","1","1","B03","7","1","1","8","2","1","","19","19","1","22","8","B03","24.145543","120.663123","2"
"2019","8","5","15","48","臺中市","潭子區","0","0","0","8","","","60","","","","","","","","","","","","","","","","","","","","B03","","","1","","2","","","16","","1","4","","B03","24.187263","120.70224","3"
"2019","8","5","15","50","臺中市","北屯區","0","1","0","8","1","5","50","14","8","1","5","4","5","7","4","4","1","5","5","2","17","40","3","10","1","1","B03","7","14","1","8","2","2","","40","40","1","22","8","B03","24.17814","120.668793","2"
"2019","8","5","15","52","臺中市","北屯區","0","0","0","8","","","40","","","","","","","","","","","","","","","23","","","","","B03","","","1","","1","","","44","23","1","","","B03","24.163037","120.695292","3"
"2019","8","5","15","52","臺中市","西屯區","0","0","0","8","","","50","","","","","","","","","","","","","","","","","","","","B03","","","1","","2","","","23","","1","22","","B03","24.159426","120.651062","3"
"2019","8","5","15","54","臺中市","西屯區","0","0","0","8","1","5","50","14","7","1","5","4","5","7","2","1","5","4","4","2","16","7","3","10","3","4","B03","7","8","1","8","2","5","","7","7","1","22","8","B03","24.174205","120.64807","3"
"2019","8","5","16","0","臺中市","后里區","0","1","0","8","1","5","50","4","7","1","5","4","5","7","3","1","5","5","4","2","12","23","3","10","1","1","B12","7","15","1","8","2","7","","23","23","1","21","8","B12","24.31063","120.718016","2"
"2019","8","5","16","2","臺中市","神岡區","0","1","0","8","1","5","5","3","2","1","5","4","5","7","4","4","7","5","5","1","16","17","3","10","1","1","A12","7","4","1","2","2","2","","17","17","1","10","4","A12","24.261731","120.674162","2"
"2019","8","5","16","6","臺中市","太平區","0","0","0","6","","","40","","","","","","","","","","","","","","","","","","","","B03","","","1","","2","","","12","","1","4","","B03","24.150905","120.716571","3"
"2019","8","5","16","7","臺中市","太平區","0","0","0","8","","","40","","","","","","","","","","","","","","","","","","","","B12","","","1","","2","","","23","","1","9","","B12","24.120153","120.719532","3"
"2019","8","5","16","20","臺中市","太平區","0","0","0","8","","","40","","","","","","","","","","","","","","","23","","","","","B12","","","1","","2","","","23","23","1","10","","B12","24.134386","120.709053","3"
"2019","8","5","16","22","臺中市","西屯區","0","1","0","8","1","5","60","14","7","1","5","4","5","7","4","4","1","1","1","2","13","23","3","10","1","1","B03","7","9","1","8","2","1","","23","23","1","22","8","B03","24.179529","120.621908","2"
"2019","8","5","16","23","臺中市","后里區","0","2","0","8","1","5","40","3","1","1","5","4","5","7","4","4","10","5","5","1","16","8","2","7","1","1","C03","7","5","1","10","2","14","","8","8","1","21","8","C03","24.320901","120.741145","2"
"2019","8","5","16","30","臺中市","清水區","0","0","0","8","1","5","70","","","","","","","","","","","","","","","17","","","","","A31","","","1","","2","","","17","17","1","10","","A31","24.289536","120.54052","3"
"2019","8","5","16","30","臺中市","神岡區","0","1","0","8","1","5","50","11","8","1","5","4","5","7","4","4","5","5","4","1","14","12","3","10","3","4","B12","7","2","1","8","2","7","","12","12","1","22","9","B12","24.2824","120.649896","2"
"2019","8","5","16","35","臺中市","太平區","0","0","0","8","","","50","","","","","","","","","","","","","","","","","","","","B03","","","3","","2","","","22","","1","5","","B03","24.146789","120.70072","3"
"2019","8","5","16","35","臺中市","東勢區","0","0","0","6","1","6","50","14","9","1","4","4","5","7","2","1","5","5","5","1","13","","","","","","B12","","","1","","2","","","23","","1","9","","B12","24.285465","120.792303","3"
"2019","8","5","16","38","臺中市","沙鹿區","0","0","0","8","","","50","","","","","","","","","","","","","","","","","","","","B03","","","1","","2","","","23","","1","21","","B03","24.235876","120.566566","3"
"2019","8","5","16","40","臺中市","沙鹿區","0","0","0","8","","","60","","","","","","","","","","","","","","","","","","","","A11","","","1","","2","","","42","","1","21","","A11","24.203635","120.567135","3"
"2019","8","5","16","43","臺中市","東區","0","1","0","8","1","5","50","4","1","1","5","4","5","7","1","1","10","5","5","2","16","23","2","9","1","1","C03","7","9","1","10","2","14","","23","23","1","22","8","C03","24.138901","120.689667","2"
"2019","8","5","16","45","臺中市","神岡區","0","0","0","8","","","50","","","","","","","","","","","","","","","17","","","","","B03","","","1","","2","","","17","17","1","","","B03","24.246949","120.68698","3"
"2019","8","5","16","47","臺中市","西屯區","0","0","0","8","","","50","","","","","","","","","","","","","","","","","","","","B03","","","1","","2","","","23","","1","","","B03","24.177275","120.642861","3"
"2019","8","5","16","49","臺中市","龍井區","0","0","0","","","","","","","","","","","","","","","","","","","","","","","","B03","","","1","","2","","","23","","1","","","B03","24.181576","120.59254","3"
"2019","8","5","16","50","臺中市","大里區","0","3","0","8","1","5","40","3","1","1","5","4","5","7","4","4","10","5","5","2","17","6","3","10","1","1","B12","7","5","1","8","2","15","","6","6","1","9","8","B12","24.093888","120.681388","2"
"2019","8","5","16","57","臺中市","北區","0","2","0","8","1","5","50","14","8","1","5","4","5","7","4","4","1","4","4","2","17","40","3","10","3","4","B01","7","13","1","6","2","4","4","40","40","1","22","9","B01","24.162978","120.670143","2"
"2019","8","5","17","1","臺中市","西屯區","0","0","0","8","","","50","","","","","","","","","","","","","","","","","","","","B03","","","1","","2","","","23","","1","22","","B03","24.209077","120.65029","3"
"2019","8","5","17","2","臺中市","西屯區","0","1","0","8","1","5","40","14","8","1","5","4","5","7","4","4","9","4","4","2","12","43","3","10","1","1","C03","7","9","3","18","2","14","","43","43","1","12","8","C03","24.161937","120.650415","2"
"2019","8","5","17","4","臺中市","北屯區","0","0","0","8","","","50","","","","","","","","","","","","","","","","","","","","B03","","","1","","2","","","16","","1","21","","B03","24.20132","120.686408","3"
"2019","8","5","17","5","臺中市","南屯區","0","0","0","8","","","50","","","","","","","","","","","","","","","","","","","","B12","","","1","","9","","","23","","2","","","B12","24.136187","120.646604","3"
"2019","8","5","17","5","臺中市","神岡區","0","0","0","8","","","50","","","","","","","","","","","","","","","23","","","","","B12","","","1","","2","","","23","23","1","21","","B12","24.276936","120.659013","3"
"2019","8","5","17","6","臺中市","北屯區","0","0","0","8","","","50","","","","","","","","","","","","","","","","","","","","B03","","","1","","2","","","23","","1","22","","B03","24.178203","120.701248","3"
"2019","8","5","17","6","臺中市","梧棲區","0","1","0","8","1","5","40","4","1","1","5","4","5","7","4","4","10","5","5","2","15","6","2","3","1","1","B03","7","9","1","8","2","5","8","6","6","1","19","8","B03","24.259011","120.555433","2"
"2019","8","5","17","7","臺中市","大里區","0","1","0","8","1","5","40","3","1","1","5","4","5","7","4","4","10","5","5","2","16","6","3","10","1","1","B03","7","6","1","8","2","1","","6","6","1","20","8","B03","24.087819","120.675818","2"
"2019","8","5","17","17","臺中市","太平區","0","1","0","8","1","5","50","14","9","1","5","4","5","7","4","4","9","5","5","1","17","19","3","10","3","4","B03","7","1","1","8","2","4","","19","19","1","9","8","B03","24.160216","120.711134","2"
"2019","8","5","17","17","臺中市","梧棲區","0","1","0","8","1","5","50","14","7","1","5","4","5","7","4","4","1","1","4","2","12","43","2","7","1","1","C03","7","9","1","10","2","14","","43","43","1","19","8","C03","24.250813","120.556095","2"
"2019","8","5","17","20","臺中市","大雅區","0","0","0","8","","","60","","","","","","","","","","","","","","","","","","","","B03","","","1","","2","","","23","","1","21","","B03","24.238756","120.63268","3"
"2019","8","5","17","30","臺中市","太平區","0","1","0","8","1","5","40","4","1","1","5","4","5","7","3","1","10","5","5","2","16","6","3","10","1","1","B03","7","5","1","8","2","1","","6","6","1","21","8","B03","24.142035","120.723829","2"
"2019","8","5","17","33","臺中市","北區","0","1","0","8","1","5","50","14","9","1","5","4","5","7","4","4","3","4","5","2","13","23","2","9","1","1","C01","7","9","1","9","2","11","","23","23","1","22","8","C01","24.16018","120.69224","2"
"2019","8","5","17","34","臺中市","烏日區","0","0","0","","","","","","","","","","","","","","","","","","","","","","","","B03","","","1","","2","","","23","","1","","","B03","24.10405","120.626946","3"
"2019","8","5","17","37","臺中市","西區","0","0","0","8","","","50","","","","","","","","","","","","","","","","","","","","B01","","","1","","2","","","17","","1","10","","B01","24.140673","120.676144","3"
"2019","8","5","17","44","臺中市","南區","0","0","0","8","","","50","","","","","","","","","","","","","","","","","","","","F03","","","8","","2","","","10","","1","","","F03","24.120638","120.662373","3"
"2019","8","5","17","45","臺中市","大甲區","0","1","0","8","1","5","50","14","9","1","5","4","5","7","4","4","5","5","5","1","17","2","3","10","1","1","C03","7","3","1","10","2","13","","2","2","1","20","8","C03","24.342251","120.62113","2"
"2019","8","5","17","46","臺中市","龍井區","0","1","0","8","2","5","60","4","1","1","5","4","5","7","1","1","10","5","5","2","15","44","3","10","1","1","B03","7","9","1","8","2","5","","44","44","1","3","8","B03","24.21633","120.521725","2"
"2019","8","5","17","47","臺中市","西屯區","0","0","0","8","","","70","","","","","","","","","","","","","","","","","","","","B03","","","1","","2","","","7","","1","22","","B03","24.181091","120.619324","3"
"2019","8","5","17","50","臺中市","大甲區","0","1","0","8","1","5","60","4","1","1","5","4","5","7","1","1","5","5","5","1","12","8","2","9","1","1","C03","7","5","1","10","2","14","","8","8","1","4","8","C03","24.376626","120.648746","2"
"2019","8","5","17","53","臺中市","北區","0","0","0","8","","","50","","","","","","","","","","","","","","","43","","","","","C03","","","1","10","2","","","43","43","1","","","C03","24.166918","120.674211","3"
"2019","8","5","18","3","臺中市","西屯區","0","0","0","8","","","50","","","","","","","","","","","","","","","","","","","","B03","","","1","","2","","","23","","1","22","","B03","24.162308","120.603928","3"
"2019","8","5","18","5","臺中市","神岡區","0","2","0","8","1","5","60","14","9","1","5","4","5","6","4","4","1","5","5","1","13","23","2","9","1","1","C03","7","9","1","10","2","11","","23","23","1","22","9","C03","24.241428","120.67573","2"
"2019","8","5","18","7","臺中市","北區","0","1","0","8","1","5","50","4","1","1","5","4","5","7","1","1","10","5","5","2","18","23","2","9","1","1","C03","7","5","1","10","2","11","","23","23","1","10","8","C03","24.162801","120.670848","2"
"2019","8","5","18","10","臺中市","北屯區","0","3","0","8","2","5","40","10","16","1","5","4","5","7","4","4","10","5","5","1","13","23","2","9","1","1","B12","7","9","1","3","2","1","","23","23","1","21","8","B12","24.201464","120.686365","2"
"2019","8","5","18","25","臺中市","神岡區","0","0","0","8","","","50","","","","","","","","","","","","","","","","","","","","B12","","","1","","2","","","23","","1","21","","B12","24.247992","120.691502","3"
"2019","8","5","18","28","臺中市","西區","0","1","0","8","1","5","50","3","1","1","5","4","5","7","4","4","10","5","5","2","16","23","3","10","1","1","B03","7","5","1","8","2","4","","23","23","1","21","8","B03","24.150354","120.655168","2"
"2019","8","5","18","32","臺中市","北區","0","1","0","8","3","5","50","14","8","1","5","4","5","7","4","4","3","4","4","2","18","43","2","9","1","1","C03","7","12","1","10","2","15","","43","43","1","22","1","C03","24.166498","120.67322","2"
"2019","8","5","18","33","臺中市","西屯區","0","0","0","8","","","50","","","","","","","","","","","","","","","6","","","","","B01","","","1","","2","","","6","6","1","22","","B01","24.164089","120.65036","3"
"2019","8","5","19","5","臺中市","北屯區","0","0","0","8","","","50","","","","","","","","","","","","","","","","","","","","B03","","","1","","2","","","26","","1","5","","B03","24.162195","120.692722","3"
"2019","8","5","19","6","臺中市","烏日區","0","1","0","8","3","5","50","3","1","1","5","4","5","7","2","1","10","5","5","2","16","26","3","10","1","1","B03","7","6","1","8","2","5","","26","26","1","21","8","B03","24.105355","120.612786","2"
"2019","8","5","19","10","臺中市","南屯區","0","0","0","8","","","50","","","","","","","","","","","","","","","","","","","","B03","","","1","","9","","","2","","1","","","B03","24.140025","120.65301","3"
"2019","8","5","19","28","臺中市","西屯區","0","2","0","6","4","5","40","3","2","1","4","4","5","7","4","4","5","4","4","2","2","23","2","9","1","1","C03","7","9","1","10","2","11","","23","23","1","22","8","C03","24.191638","120.625199","2"
"2019","8","5","19","32","臺中市","南區","0","0","0","8","","","50","","","","","","","","","","","","","","","","3","","","","B03","","","1","","2","","","16","","1","21","","B03","24.112968","120.652245","3"
"2019","8","5","19","43","臺中市","北屯區","0","1","0","8","3","5","50","4","1","1","5","4","5","7","1","1","10","5","5","2","16","25","2","9","1","1","C03","7","5","1","10","2","12","","25","25","1","21","8","C03","24.18911","120.66038","2"
"2019","8","5","19","57","臺中市","潭子區","0","2","0","8","1","5","50","3","1","1","5","4","5","7","4","4","5","5","4","2","13","23","3","10","1","1","B03","7","9","1","6","2","1","","23","23","1","9","8","B03","24.222275","120.69426","2"
"2019","8","5","19","59","臺中市","烏日區","0","0","0","8","","","70","","","","","","","","","","","","","","","","","","","","B03","","","1","","2","","","7","","1","21","","B03","24.105709","120.615843","3"
"2019","8","5","20","8","臺中市","南區","0","1","0","8","3","5","50","3","1","1","5","4","5","7","4","4","10","5","5","2","15","19","2","9","1","1","C03","7","1","1","10","2","14","","19","19","1","21","8","C03","24.121088","120.654816","2"
"2019","8","5","20","30","臺中市","北屯區","0","2","0","8","3","5","50","14","9","1","5","4","5","7","4","4","1","4","5","2","16","23","2","9","1","1","C03","7","9","1","10","2","13","","44","23","1","21","8","C03","24.172616","120.681003","2"
"2019","8","5","20","36","臺中市","中區","0","0","0","8","","","50","","","","","","","","","","","","","","","","","","","","F03","","","8","","2","","","17","","1","","","F03","24.14572","120.677264","4"
"2019","8","5","20","40","臺中市","大里區","0","0","0","8","","","40","","","","","","","","","","","","","","","","","","","","B03","","","1","","9","","","44","","1","9","","B03","24.09712","120.695231","3"
"2019","8","5","20","40","臺中市","沙鹿區","0","0","0","8","","","50","","","","","","","","","","","","","","","6","","","","","B02","","","1","","2","","","23","6","","10","","B02","24.232962","120.55767","3"
"2019","8","5","20","43","臺中市","北區","0","2","0","8","3","5","50","14","9","1","5","4","5","7","1","1","1","2","5","2","17","42","2","5","3","4","C03","7","9","1","10","2","12","11","42","42","1","22","9","C03","24.148378","120.683425","2"
"2019","8","5","20","46","臺中市","大里區","0","0","0","8","3","5","40","11","9","1","5","4","5","7","4","4","10","5","5","2","29","42","3","10","1","1","B03","7","6","1","8","2","6","","42","42","1","21","8","B03","24.108601","120.702281","3"
"2019","8","5","21","18","臺中市","潭子區","0","2","0","8","3","5","50","3","2","1","5","4","5","7","4","4","10","5","5","2","16","23","2","9","1","1","C03","7","9","1","10","2","11","","23","23","1","21","8","C03","24.194405","120.703713","2"
"2019","8","5","21","24","臺中市","北區","0","2","0","8","1","5","50","4","2","1","5","4","5","7","1","1","10","5","5","2","17","11","2","9","1","1","C04","7","11","1","11","2","12","","11","11","1","22","8","C04","24.164633","120.673898","2"
"2019","8","5","21","30","臺中市","北屯區","0","0","0","8","","","50","","","","","","","","","","","","","","","","","","","","B03","","","1","","2","","","23","","1","5","","B03","24.171705","120.718604","3"
"2019","8","5","21","41","臺中市","北區","0","0","0","8","","","50","","","","","","","","","","","","","","","25","","","","","B11","","","1","2","2","","","25","25","1","","","B11","24.165541","120.675395","3"
"2019","8","5","21","41","臺中市","北區","0","0","0","8","","","50","","","","","","","","","","","","","","","","3","","","","B03","","","1","","2","","","23","","1","22","","B03","24.151254","120.677303","3"
"2019","8","5","21","44","臺中市","龍井區","0","0","0","8","","","70","","","","","","","","","","","","","","","","","","","","B03","","","1","","2","","","44","","1","4","","B03","24.218345","120.542696","3"
"2019","8","5","22","3","臺中市","北屯區","0","0","0","8","","","50","","","","","","","","","","","","","","","","","","","","B03","","","1","","2","","","42","","1","22","","B03","24.182623","120.688088","3"