"年","月","日","時","分","縣市","區","死","受傷","2-30","天候","光線","道路類別","速限","道路型態","事故位置","路面鋪裝","路面狀態","路面缺陷","障礙物","視距","號誌種類","號誌動作","分向設施","快車道或一般車道間","快慢車道間","路面邊線","事故類型及型態","主要肇因","受傷程度","主要傷處","保護裝備","行動電話","當事者區分(類別)","車輛用途","當事者行動狀態","駕駛資格情形","駕駛執照種類","飲酒情形","車輛撞擊部位最初","車輛撞擊部位其他","肇事因素個別","肇事因素主要","肇事逃逸","職業","旅次目的","車種","GPS座標(緯度)","GPS座標(經度)","事故類別"
"2019","8","5","22","20","臺中市","后里區","0","2","0","8","3","5","50","4","1","1","5","4","5","7","2","1","1","4","4","1","15","25","2","9","1","1","C03","7","9","1","10","2","11","","25","25","1","20","8","C03","24.30779","120.721725","2"
"2019","8","5","23","1","臺中市","南屯區","0","2","0","8","1","5","50","11","9","1","5","4","5","7","4","4","5","5","5","1","13","16","2","8","3","4","C03","7","9","1","8","2","11","","16","16","1","22","9","C03","24.141993","120.582284","2"
"2019","8","5","23","33","臺中市","北屯區","0","1","0","8","3","5","50","11","9","1","5","4","5","7","4","4","1","5","5","1","23","42","2","9","3","4","C03","7","15","3","18","2","14","","42","42","1","21","8","C03","24.20427","120.784384","2"
"2019","8","6","1","5","臺中市","北區","0","1","0","8","3","5","50","5","1","1","5","4","5","7","2","1","10","5","5","2","16","26","3","10","1","1","B12","7","9","1","8","2","5","","26","26","1","22","8","B12","24.154736","120.686145","2"
"2019","8","6","1","15","臺中市","沙鹿區","0","1","0","8","3","5","50","14","9","1","5","4","5","7","4","4","9","5","5","1","17","23","2","9","1","1","C03","7","9","1","10","2","12","","23","23","1","4","8","C03","24.232059","120.551008","2"
"2019","8","6","1","59","臺中市","北屯區","0","0","0","8","","","50","","","","","","","","","","","","","","","","","","","","B12","","","1","","1","","","23","","1","","","B12","24.161243","120.719982","3"
"2019","8","6","6","15","臺中市","東區","0","2","0","8","1","5","50","4","1","1","5","4","5","7","3","1","10","5","5","2","15","6","2","9","1","1","C03","7","9","1","10","2","11","","6","6","1","22","8","C03","24.142086","120.69898","2"
"2019","8","6","6","26","臺中市","龍井區","0","1","0","8","1","5","40","4","1","1","5","4","5","7","4","4","10","5","5","2","16","6","3","10","3","4","B03","7","5","1","8","2","1","","6","6","1","5","1","B03","24.182339","120.547472","2"
"2019","8","6","6","35","臺中市","大里區","0","1","0","8","1","5","50","4","1","1","5","4","5","7","4","4","10","5","5","2","17","6","2","9","1","1","C03","7","5","1","10","2","13","","6","6","1","12","5","C03","24.086366","120.714505","2"
"2019","8","6","6","37","臺中市","北屯區","0","1","0","8","2","5","50","4","1","1","5","4","5","7","1","1","10","5","5","2","17","23","3","10","3","4","A12","7","5","3","18","2","8","","23","23","1","10","8","A12","24.178883","120.690486","2"
"2019","8","6","7","10","臺中市","清水區","0","1","0","8","1","5","40","4","2","1","5","4","4","7","4","4","5","5","5","2","15","14","2","9","1","1","C03","7","9","1","10","2","11","","14","14","1","7","7","C03","24.275416","120.57746","2"
"2019","8","6","7","16","臺中市","北區","0","1","0","8","1","5","50","14","7","1","5","4","5","7","4","4","9","5","5","2","13","23","2","9","1","1","C03","7","9","1","10","2","11","","23","23","1","22","9","C03","24.159221","120.668318","2"
"2019","8","6","7","16","臺中市","太平區","0","1","0","8","1","5","50","14","7","1","5","4","5","7","4","4","5","5","4","2","12","1","3","10","1","1","B03","7","4","1","8","2","2","","1","1","1","5","8","B03","24.116944","120.718055","2"
"2019","8","6","7","19","臺中市","大里區","0","1","0","8","1","5","50","3","1","1","5","4","5","7","4","4","10","5","5","2","12","13","2","8","1","1","C03","7","9","1","10","2","11","","13","13","1","21","8","C03","24.116463","120.687476","2"
"2019","8","6","7","26","臺中市","龍井區","0","0","0","","","","","","","","","","","","","","","","","","","","","","","","B03","","","1","","2","","","8","","1","21","","B03","24.177769","120.57103","3"
"2019","8","6","7","32","臺中市","大雅區","0","1","0","8","1","5","50","14","9","1","5","4","5","7","4","4","9","5","5","1","17","19","3","10","1","1","B03","7","1","1","8","2","8","","19","19","1","21","8","B03","24.216883","120.647716","2"
"2019","8","6","7","38","臺中市","大里區","0","2","0","8","1","5","50","3","1","1","5","4","5","7","1","1","10","5","5","2","17","23","2","8","1","1","C03","7","9","1","10","2","11","","23","23","1","21","9","C03","24.117302","120.689437","2"
"2019","8","6","7","41","臺中市","神岡區","0","0","0","8","1","5","50","14","9","1","5","4","5","7","4","4","3","5","4","1","14","19","3","10","1","1","A12","7","9","1","7","2","3","","19","19","1","10","3","A12","24.248459","120.694358","3"
"2019","8","6","7","45","臺中市","梧棲區","0","0","0","8","","","70","","","","","","","","","","","","","","","","","","","","B12","","","1","","2","","","8","","1","9","","B12","24.247075","120.544343","3"
"2019","8","6","7","46","臺中市","北屯區","0","1","0","8","1","5","50","4","1","1","5","4","5","7","2","1","10","5","5","2","16","44","3","10","1","1","B03","7","1","1","8","2","8","","44","44","1","5","8","B03","24.18212","120.688813","2"
"2019","8","6","7","46","臺中市","沙鹿區","0","0","0","8","","","50","","","","","","","","","","","","","","","","","","","","B03","","","1","","2","","","42","","1","22","","B03","24.222581","120.556833","3"
"2019","8","6","7","46","臺中市","潭子區","0","0","0","8","","","40","","","","","","","","","","","","","","","44","","","","","B12","","","1","","2","","","17","44","1","22","","B12","24.230633","120.683977","3"
"2019","8","6","7","50","臺中市","大雅區","0","2","0","8","1","5","50","14","9","1","5","4","5","7","1","1","5","5","5","1","17","19","2","8","1","1","C03","7","1","1","10","2","14","","19","19","1","21","8","C03","24.226821","120.656075","2"
"2019","8","6","7","51","臺中市","大甲區","0","1","0","8","1","5","40","4","1","1","5","4","5","7","4","4","10","5","5","2","15","6","2","9","2","1","C03","7","9","1","10","2","11","","6","6","1","10","8","C03","24.414717","120.6258","2"
"2019","8","6","7","53","臺中市","西屯區","0","1","0","8","1","5","40","14","7","1","5","4","5","7","4","4","5","5","4","2","17","26","2","9","1","1","C03","7","9","1","10","2","12","","26","26","1","22","8","C03","24.162949","120.657287","2"
"2019","8","6","7","53","臺中市","太平區","0","1","0","8","1","5","50","14","9","1","5","4","5","7","1","1","9","4","5","2","16","23","3","10","1","1","B03","7","9","1","8","2","2","","23","23","1","5","5","B03","24.155659","120.723095","2"
"2019","8","6","8","3","臺中市","北區","0","1","0","8","1","5","40","14","8","1","5","4","5","7","4","4","9","4","4","2","17","23","2","9","1","1","C03","7","9","1","10","2","11","","23","23","1","5","1","C03","24.16249","120.6659","2"
"2019","8","6","8","5","臺中市","霧峰區","0","0","0","8","","","70","","","","","","","","","","","","","","","","","","","","B12","","","1","","2","","","23","","1","","","B12","24.055977","120.6959","3"
"2019","8","6","8","10","臺中市","大甲區","0","2","0","8","1","5","50","4","2","1","5","4","5","7","1","1","5","5","5","1","17","23","2","9","1","1","C03","7","9","3","18","2","11","","23","23","1","22","9","C03","24.340683","120.61938","2"
"2019","8","6","8","11","臺中市","西屯區","0","1","0","8","1","5","40","3","1","1","5","4","5","7","1","1","5","5","5","2","16","9","3","10","1","1","B03","7","6","1","8","2","5","","9","9","1","22","8","B03","24.175131","120.603535","2"
"2019","8","6","8","13","臺中市","清水區","0","1","0","8","1","5","50","3","1","1","5","4","5","7","4","4","10","5","5","2","16","26","2","9","1","1","C03","7","9","1","10","2","14","","26","26","1","12","8","C03","24.269587","120.572174","2"
"2019","8","6","8","20","臺中市","東區","0","0","0","8","","","50","","","","","","","","","","","","","","","","","","","","B03","","","1","","2","","","26","","1","22","","B03","24.151628","120.694438","3"
"2019","8","6","8","27","臺中市","西屯區","0","1","0","8","1","5","40","4","2","1","5","4","5","7","4","4","5","2","4","2","12","9","3","10","1","1","B03","7","6","1","8","2","2","","9","9","1","22","1","B03","24.17505","120.622404","2"
"2019","8","6","8","30","臺中市","北區","0","0","0","8","","","50","","","","","","","","","","","","","","","","","","","","","","","7","","11","","","43","","","","","","24.15065","120.681681","3"
"2019","8","6","8","41","臺中市","南屯區","0","0","0","8","","","50","","","","","","","","","","","","","","","","","","","","B03","","","1","","2","","","42","","1","5","","B03","24.142184","120.641723","3"
"2019","8","6","8","42","臺中市","霧峰區","0","1","0","8","1","5","40","3","1","1","5","4","5","7","4","4","10","5","5","2","11","23","3","10","1","1","B12","7","5","1","8","2","8","","23","23","1","12","8","B12","24.065246","120.694704","2"
"2019","8","6","8","50","臺中市","西區","0","0","0","","","","","","","","","","","","","","","","","","","","","","","","B11","","","1","","2","","","23","","1","22","","B11","24.134565","120.665903","3"
"2019","8","6","8","53","臺中市","北區","0","2","0","8","1","5","40","14","8","1","5","4","5","1","4","4","7","4","4","2","13","16","2","9","1","1","C03","7","9","4","11","2","11","","16","16","1","5","8","C03","24.1535","120.69442","2"
"2019","8","6","9","15","臺中市","北區","0","0","0","8","","","50","","","","","","","","","","","","","","","","","","","","B03","","","1","","2","","","19","","1","22","","B03","24.150561","120.687996","3"
"2019","8","6","9","20","臺中市","太平區","0","1","0","8","1","5","50","3","1","1","5","4","5","7","2","1","10","5","5","2","17","26","3","10","1","1","B12","7","6","1","8","2","5","","26","26","1","10","8","B12","24.125665","120.713056","2"
"2019","8","6","9","30","臺中市","北區","0","0","0","8","","","50","","","","","","","","","","","","","","","","","","","","B12","","","1","","2","","","23","","1","","","B12","24.163046","120.680176","3"
"2019","8","6","9","30","臺中市","沙鹿區","0","2","0","8","1","5","50","4","1","1","5","4","5","7","1","1","10","5","5","2","16","43","2","8","1","1","C03","7","6","3","18","2","12","","43","43","1","21","8","C03","24.238488","120.559347","2"
"2019","8","6","9","40","臺中市","西屯區","0","0","0","8","","","40","","","","","","","","","","","","","","","12","","","","","B11","","","1","","2","","","12","12","1","","","B11","24.185286","120.616649","3"
"2019","8","6","9","44","臺中市","北屯區","0","1","0","7","1","5","50","4","1","1","5","4","5","7","1","1","10","1","5","2","15","25","3","10","1","1","B03","7","9","6","14","2","2","","25","25","1","21","8","B03","24.178201","120.658746","2"
"2019","8","6","9","46","臺中市","太平區","0","0","0","8","","","50","","","","","","","","","","","","","","","","","","","","B03","","","1","","2","","","23","","1","","","B03","24.148333","120.704444","3"
"2019","8","6","9","53","臺中市","西區","0","0","0","8","","","40","","","","","","","","","","","","","","","","","","","","B03","","","1","","2","","","17","","1","22","","B03","24.155678","120.656375","3"
"2019","8","6","9","53","臺中市","東區","0","0","0","8","1","5","50","4","1","1","5","4","5","7","1","1","9","4","4","2","15","25","","","","","B03","","9","1","8","2","8","","25","25","1","5","","B03","24.146376","120.706251","3"
"2019","8","6","9","53","臺中市","霧峰區","0","1","0","8","1","5","70","14","13","1","5","4","5","7","4","4","1","5","5","1","12","9","3","10","1","1","A12","7","6","1","7","2","2","","9","9","1","21","9","A12","24.058036","120.695402","2"
"2019","8","6","9","59","臺中市","西屯區","0","0","0","","","","","","","","","","","","","","","","","","","","","","","","A01","","","1","","2","","","16","","1","22","","A01","24.172356","120.634821","3"
"2019","8","6","10","2","臺中市","南屯區","0","0","0","8","","","50","","","","","","","","","","","","","","","","","","","","B03","","","1","","2","","","23","","1","5","","B03","24.128896","120.653258","3"
"2019","8","6","10","12","臺中市","潭子區","0","1","0","8","1","5","60","4","1","1","5","4","5","7","1","1","1","4","4","1","16","25","2","9","1","1","C03","7","9","1","10","2","11","","25","25","1","22","8","C03","24.220181","120.70624","2"
"2019","8","6","10","14","臺中市","烏日區","0","0","0","8","","","50","","","","","","","","","","","","","","","","","","","","B12","","","1","","2","","","12","","1","22","","B12","24.062406","120.638536","3"
"2019","8","6","10","20","臺中市","北屯區","0","1","0","8","1","5","50","4","1","1","5","4","5","7","1","1","10","5","5","2","16","6","3","10","1","1","B03","7","6","1","8","2","15","","6","6","1","22","8","B03","24.160809","120.727691","2"
"2019","8","6","10","22","臺中市","北區","0","0","0","8","","","50","","","","","","","","","","","","","","","","","","","","B01","","","1","","2","","","23","","1","10","","B01","24.16655","120.67312","3"
"2019","8","6","10","32","臺中市","龍井區","0","0","0","","","","","","","","","","","","","","","","","","","","","","","","C03","","","1","","2","","","14","","1","21","","C03","24.185838","120.581018","3"
"2019","8","6","10","36","臺中市","西屯區","0","0","0","8","","","50","","","","","","","","","","","","","","","","","","","","C03","","","1","","2","","","23","","1","22","","C03","24.171431","120.655775","3"
"2019","8","6","10","40","臺中市","大甲區","0","0","0","8","","","40","","","","","","","","","","","","","","","37","","","","","A12","","","1","","2","","","37","37","1","21","","A12","24.3418","120.617426","3"
"2019","8","6","10","45","臺中市","烏日區","0","0","0","8","","","50","","","","","","","","","","","","","","","","","","","","A02","","","1","","2","","","16","","1","22","","A02","24.085766","120.644178","3"
"2019","8","6","10","52","臺中市","西屯區","0","0","0","8","","","50","","","","","","","","","","","","","","","23","","","","","B12","","","1","","2","","","23","23","1","22","","B12","24.171084","120.603688","3"
"2019","8","6","10","55","臺中市","梧棲區","0","0","0","8","","","40","","","","","","","","","","","","","","","","","","","","B11","","","1","","2","","","6","","1","10","","B11","24.240482","120.53155","3"
"2019","8","6","11","0","臺中市","西屯區","0","1","0","8","1","5","50","4","1","1","5","4","5","7","1","1","5","5","4","2","16","6","3","10","1","1","B12","7","5","1","8","2","8","","6","6","1","22","8","B12","24.196798","120.642309","2"
"2019","8","6","11","0","臺中市","大雅區","0","1","0","8","1","5","50","4","1","1","5","4","5","7","1","1","5","4","4","1","17","6","3","10","1","1","B03","7","6","1","8","2","2","","6","6","1","21","8","B03","24.208711","120.62957","2"
"2019","8","6","11","3","臺中市","北區","0","1","0","8","1","5","50","4","1","1","5","4","5","7","1","1","10","5","5","2","16","6","3","10","1","1","B03","7","6","1","8","2","5","","6","6","1","22","8","B03","24.15571","120.687156","2"
"2019","8","6","11","6","臺中市","外埔區","0","1","0","8","1","5","50","3","7","1","5","4","5","7","2","1","4","2","4","1","12","7","2","9","1","1","C03","7","7","1","10","2","14","","7","7","1","21","8","C03","24.341509","120.639228","2"
"2019","8","6","11","10","臺中市","沙鹿區","0","0","0","8","","","60","","","","","","","","","","","","","","","","","","","","B03","","","1","","2","","","23","","1","4","","B03","24.239738","120.564016","3"
"2019","8","6","11","15","臺中市","北屯區","0","2","0","8","1","5","50","14","9","1","5","4","5","7","4","4","5","4","5","2","13","23","2","9","1","1","C03","7","9","1","10","2","11","","23","23","1","22","8","C03","24.1766","120.727088","2"
"2019","8","6","11","15","臺中市","清水區","0","0","0","","","","40","","","","","","","","","","","","","","","23","","","","","B12","","","1","","2","","","23","23","1","4","","B12","24.275416","120.57746","3"
"2019","8","6","11","25","臺中市","外埔區","0","0","0","","","","","","","","","","","","","","","","","","","25","","","","","B03","","","1","","2","","","25","25","1","21","","B03","24.32439","120.648779","3"
"2019","8","6","11","28","臺中市","南區","0","0","0","7","1","5","","4","1","1","5","4","5","7","4","4","9","5","5","2","17","42","3","10","1","1","B12","","","1","","2","2","","42","42","1","21","4","B12","24.129203","120.675273","3"
"2019","8","6","11","30","臺中市","東區","0","0","0","8","","","50","","","","","","","","","","","","","","","","","","","","B03","","","1","","2","","","6","","1","22","","B03","24.14109","120.7068","3"
"2019","8","6","11","42","臺中市","后里區","0","0","0","8","1","5","60","14","13","1","5","4","5","7","4","4","4","4","4","1","16","","","","","","B12","","","1","","2","","","23","","1","","","B12","24.340725","120.731938","3"
"2019","8","6","11","49","臺中市","北屯區","0","0","0","8","","","50","","","","","","","","","","","","","","","","","","","","B03","","","1","","2","","","23","","1","22","","B03","24.172442","120.683454","3"
"2019","8","6","11","55","臺中市","北區","0","1","0","8","1","5","40","14","8","1","5","4","5","7","4","4","1","4","5","2","17","19","3","10","1","1","B12","7","1","1","8","2","15","","19","19","1","22","9","B12","24.165746","120.671715","2"
"2019","8","6","12","4","臺中市","東區","0","0","0","6","1","5","50","14","7","1","4","4","5","7","4","","9","4","4","2","13","23","","","","","B03","","9","1","8","2","1","","23","23","1","5","","B03","24.142858","120.695945","3"
"2019","8","6","12","8","臺中市","神岡區","0","1","0","8","1","5","50","14","7","1","5","4","3","5","4","4","5","5","4","2","16","19","3","10","1","1","C03","7","1","1","10","2","11","","19","19","1","22","9","C03","24.250837","120.656348","2"
"2019","8","6","12","13","臺中市","北區","0","0","0","6","","","40","","","","","","","","","","","","","","","","","","","","B03","","","1","","2","","","6","","1","5","","B03","24.14899","120.678457","3"
"2019","8","6","12","30","臺中市","西區","0","0","0","6","","","50","","","","","","","","","","","","","","","","3","","","","B03","","","1","","2","","","23","","","21","","B03","24.131575","120.67254","4"
"2019","8","6","12","47","臺中市","大雅區","0","0","0","8","","","40","","","","","","","","","","","","","","","","","","","","B12","","","1","","2","","","5","","1","21","","B12","24.221394","120.662885","3"
"2019","8","6","12","50","臺中市","西區","0","2","0","7","1","5","50","3","9","1","4","4","5","7","4","4","5","5","5","2","16","6","2","8","1","1","C03","7","6","1","10","2","14","","6","6","1","22","8","C03","24.135153","120.656763","2"
"2019","8","6","12","50","臺中市","龍井區","0","1","0","8","1","5","50","4","1","1","5","4","5","7","1","1","10","5","5","2","15","43","3","10","1","1","C03","7","9","1","10","2","12","","43","43","1","21","8","C03","24.196656","120.546474","2"
"2019","8","6","12","53","臺中市","中區","0","0","0","8","","","50","","","","","","","","","","","","","","","","","","","","B12","","","1","","2","","","17","","1","22","","B12","24.147053","120.678768","3"
"2019","8","6","12","54","臺中市","太平區","0","0","0","8","","","40","","","","","","","","","","","","","","","","","","","","B03","","","1","","2","","","18","","2","19","","B03","24.154082","120.708817","3"
"2019","8","6","13","46","臺中市","西屯區","0","1","0","8","1","5","35","11","9","1","5","4","5","7","4","4","10","5","5","2","17","23","3","10","1","1","C03","7","9","1","10","2","12","","23","23","1","22","9","C03","24.174682","120.633222","2"
"2019","8","6","13","48","臺中市","梧棲區","0","0","0","8","","","50","","","","","","","","","","","","","","","","","","","","B12","","","1","","2","","","10","","1","5","","B12","24.257313","120.531625","3"
"2019","8","6","13","53","臺中市","大里區","0","1","0","6","1","5","50","14","7","1","4","4","5","7","1","1","3","2","5","1","17","23","2","9","1","1","C03","7","9","1","10","2","12","","23","23","1","21","8","C03","24.091976","120.6911","2"
"2019","8","6","13","55","臺中市","南區","0","2","0","7","1","5","50","4","1","1","5","4","5","7","1","1","9","4","5","2","16","23","3","10","1","1","B12","7","9","1","8","2","4","","23","23","1","5","8","B12","24.126588","120.669841","2"
"2019","8","6","13","56","臺中市","大里區","0","1","0","6","1","5","50","4","1","1","4","4","5","7","3","1","10","5","5","2","11","6","3","10","1","1","B12","7","5","1","6","2","5","","6","6","1","10","8","B12","24.085773","120.670655","2"
"2019","8","6","13","58","臺中市","北區","0","0","0","8","","","50","","","","","","","","","","","","","","","","","","","","B03","","","1","","2","","","43","","1","","","B03","24.157632","120.682216","3"
"2019","8","6","13","58","臺中市","西屯區","0","1","0","8","1","5","80","10","7","1","5","4","5","7","4","4","1","4","5","2","13","42","2","9","1","1","B03","7","9","1","8","2","1","","42","42","1","22","8","B03","24.197333","120.650354","2"
"2019","8","6","14","0","臺中市","豐原區","0","0","0","8","","","50","","","","","","","","","","","","","","","","","","","","","","","7","","9","","","43","","2","","","","24.251718","120.720605","3"
"2019","8","6","14","3","臺中市","西屯區","0","0","0","8","","","40","","","","","","","","","","","","","","","7","","","","","B03","","","1","","2","","","9","7","1","","","B03","24.16388","120.647868","3"
"2019","8","6","14","6","臺中市","北區","0","0","0","8","","","50","","","","","","","","","","","","","","","","","","","","B03","","","1","","2","","","12","","1","22","","B03","24.15734","120.680764","3"
"2019","8","6","14","7","臺中市","西屯區","0","1","0","8","1","5","40","4","2","1","5","4","5","7","2","1","1","4","1","2","16","6","3","10","1","1","B03","7","6","1","8","2","2","","6","6","1","22","8","B03","24.167505","120.641058","2"
"2019","8","6","14","17","臺中市","外埔區","0","1","0","8","1","5","50","3","2","1","5","4","5","7","1","1","4","5","4","1","16","22","2","9","1","1","B03","7","9","1","8","2","8","","22","22","1","5","8","B03","24.341345","120.639483","2"
"2019","8","6","14","20","臺中市","北屯區","0","1","0","8","1","5","50","4","1","1","5","4","5","7","1","1","10","5","5","2","16","25","3","10","1","1","C03","7","5","1","10","2","11","","25","25","1","22","8","C03","24.174889","120.67434","2"
"2019","8","6","14","25","臺中市","大里區","0","2","0","6","1","5","50","14","7","1","4","4","5","7","3","1","5","5","4","1","17","26","2","9","1","1","C03","7","1","2","18","2","12","","26","26","1","15","9","C03","24.094478","120.709645","2"
"2019","8","6","14","30","臺中市","烏日區","1","0","0","8","1","5","40","14","9","1","5","4","5","7","4","4","10","5","5","1","9","30","3","10","3","4","B12","7","9","1","4","3","15","","30","30","1","21","8","B12","24.081411","120.628588","1"
"2019","8","6","14","30","臺中市","大甲區","0","0","0","8","","","50","","","","","","","","","","","","","","","","","","","","B12","","","1","","2","","","43","","1","4","","B12","24.40536","120.651995","3"
"2019","8","6","14","40","臺中市","大甲區","0","0","0","8","","","50","","","","","","","","","","","","","","","","","","","","A12","","","1","","2","","","23","","","","","A12","24.351656","120.61425","3"
"2019","8","6","14","42","臺中市","北屯區","0","1","0","8","1","5","50","4","1","1","5","4","5","7","2","1","10","5","5","2","16","6","3","10","1","1","B03","7","6","1","8","2","6","","6","6","1","21","8","B03","24.18216","120.686033","2"
"2019","8","6","14","54","臺中市","北區","0","1","0","8","1","5","50","4","1","1","5","4","5","7","1","1","8","4","5","2","16","26","3","10","1","1","B03","7","6","1","8","2","5","","26","26","1","5","8","B03","24.16319","120.68232","2"
"2019","8","6","14","55","臺中市","西屯區","0","0","0","8","","","50","","","","","","","","","","","","","","","","","","","","B03","","","1","","2","","","23","","1","22","","B03","24.163691","120.648008","3"
"2019","8","6","14","56","臺中市","北區","0","0","0","8","","","50","","","","","","","","","","","","","","","","3","","","","B03","","","1","","2","","","6","","1","22","","B03","24.167447","120.672965","3"
"2019","8","6","15","11","臺中市","西屯區","0","0","0","8","","","40","","","","","","","","","","","","","","16","6","","","","","B03","","","1","","2","5","","6","6","1","22","","B03","24.199645","120.654908","3"
"2019","8","6","15","15","臺中市","南屯區","0","1","0","8","1","5","50","4","2","1","5","4","5","7","2","1","1","2","4","2","12","7","3","10","1","1","B12","7","7","1","8","2","6","","7","7","1","4","8","B12","24.142583","120.637978","2"
"2019","8","6","15","16","臺中市","大甲區","0","1","0","8","1","5","50","4","1","1","5","4","3","5","4","4","10","5","5","2","15","6","2","1","1","1","B03","7","9","1","8","2","4","","6","6","1","5","8","B03","24.35289","120.620049","2"
"2019","8","6","15","25","臺中市","大雅區","0","0","0","8","","","50","","","","","","","","","","","","","","","","","","","","B03","","","1","","2","","","23","","1","22","","B03","24.2252","120.64655","3"
"2019","8","6","15","32","臺中市","新社區","0","0","0","8","","","50","","","","","","","","","","","","","","","","","","","","B03","","","1","","2","","","23","","1","21","","B03","24.236203","120.815001","3"
"2019","8","6","15","39","臺中市","梧棲區","0","0","0","8","","","70","","","","","","","","","","","","","","","","","","","","B03","","","1","","2","","","7","","1","20","","B03","24.246771","120.544016","3"
"2019","8","6","15","40","臺中市","東勢區","0","0","0","8","","","50","","","","","","","","","","","","","","","","","","","","B12","","","1","","2","","","19","","1","21","","B12","24.285455","120.791718","3"
"2019","8","6","15","45","臺中市","北區","0","2","0","8","1","5","50","14","8","1","5","4","5","7","4","4","3","4","4","2","17","23","3","10","1","1","C03","7","9","3","18","2","11","","23","23","1","21","8","C03","24.146227","120.68616","2"
"2019","8","6","15","47","臺中市","西屯區","0","0","0","8","","","50","","","","","","","","","","","","","","","","","","","","B12","","","1","","2","","","26","","1","","","B12","24.17608","120.651146","3"
"2019","8","6","15","50","臺中市","大雅區","0","0","0","8","","","50","","","","","","","","","","","","","","","","","","","","B03","","","1","","2","","","19","","1","21","","B03","24.209989","120.630213","3"
"2019","8","6","15","58","臺中市","梧棲區","0","0","0","8","","","50","","","","","","","","","","","","","","","","","","","","B03","","","1","","2","","","6","","1","9","","B03","24.239516","120.548823","3"
"2019","8","6","16","0","臺中市","大里區","0","0","0","8","","","40","","","","","","","","","","","","","","","","","","","","A12","","","1","","2","","","12","","1","10","","A12","24.086938","120.736478","3"
"2019","8","6","16","5","臺中市","西區","0","1","0","8","1","5","50","3","1","1","5","4","5","7","4","4","10","5","5","2","17","10","3","10","1","1","B12","7","11","1","8","2","8","","10","10","1","22","9","B12","24.137408","120.674301","2"
"2019","8","6","16","10","臺中市","太平區","0","0","0","8","","","40","","","","","","","","","","","","","","","","","","","","B03","","","1","","2","","","12","","1","20","","B03","24.159313","120.70711","3"
"2019","8","6","16","19","臺中市","西區","0","3","0","8","1","5","50","4","1","1","5","4","5","7","1","1","10","5","5","2","15","25","2","9","1","1","C03","7","9","1","10","2","11","","25","25","1","21","5","C03","24.130886","120.667901","2"
"2019","8","6","16","20","臺中市","和平區","0","0","0","8","1","7","40","11","9","1","5","4","5","1","4","4","5","5","5","1","11","26","3","10","3","4","B03","7","6","1","8","2","8","","26","26","1","22","9","B03","24.287727","120.90395","3"
"2019","8","6","16","50","臺中市","豐原區","0","0","0","8","","","60","","","","","","","","","","","","","","","","","","","","B03","","","1","","2","","","23","","1","22","","B03","24.236213","120.722411","3"
"2019","8","6","16","54","臺中市","烏日區","0","0","0","8","","","70","","","","","","","","","","","","","","","","","","","","B12","","","1","","2","","","9","","1","","","B12","24.106717","120.614031","3"
"2019","8","6","16","57","臺中市","北屯區","0","2","0","8","1","5","50","14","9","1","5","4","5","7","4","4","9","5","4","2","17","19","2","9","1","1","C03","7","9","1","10","2","12","","44","19","1","20","8","C03","24.180134","120.712716","2"
"2019","8","6","17","1","臺中市","北區","0","1","0","8","1","5","50","4","1","1","5","4","5","7","1","1","10","5","5","2","16","23","3","10","1","1","B03","7","5","1","8","2","2","","23","23","1","22","8","B03","24.15284","120.689088","2"
"2019","8","6","17","9","臺中市","西屯區","0","0","0","8","","","1","","","","","","","","","","","","","","","19","","","","","B03","","","1","","2","","","19","19","1","","","B03","24.16331","120.644268","3"
"2019","8","6","17","12","臺中市","后里區","0","1","0","8","1","5","50","4","1","1","5","4","5","7","1","1","10","5","5","2","16","6","3","10","1","1","B03","7","5","1","8","2","5","","6","6","1","21","8","B03","24.314715","120.724208","2"
"2019","8","6","17","13","臺中市","東區","0","0","0","8","","","50","","","","","","","","","","","","","","","","","","","","B01","","","1","","2","","","26","","1","","","B01","24.129651","120.705996","3"
"2019","8","6","17","13","臺中市","大雅區","0","1","0","8","1","5","50","3","1","1","5","4","5","7","4","4","9","4","5","1","17","1","2","9","1","1","C03","7","9","1","10","2","11","","1","1","1","22","9","C03","24.224514","120.657248","2"
"2019","8","6","17","15","臺中市","北區","0","1","0","8","1","5","50","3","1","1","5","4","5","7","4","4","9","5","5","2","16","19","3","10","1","1","B03","7","1","1","8","2","1","","19","19","1","22","8","B03","24.16146","120.690249","2"
"2019","8","6","17","15","臺中市","大甲區","0","2","0","8","1","5","50","5","1","1","5","4","5","7","1","1","3","5","5","1","12","23","2","9","1","1","C03","7","9","1","10","2","12","","23","23","1","4","8","C03","24.396008","120.657773","2"
"2019","8","6","17","15","臺中市","神岡區","0","1","0","8","1","5","50","4","1","1","5","4","5","7","4","4","5","4","4","2","16","6","3","10","1","1","B12","7","5","1","8","2","1","","6","6","1","21","8","B12","24.250156","120.677408","2"
"2019","8","6","17","19","臺中市","北區","0","2","0","8","1","5","50","14","7","1","5","4","5","7","1","1","1","5","4","2","16","6","2","9","1","1","C03","7","7","1","10","2","13","","6","6","1","5","8","C03","24.159749","120.69409","2"
"2019","8","6","17","20","臺中市","大雅區","0","2","0","8","1","5","50","3","2","1","5","4","5","7","4","4","5","5","5","1","17","1","2","9","4","5","F02","7","4","8","20","2","16","","1","1","1","21","8","F02","24.224891","120.656162","2"
"2019","8","6","17","20","臺中市","神岡區","0","0","0","8","","","50","","","","","","","","","","","","","","","6","","","","","B03","","","1","","2","","","6","6","1","21","","B03","24.257067","120.696962","3"