"年","月","日","時","分","縣市","區","死","受傷","2-30","天候","光線","道路類別","速限","道路型態","事故位置","路面鋪裝","路面狀態","路面缺陷","障礙物","視距","號誌種類","號誌動作","分向設施","快車道或一般車道間","快慢車道間","路面邊線","事故類型及型態","主要肇因","受傷程度","主要傷處","保護裝備","行動電話","當事者區分(類別)","車輛用途","當事者行動狀態","駕駛資格情形","駕駛執照種類","飲酒情形","車輛撞擊部位最初","車輛撞擊部位其他","肇事因素個別","肇事因素主要","肇事逃逸","職業","旅次目的","車種","GPS座標(緯度)","GPS座標(經度)","事故類別"
"2019","8","6","17","25","臺中市","大里區","0","1","0","8","1","5","40","4","1","1","5","4","3","7","4","4","10","5","5","2","10","23","2","9","1","1","C03","7","9","1","10","2","11","","23","23","1","18","8","C03","24.107613","120.709701","2"
"2019","8","6","17","26","臺中市","潭子區","0","0","0","8","","","60","","","","","","","","","","","","","","","","","","","","B12","","","1","","2","","","25","","","21","","B12","24.227124","120.708076","3"
"2019","8","6","17","27","臺中市","潭子區","0","0","0","8","1","5","60","14","7","1","5","4","5","7","4","4","3","4","4","1","13","","","","","","B03","","","1","","2","","","23","","1","22","","B03","24.222246","120.706606","3"
"2019","8","6","17","28","臺中市","北屯區","0","2","0","8","1","5","50","4","1","1","5","4","5","7","1","1","10","5","5","2","12","43","2","8","1","1","C03","7","15","1","10","2","12","","43","43","1","5","8","C03","24.183202","120.696208","2"
"2019","8","6","17","31","臺中市","北區","0","0","0","8","","","50","","","","","","","","","","","","","","","23","","","","","B03","","","1","","10","","","44","23","1","","","B03","24.147858","120.686721","3"
"2019","8","6","17","32","臺中市","豐原區","0","0","0","8","","","50","","","","","","","","","","","","","","","19","","","","","B03","","","1","","2","","","19","19","","","","B03","24.250947","120.706299","3"
"2019","8","6","17","35","臺中市","豐原區","0","0","0","","","","","","","","","","","","","","","","","","","","","","","","A11","","","1","","2","","","67","","1","10","","A11","24.2587","120.73589","3"
"2019","8","6","17","40","臺中市","潭子區","0","1","0","8","1","5","60","3","2","1","5","4","5","7","1","1","1","4","4","1","16","7","3","10","1","1","B03","7","8","1","8","2","5","","7","7","1","4","1","B03","24.187285","120.702466","2"
"2019","8","6","17","43","臺中市","西屯區","0","1","0","8","1","5","50","14","9","1","5","4","5","7","4","4","5","4","5","2","17","26","3","10","3","4","B03","7","5","1","10","2","6","","26","26","1","22","8","B03","24.175498","120.646028","2"
"2019","8","6","17","44","臺中市","北區","0","1","0","8","1","5","50","3","2","1","5","4","5","7","1","1","10","5","5","2","13","23","3","10","1","1","B03","7","9","6","18","2","1","","23","23","1","22","8","B03","24.149116","120.681774","2"
"2019","8","6","17","46","臺中市","北區","0","1","0","8","1","5","50","3","1","1","5","4","5","7","4","4","10","5","5","2","16","6","3","10","1","1","B03","7","5","1","8","2","1","","6","6","1","22","8","B03","24.159227","120.667092","2"
"2019","8","6","17","49","臺中市","沙鹿區","0","0","0","8","","","50","","","","","","","","","","","","","","","","","","","","B03","","","1","","2","","","42","","1","4","","B03","24.259295","120.600993","3"
"2019","8","6","17","49","臺中市","大甲區","0","1","0","8","1","5","40","14","9","1","5","4","5","7","1","1","9","5","5","1","13","16","3","10","3","4","C03","7","9","1","10","2","11","","16","16","1","22","8","C03","24.345994","120.619597","2"
"2019","8","6","17","50","臺中市","北區","0","2","0","8","1","5","50","4","1","1","5","4","5","7","1","1","5","4","4","2","17","6","3","10","1","1","B12","7","6","1","8","2","2","","6","6","1","21","8","B12","24.162841","120.669201","2"
"2019","8","6","17","52","臺中市","南屯區","0","0","0","8","","","50","","","","","","","","","","","","","","","","","","","","B03","","","1","","2","","","18","","1","22","","B03","24.135458","120.65301","3"
"2019","8","6","17","52","臺中市","大雅區","0","0","0","8","","","40","","","","","","","","","","","","","","","","","","","","B12","","","1","","2","","","5","","1","","","B12","24.229004","120.622558","3"
"2019","8","6","17","53","臺中市","北屯區","0","1","0","8","1","5","50","14","9","1","5","4","5","7","4","4","1","4","5","2","13","23","3","10","1","1","B03","7","9","1","8","2","1","","23","23","1","21","8","B03","24.183126","120.682178","2"
"2019","8","6","17","58","臺中市","大雅區","0","0","0","8","","","50","","","","","","","","","","","","","","","","","","","","A41","","","1","","2","","","7","","1","22","","A41","24.22116","120.65304","3"
"2019","8","6","17","59","臺中市","北屯區","0","2","0","8","2","5","50","4","1","1","5","4","5","7","1","1","10","5","5","2","16","6","2","9","1","1","C03","7","5","1","10","2","12","","6","6","1","21","8","C03","24.176593","120.691096","2"
"2019","8","6","18","0","臺中市","大甲區","0","0","0","8","1","6","40","11","9","1","5","4","5","7","4","4","10","5","5","1","11","23","3","10","3","1","B03","7","6","1","8","2","1","","23","23","1","22","8","B03","24.397709","120.638601","3"
"2019","8","6","18","0","臺中市","大甲區","0","1","0","8","2","5","50","4","1","1","5","4","5","7","1","1","10","5","5","1","16","6","2","9","1","1","C03","7","5","1","10","2","11","","6","6","1","4","8","C03","24.351288","120.62737","2"
"2019","8","6","18","1","臺中市","東區","0","0","0","8","","","50","","","","","","","","","","","","","","","","","","","","B03","","","1","","2","","","16","","1","","","B03","24.147408","120.699281","3"
"2019","8","6","18","5","臺中市","潭子區","0","2","0","8","1","5","50","4","7","1","5","4","5","7","4","4","5","4","4","2","13","23","2","2","1","1","B03","7","5","1","8","2","1","","23","23","1","21","8","B03","24.206318","120.706643","2"
"2019","8","6","18","12","臺中市","太平區","0","0","0","8","","","50","","","","","","","","","","","","","","","","","","","","B03","","","1","","9","","","26","","2","20","","B03","24.134708","120.732175","3"
"2019","8","6","18","16","臺中市","北區","0","3","0","8","3","5","50","3","1","1","5","4","5","7","4","4","10","5","5","2","16","19","2","9","1","1","C03","7","1","1","10","2","14","","19","19","1","22","8","C03","24.147964","120.686666","2"
"2019","8","6","18","16","臺中市","西屯區","0","1","0","8","1","5","40","3","1","1","5","4","5","7","4","4","10","5","5","2","11","23","2","9","3","4","C03","7","9","1","10","2","11","","23","23","1","22","9","C03","24.166065","120.659034","2"
"2019","8","6","18","18","臺中市","太平區","0","0","0","8","","","40","","","","","","","","","","","","","","","","","","","","B03","","","1","","2","","","12","","1","21","","B03","24.112898","120.722308","3"
"2019","8","6","18","19","臺中市","潭子區","0","0","0","8","2","5","40","14","16","1","5","4","5","7","4","4","10","5","5","1","13","","","","","","B03","","","1","","2","","","16","","1","22","","B03","24.201422","120.69849","3"
"2019","8","6","18","20","臺中市","太平區","0","0","0","8","","","50","","","","","","","","","","","","","","","","","","","","C03","","","1","","2","","","43","","1","22","","C03","24.149605","120.7248","3"
"2019","8","6","18","22","臺中市","太平區","0","0","0","8","","","50","","","","","","","","","","","","","","","","","","","","A12","","","1","","2","","","12","","1","21","","A12","24.103113","120.716214","3"
"2019","8","6","18","24","臺中市","西屯區","0","0","0","8","","","60","","","","","","","","","","","","","","","","","","","","B03","","","1","","2","","","7","","1","4","","B03","24.16853","120.639816","3"
"2019","8","6","18","25","臺中市","大甲區","0","1","0","8","2","5","50","4","1","1","5","4","5","7","4","4","10","5","5","2","15","6","3","10","1","1","B03","7","9","1","8","2","1","","6","6","1","21","8","B03","24.343461","120.629913","2"
"2019","8","6","18","28","臺中市","北區","0","0","0","8","","","50","","","","","","","","","","","","","","","","3","","","","B03","","","1","","2","","","23","","1","22","","B03","24.16555","120.683636","3"
"2019","8","6","18","30","臺中市","太平區","0","0","0","8","","","50","","","","","","","","","","","","","","","","","","","","B03","","","1","","2","","","23","","1","21","","B03","24.133319","120.713851","3"
"2019","8","6","18","30","臺中市","太平區","0","0","0","8","","","50","","","","","","","","","","","","","","","","","","","","B03","","","1","","1","","","44","","1","21","","B03","24.143725","120.722867","3"
"2019","8","6","18","30","臺中市","大雅區","0","0","0","","","","","","","","","","","","","","","","","","","","","","","","B03","","","1","","2","","","23","","1","21","","B03","24.22151","120.645645","3"
"2019","8","6","18","36","臺中市","西區","0","1","0","8","3","5","50","4","1","1","5","4","5","7","2","1","10","5","5","2","16","6","3","10","1","1","B03","7","6","1","8","2","2","","6","6","1","21","8","B03","24.133551","120.675427","2"
"2019","8","6","18","37","臺中市","西屯區","0","0","0","8","","","80","","","","","","","","","","","","","","","23","","","","","B03","","","1","","2","","","23","23","1","22","","B03","24.200751","120.663673","3"
"2019","8","6","18","39","臺中市","西屯區","0","2","0","8","1","5","40","14","9","1","5","4","5","7","4","4","10","5","5","2","10","23","2","9","1","1","C03","7","9","1","10","2","11","","23","23","1","22","9","C03","24.200148","120.633043","2"
"2019","8","6","18","40","臺中市","沙鹿區","0","0","0","8","","","50","","","","","","","","","","","","","","","","","","","","B03","","","1","","2","","","15","","","19","","B03","24.238069","120.56033","3"
"2019","8","6","18","52","臺中市","西屯區","0","0","0","8","","","60","","","","","","","","","","","","","","13","42","","","","","B03","","","1","","2","1","","42","42","1","22","","B03","24.165693","120.64432","3"
"2019","8","6","19","7","臺中市","北區","0","0","0","8","","","50","","","","","","","","","","","","","","","23","","","","","B03","","","1","","2","","","6","23","1","5","","B03","24.160293","120.691756","3"
"2019","8","6","19","8","臺中市","烏日區","0","3","0","7","3","5","40","3","2","1","5","4","5","7","1","1","1","4","4","1","13","23","2","9","1","1","C03","7","9","1","10","2","11","","23","23","1","21","8","C03","24.1142","120.585011","2"
"2019","8","6","19","10","臺中市","潭子區","0","0","0","8","","","40","","","","","","","","","","","","","","","","","","","","A11","","","1","","2","","","42","","","21","","A11","24.200781","120.726946","3"
"2019","8","6","19","28","臺中市","龍井區","0","0","0","8","","","50","","","","","","","","","","","","","","","","","","","","A41","","","1","","2","","","9","","1","10","","A41","24.210235","120.505293","3"
"2019","8","6","19","34","臺中市","西屯區","0","1","0","8","3","5","40","11","9","1","5","4","5","7","4","4","1","5","5","2","18","13","2","9","3","4","C03","7","6","3","18","2","14","","13","13","1","22","9","C03","24.175667","120.628644","2"
"2019","8","6","20","3","臺中市","南區","0","1","0","8","3","5","50","14","7","1","5","4","5","7","4","4","1","4","5","2","16","7","3","10","1","1","C03","7","7","1","10","2","14","","7","7","1","5","8","C03","24.127333","120.669595","2"
"2019","8","6","20","5","臺中市","太平區","0","1","0","8","3","5","40","3","1","1","5","4","5","7","4","4","10","5","5","2","16","19","3","10","1","1","C03","7","1","1","10","2","11","","19","19","1","9","8","C03","24.123092","120.715934","2"
"2019","8","6","20","9","臺中市","西區","0","1","0","8","3","5","40","3","1","1","5","4","5","7","3","1","10","5","5","2","17","6","2","9","1","1","C03","7","5","1","10","2","14","","6","6","1","22","9","C03","24.153971","120.657576","2"
"2019","8","6","20","9","臺中市","太平區","0","1","0","8","3","5","50","3","1","1","5","4","5","7","4","4","5","5","4","1","3","23","3","10","1","1","C03","7","9","1","10","2","11","","23","23","1","12","8","C03","24.131515","120.722534","2"
"2019","8","6","20","20","臺中市","中區","0","1","0","8","3","5","50","4","1","1","5","4","5","7","2","1","10","5","5","2","16","9","3","10","1","1","B03","7","6","1","8","2","5","","9","9","1","2","9","B03","24.143267","120.678089","2"
"2019","8","6","20","20","臺中市","潭子區","0","0","0","8","3","5","60","14","7","1","5","4","5","7","4","4","3","3","4","1","12","","","","","","B03","","","1","","2","","","23","","1","22","","B03","24.215067","120.705198","3"
"2019","8","6","20","25","臺中市","西區","0","0","0","8","","","50","","","","","","","","","","","","","","","","","","","","B03","","","1","","2","","","6","","1","21","","B03","24.137962","120.66261","3"
"2019","8","6","20","26","臺中市","北屯區","0","2","0","8","3","5","50","4","1","1","5","4","5","7","4","4","10","5","5","2","15","6","2","7","1","1","C03","7","9","1","10","2","11","","6","6","1","5","8","C03","24.178168","120.692578","2"
"2019","8","6","20","36","臺中市","太平區","0","1","0","8","4","5","50","14","8","1","5","4","5","7","4","4","5","5","4","2","17","42","2","9","1","1","C03","7","9","6","18","2","11","","42","42","1","5","8","C03","24.150305","120.6998","2"
"2019","8","6","20","38","臺中市","神岡區","0","1","0","8","3","5","50","3","9","1","5","4","5","7","4","4","5","5","5","1","13","23","2","8","1","1","C03","7","9","1","10","2","11","","23","23","1","21","8","C03","24.260769","120.706257","2"
"2019","8","6","20","47","臺中市","南區","0","1","0","8","3","5","50","14","8","1","5","4","5","7","4","4","1","4","4","2","18","13","2","9","1","1","C03","7","9","1","10","2","12","","13","13","1","5","8","C03","24.119033","120.67904","2"
"2019","8","6","20","51","臺中市","沙鹿區","0","1","0","8","3","5","50","14","9","1","5","4","5","7","4","4","5","5","5","2","18","23","2","8","1","1","C03","7","9","1","10","2","12","","23","23","1","5","5","C03","24.239004","120.562208","2"
"2019","8","6","20","55","臺中市","清水區","0","1","0","8","1","5","50","14","7","1","5","4","5","7","4","4","9","5","4","2","13","23","3","10","1","1","B03","7","9","1","8","2","8","","23","23","1","21","8","B03","24.27833","120.61224","2"
"2019","8","6","21","24","臺中市","西屯區","0","2","0","8","3","5","40","14","7","1","5","4","5","7","4","4","5","4","4","2","16","10","3","10","3","4","B03","7","11","1","17","2","8","","10","10","1","22","9","B03","24.190136","120.621468","2"
"2019","8","6","21","30","臺中市","西屯區","0","0","0","8","","","50","","","","","","","","","","","","","","","","","","","","B03","","","1","","2","","","23","","1","","","B03","24.16931","120.636036","3"
"2019","8","6","21","42","臺中市","新社區","0","1","0","7","3","5","50","14","9","1","5","4","5","7","1","1","5","5","5","1","13","23","2","9","1","1","C03","7","9","1","10","2","11","","23","23","1","9","8","C03","24.203013","120.797436","2"
"2019","8","6","22","5","臺中市","北區","0","0","0","8","","","40","","","","","","","","","","","","","","","","","","","","C03","","","2","","2","","","6","","1","22","","C03","24.154378","120.686746","3"
"2019","8","6","22","13","臺中市","西屯區","0","0","0","8","","","50","","","","","","","","","","","","","","","","","","","","B03","","","1","","2","","","16","","1","","","B03","24.180155","120.63909","3"
"2019","8","6","22","23","臺中市","沙鹿區","0","2","0","8","3","5","50","4","1","1","5","4","5","7","1","1","10","5","5","2","13","23","2","9","1","1","C03","7","9","1","10","2","11","","23","23","1","5","5","C03","24.230423","120.564653","2"
"2019","8","6","22","56","臺中市","北區","0","0","0","8","","","40","","","","","","","","","","","","","","","","","","","","B02","","","1","","2","","","12","","1","22","","B02","24.15965","120.671584","3"
"2019","8","6","23","1","臺中市","大雅區","0","2","0","8","3","5","40","4","1","1","5","4","5","7","3","1","10","5","5","2","15","21","2","8","1","1","C03","7","9","1","10","5","11","","21","21","1","21","8","C03","24.239381","120.667225","2"
"2019","8","6","23","18","臺中市","西屯區","0","1","0","8","3","5","50","15","22","4","5","4","5","7","4","4","10","5","5","2","16","10","2","2","1","1","B02","7","11","2","18","2","1","","10","10","1","22","8","B02","24.165665","120.66041","2"
"2019","8","7","4","26","臺中市","沙鹿區","0","1","0","7","3","5","50","14","9","1","5","4","5","7","4","4","9","4","5","2","16","42","2","9","1","1","C03","7","9","2","18","6","12","","42","42","1","20","9","C03","24.226991","120.566799","2"
"2019","8","7","4","28","臺中市","大肚區","0","0","0","","","","","","","","","","","","","","","","","","","","","","","","A41","","","1","","9","","","12","","2","10","","A41","24.116951","120.57867","3"
"2019","8","7","5","2","臺中市","潭子區","0","2","0","8","2","5","40","14","8","1","5","4","5","7","4","4","1","4","4","1","2","23","2","9","1","1","C03","7","9","1","10","2","11","","23","23","1","22","9","C03","24.221561","120.689419","2"
"2019","8","7","5","38","臺中市","梧棲區","0","1","0","8","1","5","50","4","1","1","5","4","5","7","4","4","10","5","5","2","16","6","3","10","1","1","B12","7","6","1","8","2","5","","6","6","1","7","1","B12","24.254114","120.5324","2"
"2019","8","7","6","26","臺中市","龍井區","0","1","0","8","1","5","50","4","1","1","5","4","5","7","3","1","10","5","5","2","3","60","2","9","4","5","H01","8","16","8","20","2","16","","60","60","1","19","8","H01","24.196221","120.549008","2"
"2019","8","7","6","47","臺中市","大甲區","0","0","0","8","","","50","","","","","","","","","","","","","","","","","","","","B03","","","1","","2","","","44","","1","4","","B03","24.348345","120.619816","3"
"2019","8","7","6","50","臺中市","大肚區","0","1","0","8","1","5","40","14","9","1","5","4","5","7","4","4","10","5","5","1","12","19","3","10","1","1","G06","7","1","1","10","2","15","","19","19","1","7","8","G06","24.12755","120.547643","2"
"2019","8","7","6","57","臺中市","霧峰區","0","1","0","8","1","5","40","14","9","1","5","4","5","7","4","4","5","5","5","1","17","40","3","10","1","1","B03","7","13","1","8","2","4","","40","40","1","5","3","B03","24.074726","120.711571","2"
"2019","8","7","7","1","臺中市","北屯區","0","1","0","8","1","5","60","14","7","1","5","4","5","7","4","4","1","4","4","2","16","7","3","10","1","1","B03","7","7","1","8","2","7","","7","7","1","21","8","B03","24.162933","120.720207","2"
"2019","8","7","7","24","臺中市","龍井區","0","2","0","8","1","5","40","4","1","1","5","4","5","7","1","1","10","5","5","2","16","6","3","10","1","1","B03","7","6","1","8","2","2","","6","6","1","21","1","B03","24.186876","120.577713","2"
"2019","8","7","7","27","臺中市","北屯區","0","0","0","8","","","50","","","","","","","","","","","","","","","","","","","","B03","","","1","","2","","","6","","1","22","","B03","24.162868","120.720464","3"
"2019","8","7","7","27","臺中市","東勢區","0","2","0","8","1","5","40","11","9","1","5","4","5","1","4","4","10","5","5","1","11","5","2","9","1","1","C03","7","5","2","18","2","11","14","5","5","1","22","8","C03","24.226645","120.879132","2"
"2019","8","7","7","30","臺中市","沙鹿區","0","1","0","8","1","5","50","4","1","1","5","4","5","7","1","1","10","5","5","2","16","43","2","8","1","1","C03","7","5","1","10","2","14","","43","43","1","20","8","C03","24.223264","120.568707","2"
"2019","8","7","7","34","臺中市","東區","0","0","0","8","1","5","50","3","1","1","5","4","5","7","1","1","9","4","4","2","13","23","","","","","B03","","9","1","8","2","1","","23","23","1","5","","B03","24.135601","120.708075","3"
"2019","8","7","7","35","臺中市","北屯區","0","0","0","8","","","50","","","","","","","","","","","","","","","43","","","","","B03","","","1","","10","","","44","43","1","21","","B03","24.181471","120.665471","3"
"2019","8","7","7","36","臺中市","南區","0","0","0","8","","","50","","","","","","","","","","","","","","","","","","","","B03","","","1","","2","","","23","","1","","","B03","24.118148","120.65892","3"
"2019","8","7","7","37","臺中市","太平區","0","1","0","8","1","5","50","5","1","1","5","4","5","7","2","1","10","5","5","2","16","6","3","10","1","1","B12","7","6","1","8","2","6","","6","6","1","21","8","B12","24.151332","120.710864","2"
"2019","8","7","7","37","臺中市","大雅區","0","0","0","8","","","50","","","","","","","","","","","","","","","","","","","","B03","","","1","","2","","","23","","1","","","B03","24.230463","120.656752","3"
"2019","8","7","7","39","臺中市","西屯區","0","0","0","8","","","50","","","","","","","","","","","","","","","","","","","","B03","","","1","","2","","","19","","1","","","B03","24.187298","120.607353","3"
"2019","8","7","7","40","臺中市","太平區","0","2","0","8","1","5","50","3","1","1","5","4","5","7","4","4","10","5","5","2","16","43","3","10","1","1","B03","7","9","1","8","2","5","","43","43","1","5","5","B03","24.161305","120.704801","2"
"2019","8","7","7","43","臺中市","北屯區","0","2","0","8","1","5","50","4","1","1","5","4","5","7","1","1","10","5","5","2","16","25","2","7","1","1","C03","7","9","1","10","2","11","","25","25","1","21","1","C03","24.16613","120.699843","2"
"2019","8","7","7","43","臺中市","西屯區","0","1","0","8","1","5","50","14","7","1","5","4","5","7","4","4","5","4","4","2","17","40","3","10","1","1","B12","7","14","1","7","2","4","","40","40","1","22","8","B12","24.171925","120.655803","2"
"2019","8","7","7","48","臺中市","西屯區","0","0","0","8","","","50","","","","","","","","","","","","","","","","","","","","B03","","","1","","2","","","23","","1","","","B03","24.181303","120.618858","3"
"2019","8","7","7","48","臺中市","龍井區","0","1","0","8","1","5","50","5","1","1","5","4","5","7","1","1","10","5","5","2","16","6","3","10","4","1","F03","7","5","8","20","2","16","","6","6","1","15","8","F03","24.184871","120.573692","2"
"2019","8","7","7","53","臺中市","北屯區","0","1","0","8","1","5","50","3","1","1","5","4","5","7","4","4","10","5","5","2","15","6","3","10","1","1","C03","7","9","6","10","2","12","14","6","6","1","5","8","C03","24.175855","120.719963","2"
"2019","8","7","7","53","臺中市","大里區","0","0","0","8","","","80","","","","","","","","","","","","","","","","","","","","B03","","","1","","2","","","16","","1","21","","B03","24.101603","120.692247","3"
"2019","8","7","7","55","臺中市","烏日區","0","1","0","8","1","5","40","3","8","1","5","4","5","7","4","4","1","5","1","1","18","23","2","9","1","1","C03","7","9","1","10","2","14","","23","23","1","22","8","C03","24.073527","120.646941","2"
"2019","8","7","7","57","臺中市","北屯區","0","1","0","8","1","5","50","14","7","1","5","4","5","7","4","4","9","5","4","2","12","43","2","7","1","1","C03","7","5","1","10","2","12","","43","43","1","22","8","C03","24.18038","120.683337","2"
"2019","8","7","7","57","臺中市","沙鹿區","0","1","0","8","1","5","40","4","8","1","5","4","5","7","1","1","1","4","4","2","13","16","3","10","1","1","C03","7","15","1","10","2","11","","16","16","1","4","8","C03","24.237262","120.5596","2"
"2019","8","7","8","0","臺中市","太平區","0","3","0","8","1","5","40","3","1","1","5","4","5","7","4","4","10","5","5","2","17","1","2","9","1","1","C03","7","4","1","10","2","12","","1","1","1","21","8","C03","24.124722","120.722343","2"
"2019","8","7","8","0","臺中市","清水區","0","1","0","8","1","5","50","14","7","1","5","4","5","7","2","1","9","4","4","2","16","26","3","10","1","1","B12","7","8","1","8","2","2","","26","26","1","21","1","B12","24.266653","120.574644","2"
"2019","8","7","8","5","臺中市","西屯區","0","0","0","8","","","40","","","","","","","","","","","","","","","19","","","","","B03","","","1","","2","","","19","19","1","22","","B03","24.185105","120.621192","3"
"2019","8","7","8","10","臺中市","北區","0","0","0","8","","","50","","","","","","","","","","","","","","","","","","","","B03","","","1","","2","","","12","","1","22","","B03","24.165803","120.67351","3"
"2019","8","7","8","12","臺中市","西屯區","0","0","0","8","","","80","","","","","","","","","","","","","","","7","","","","","B03","","","1","","2","","","23","7","1","","","B03","24.170993","120.632616","3"
"2019","8","7","8","17","臺中市","西區","0","1","0","8","1","5","50","4","1","1","5","4","5","7","4","4","10","5","5","2","15","6","3","10","1","1","B03","7","9","1","8","2","1","","6","6","1","21","5","B03","24.149564","120.667611","2"
"2019","8","7","8","27","臺中市","東區","0","2","0","7","1","5","50","14","7","1","5","4","5","7","4","4","9","4","5","2","16","8","2","8","1","1","C03","7","5","1","10","2","14","","8","8","1","5","8","C03","24.135893","120.687241","2"
"2019","8","7","8","28","臺中市","北區","0","1","0","8","1","5","50","4","1","1","5","4","5","7","1","1","10","5","5","2","17","6","3","10","1","1","C03","7","6","1","10","2","13","","6","6","1","22","9","C03","24.159221","120.668318","2"
"2019","8","7","8","30","臺中市","清水區","0","0","0","8","1","4","50","","","","","","","","","","","","","","","","","","","","B12","","","1","","2","","","23","","1","21","","B12","24.275551","120.571275","4"
"2019","8","7","8","32","臺中市","北區","0","0","0","8","","","50","","","","","","","","","","","","","","","","","","","","B03","","","1","","2","","","23","","1","5","","B03","24.16377","120.68484","3"
"2019","8","7","8","32","臺中市","北區","0","1","0","8","1","5","50","4","2","1","5","4","5","7","2","1","5","2","5","2","17","23","2","9","1","1","C03","7","9","1","10","2","12","","23","23","1","22","8","C03","24.149203","120.681033","2"
"2019","8","7","8","33","臺中市","西屯區","0","0","0","8","3","5","50","14","9","1","5","4","5","7","4","4","8","4","5","2","16","23","3","10","3","4","B03","7","9","3","18","9","5","","23","23","2","22","9","B03","24.184993","120.616921","3"
"2019","8","7","8","36","臺中市","霧峰區","0","0","0","8","1","6","50","14","9","1","5","4","5","7","4","4","10","5","5","1","11","17","3","10","1","1","B03","7","9","1","8","2","4","","17","17","1","21","8","B03","24.071969","120.659234","3"
"2019","8","7","8","40","臺中市","霧峰區","0","2","0","8","1","5","40","4","7","1","5","4","5","7","1","1","1","4","4","1","13","23","3","10","1","1","B12","7","9","1","7","2","1","","23","23","1","12","8","B12","24.068614","120.659854","2"
"2019","8","7","8","40","臺中市","大雅區","0","0","0","8","","","50","","","","","","","","","","","","","","","","","","","","C03","","","1","","2","","","23","","1","","","C03","24.220851","120.656255","3"
"2019","8","7","8","40","臺中市","大雅區","0","0","0","8","","","40","","","","","","","","","","","","","","","","","","","","B12","","","1","","2","","","12","","1","21","","B12","24.220381","120.646357","3"
"2019","8","7","8","40","臺中市","潭子區","0","0","0","8","","","40","","","","","","","","","","","","","","","","","","","","A12","","","1","","2","","","17","","1","22","","A12","24.199075","120.726609","3"
"2019","8","7","8","43","臺中市","北屯區","0","0","0","8","","","50","","","","","","","","","","","","","","","","","","","","B03","","","1","","2","","","6","","1","22","","B03","24.177987","120.698061","3"
"2019","8","7","8","44","臺中市","潭子區","0","2","0","7","1","5","40","3","2","1","5","4","5","7","3","1","10","5","5","1","17","6","2","9","1","1","C03","7","5","1","10","2","11","","6","6","1","22","8","C03","24.218077","120.71457","2"
"2019","8","7","8","47","臺中市","北屯區","0","0","0","8","","","50","","","","","","","","","","","","","","","","","","","","C03","","","1","","2","","","16","","2","21","","C03","24.164948","120.697771","3"
"2019","8","7","8","50","臺中市","霧峰區","0","1","0","8","1","5","70","3","2","1","5","4","5","7","4","4","3","4","4","1","17","4","2","8","1","1","C03","7","9","1","10","2","14","","4","4","1","21","9","C03","24.014607","120.69569","2"
"2019","8","7","8","52","臺中市","潭子區","0","2","0","8","1","5","50","3","9","1","5","4","5","7","4","4","10","5","5","1","16","6","2","8","1","1","C03","7","5","1","10","2","12","","6","6","1","21","8","C03","24.223086","120.701416","2"
"2019","8","7","8","53","臺中市","西屯區","0","2","0","8","1","5","50","3","2","1","5","4","5","7","4","4","5","5","4","2","11","6","2","7","1","1","C03","7","5","1","10","2","12","","6","6","1","22","9","C03","24.159578","120.658734","2"
"2019","8","7","9","1","臺中市","后里區","0","1","0","8","1","5","50","14","9","1","5","4","5","7","4","4","5","5","5","1","12","7","3","10","3","4","C03","7","8","1","10","2","13","","7","7","1","22","8","C03","24.309064","120.728915","2"
"2019","8","7","9","4","臺中市","清水區","0","1","0","8","1","5","50","5","1","1","5","4","5","7","3","1","9","4","5","2","15","6","2","9","1","1","C03","7","9","1","10","2","11","","6","6","1","22","8","C03","24.278396","120.560433","2"
"2019","8","7","9","9","臺中市","西區","0","0","0","8","","","50","","","","","","","","","","","","","","","","","","","","B03","","","1","","2","","","6","","1","22","","B03","24.142047","120.673521","3"
"2019","8","7","9","10","臺中市","北區","0","0","0","8","","","50","","","","","","","","","","","","","","","","","","","","C03","","","4","","2","","","23","","1","","","C03","24.154189","120.67145","3"
"2019","8","7","9","15","臺中市","大甲區","0","1","0","8","1","5","50","14","9","1","5","4","5","7","4","4","5","5","5","1","2","23","3","10","1","1","C03","7","9","1","10","2","11","","23","23","1","20","8","C03","24.349804","120.62315","2"
"2019","8","7","9","17","臺中市","東勢區","0","2","0","8","1","5","40","14","9","1","5","4","5","7","4","4","9","5","5","2","26","23","2","9","1","1","D03","7","9","1","8","2","8","9","23","23","1","22","8","D03","24.240012","120.864747","2"
"2019","8","7","9","20","臺中市","清水區","0","0","0","8","1","5","50","","","","","","","","","","","","","","","17","","","","","A12","","","1","","2","","","17","17","1","21","","A12","24.276194","120.563311","3"
"2019","8","7","9","27","臺中市","東區","0","1","0","8","1","5","50","4","1","1","5","4","5","7","1","1","10","5","5","2","16","25","3","10","1","1","B03","7","5","1","8","2","5","","25","25","1","22","8","B03","24.142573","120.699796","2"
"2019","8","7","9","30","臺中市","沙鹿區","0","2","0","8","1","5","50","4","1","1","5","4","5","7","4","4","10","5","5","2","16","1","2","8","1","1","C03","7","4","1","10","2","12","","1","1","1","18","5","C03","24.229754","120.570179","2"
"2019","8","7","9","45","臺中市","烏日區","0","0","0","8","","","40","","","","","","","","","","","","","","","","","","","","B12","","","1","","2","","","16","","1","22","","B12","24.0957","120.641623","3"
"2019","8","7","9","48","臺中市","北屯區","0","1","0","8","1","5","50","4","1","1","5","4","5","7","4","4","5","5","5","2","12","1","2","9","1","1","C03","7","4","1","10","2","12","","1","1","1","22","8","C03","24.175714","120.717383","2"
"2019","8","7","10","10","臺中市","清水區","0","3","0","8","1","5","40","14","7","1","5","4","5","7","1","1","9","4","4","2","16","7","2","9","1","1","C03","7","8","1","10","2","13","","7","7","1","21","8","C03","24.26651","120.574353","2"