"年","月","日","時","分","縣市","區","死","受傷","2-30","天候","光線","道路類別","速限","道路型態","事故位置","路面鋪裝","路面狀態","路面缺陷","障礙物","視距","號誌種類","號誌動作","分向設施","快車道或一般車道間","快慢車道間","路面邊線","事故類型及型態","主要肇因","受傷程度","主要傷處","保護裝備","行動電話","當事者區分(類別)","車輛用途","當事者行動狀態","駕駛資格情形","駕駛執照種類","飲酒情形","車輛撞擊部位最初","車輛撞擊部位其他","肇事因素個別","肇事因素主要","肇事逃逸","職業","旅次目的","車種","GPS座標(緯度)","GPS座標(經度)","事故類別"
"2019","8","7","10","11","臺中市","北屯區","0","2","0","8","1","5","50","11","9","1","5","4","5","7","4","4","10","5","5","2","10","4","2","9","4","5","F01","7","9","8","20","2","16","","4","4","1","22","8","F01","24.16091","120.740761","2"
"2019","8","7","10","12","臺中市","南區","0","0","0","8","","","50","","","","","","","","","","","","","","","","","","","","B12","","","1","","2","","","10","","1","22","","B12","24.113738","120.664562","3"
"2019","8","7","10","21","臺中市","西區","0","0","0","8","","","50","","","","","","","","","","","","","","","","3","","","","B03","","","1","","2","","","7","","","21","","B03","24.133613","120.67546","3"
"2019","8","7","10","49","臺中市","太平區","0","1","0","8","1","5","40","3","1","1","5","4","5","7","4","4","10","5","5","2","16","6","2","9","3","4","C03","7","5","1","10","2","12","","6","6","1","9","8","C03","24.120384","120.719714","2"
"2019","8","7","10","50","臺中市","豐原區","0","0","0","8","","","40","","","","","","","","","","","","","","","","","","","","B12","","","1","","2","","","17","","1","22","","B12","24.269315","120.73063","3"
"2019","8","7","11","0","臺中市","太平區","0","0","0","8","","","40","","","","","","","","","","","","","","","","","","","","B12","","","1","","2","","","12","","1","19","","B12","24.111063","120.702316","3"
"2019","8","7","11","8","臺中市","豐原區","0","3","0","8","1","5","50","14","9","1","5","4","5","7","4","4","5","4","5","1","10","4","2","9","1","1","C03","7","9","3","18","2","11","","4","4","1","22","8","C03","24.249781","120.719956","2"
"2019","8","7","11","13","臺中市","北區","0","1","0","8","1","5","40","14","8","1","5","4","5","7","4","4","5","4","4","2","12","23","2","9","1","1","C03","7","9","1","10","2","11","","23","23","1","20","8","C03","24.171","120.6756","2"
"2019","8","7","11","18","臺中市","北屯區","0","1","0","8","1","5","50","14","12","1","5","4","5","7","4","4","5","5","4","2","16","42","3","10","1","1","B12","7","6","1","8","2","2","","42","42","1","5","8","B12","24.172614","120.690639","2"
"2019","8","7","11","22","臺中市","西區","0","1","0","8","1","5","50","4","1","1","5","4","5","7","1","1","5","5","5","2","18","23","2","8","1","1","C03","7","9","1","10","2","14","","23","23","1","22","8","C03","24.139814","120.671357","2"
"2019","8","7","11","25","臺中市","龍井區","0","1","0","8","1","5","70","4","1","1","5","4","5","7","2","1","10","5","5","2","12","23","2","9","1","1","C03","7","9","1","10","2","11","","23","23","1","18","9","C03","24.210328","120.540576","2"
"2019","8","7","11","40","臺中市","西屯區","0","0","0","8","","","40","","","","","","","","","","","","","","","43","","","","","B03","","","1","","2","","","43","43","1","","","B03","24.157921","120.648525","3"
"2019","8","7","11","41","臺中市","北區","0","1","0","8","1","5","50","4","1","1","5","4","5","7","3","1","10","5","5","2","15","6","2","9","1","1","C03","7","9","1","10","2","11","","6","6","1","22","8","C03","24.157166","120.693","2"
"2019","8","7","11","42","臺中市","西屯區","0","0","0","8","","","40","","","","","","","","","","","","","","","","","","","","B02","","","1","","2","","","23","","1","22","","B02","24.18608","120.644435","3"
"2019","8","7","11","45","臺中市","西區","0","0","0","8","","","50","","","","","","","","","","","","","","","","","","","","B03","","","1","","2","","","6","","1","22","","B03","24.145603","120.664616","3"
"2019","8","7","11","45","臺中市","北區","0","1","0","8","1","5","50","4","1","1","5","4","5","7","4","4","10","5","5","2","17","8","3","10","1","1","B03","7","5","1","8","2","15","","8","8","1","22","9","B03","24.160854","120.665051","2"
"2019","8","7","11","51","臺中市","北區","0","2","0","8","1","5","40","14","8","1","5","4","5","7","4","4","1","4","4","2","13","16","3","10","1","1","B03","7","9","1","8","2","1","","16","16","1","5","8","B03","24.15251","120.67716","2"
"2019","8","7","11","56","臺中市","大雅區","0","0","0","8","","","50","","","","","","","","","","","","","","","","","","","","C03","","","1","","2","","","4","","1","22","","C03","24.22359","120.65159","3"
"2019","8","7","12","14","臺中市","豐原區","0","1","0","8","1","5","50","4","18","1","5","4","5","7","1","1","1","5","5","2","3","23","3","10","3","4","B03","7","5","1","8","2","1","","23","23","1","5","8","B03","24.23719","120.726448","2"
"2019","8","7","12","16","臺中市","后里區","0","0","0","8","","","0","","","","","","","","","","","","","","","","","","","","A12","","","1","","2","","","60","","1","22","","A12","24.325388","120.701038","3"
"2019","8","7","12","24","臺中市","北區","0","1","0","8","1","5","50","14","9","1","5","4","5","7","4","4","10","5","5","2","17","23","2","9","1","1","C03","7","9","1","10","2","11","","23","23","1","22","8","C03","24.170741","120.675436","2"
"2019","8","7","12","33","臺中市","大雅區","0","0","0","8","","","50","","","","","","","","","","","","","","","","","","","","B12","","","1","","2","","","12","","1","","","B12","24.22693","120.644689","3"
"2019","8","7","12","39","臺中市","沙鹿區","0","1","0","8","1","5","40","4","2","1","5","4","5","7","4","4","10","5","5","2","17","6","2","9","2","1","C03","7","6","1","10","2","14","","6","6","1","4","8","C03","24.216552","120.567808","2"
"2019","8","7","12","40","臺中市","大里區","0","1","0","8","1","5","50","14","9","1","5","4","5","7","4","4","5","2","5","1","17","23","2","9","1","1","C03","7","9","6","18","2","12","","23","23","1","12","8","C03","24.087098","120.704434","2"
"2019","8","7","12","44","臺中市","西屯區","0","0","0","8","","","1","","","","","","","","","","","","","","","","","","","","C03","","","1","","2","","","43","","1","","","C03","24.17397","120.646983","3"
"2019","8","7","12","58","臺中市","沙鹿區","0","1","0","8","1","5","50","3","2","1","5","4","5","7","1","1","1","2","5","2","13","23","2","9","1","1","C03","7","9","6","18","2","11","","23","23","1","4","8","C03","24.224181","120.557156","2"
"2019","8","7","13","6","臺中市","太平區","0","1","0","8","1","5","40","14","7","1","5","4","5","7","4","4","5","4","4","1","16","6","3","10","1","1","B03","7","10","1","8","2","4","","6","6","1","20","8","B03","24.149703","120.713267","2"
"2019","8","7","13","23","臺中市","北屯區","0","0","0","8","","","50","","","","","","","","","","","","","","","","","","","","B12","","","1","","2","","","12","","1","22","","B12","24.200858","120.68055","3"
"2019","8","7","13","34","臺中市","神岡區","0","0","0","8","","","50","","","","","","","","","","","","","","","","","","","","B03","","","1","","2","","","23","","1","21","","B03","24.27534","120.705387","3"
"2019","8","7","13","42","臺中市","中區","0","1","0","7","1","5","50","4","1","1","5","4","5","7","2","1","5","4","5","2","3","15","3","10","1","1","B12","7","5","1","8","2","8","","15","15","1","22","8","B12","24.142307","120.684484","2"
"2019","8","7","13","53","臺中市","西區","0","0","0","8","","","50","","","","","","","","","","","","","","","","","","","","B03","","","1","","11","","","17","","1","21","","B03","24.140503","120.655338","3"
"2019","8","7","14","0","臺中市","大雅區","0","1","0","8","1","5","50","4","1","1","5","4","5","7","1","1","9","4","4","2","12","23","3","10","1","1","C03","7","9","1","10","2","11","","23","23","1","22","9","C03","24.2197","120.66843","2"
"2019","8","7","14","2","臺中市","北區","0","1","0","8","1","5","50","14","9","1","5","4","5","7","4","4","2","4","5","2","17","6","3","10","1","1","B03","7","6","1","8","2","5","","6","6","1","22","9","B03","24.15482","120.685705","2"
"2019","8","7","14","4","臺中市","大雅區","0","0","0","8","","","40","","","","","","","","","","","","","","","","","","","","B03","","","1","","2","","","19","","1","","","B03","24.240927","120.671516","3"
"2019","8","7","14","20","臺中市","西屯區","0","1","0","8","1","5","50","14","9","1","5","4","5","7","4","4","1","4","5","2","12","9","3","10","1","1","B03","7","6","1","7","2","2","","9","9","1","22","8","B03","24.168518","120.654741","2"
"2019","8","7","14","21","臺中市","北區","0","3","0","8","1","5","40","4","1","1","5","4","5","7","1","1","5","4","4","2","15","25","2","9","1","1","C03","7","9","4","11","2","12","","25","25","1","5","8","C03","24.16377","120.68484","2"
"2019","8","7","14","34","臺中市","北區","0","1","0","8","1","5","50","4","1","1","5","4","5","7","4","4","10","5","5","2","3","23","3","10","1","1","B03","7","5","1","8","2","1","","23","23","1","22","8","B03","24.154068","120.679138","2"
"2019","8","7","14","34","臺中市","北區","0","1","0","8","1","5","50","4","2","1","5","4","5","7","2","1","10","5","5","2","17","6","2","9","1","1","C03","7","6","1","10","2","11","","6","6","1","22","8","C03","24.148396","120.683453","2"
"2019","8","7","14","35","臺中市","北區","0","0","0","8","","","50","","","","","","","","","","","","","","","","","","","","B02","","","1","","2","","","12","","1","","","B02","24.16933","120.676107","3"
"2019","8","7","14","43","臺中市","北區","0","1","0","8","1","5","50","14","9","1","5","4","5","7","4","4","9","4","5","2","16","6","3","10","1","1","B03","7","6","1","8","2","2","","6","6","1","5","8","B03","24.15255","120.68587","2"
"2019","8","7","14","51","臺中市","西屯區","0","1","0","8","1","5","50","4","2","1","5","4","5","7","4","4","5","5","5","2","18","42","2","9","1","1","C03","7","5","1","10","2","14","","42","42","1","22","9","C03","24.176848","120.636089","2"
"2019","8","7","14","52","臺中市","西屯區","0","0","0","8","","","50","","","","","","","","","","","","","","12","43","","","","","B03","","","1","","2","4","","43","43","1","22","","B03","24.160553","120.630024","3"
"2019","8","7","14","57","臺中市","沙鹿區","0","0","0","8","","","40","","","","","","","","","","","","","","","12","","","","","C03","","","1","","2","","","26","12","1","4","","C03","24.242649","120.561316","3"
"2019","8","7","15","0","臺中市","大甲區","0","0","0","8","","","50","","","","","","","","","","","","","","","","","","","","B12","","","1","","2","","","19","","1","4","","B12","24.349259","120.626416","3"
"2019","8","7","15","14","臺中市","南區","0","0","0","8","","","50","","","","","","","","","","","","","","","12","","","","","B03","","","1","","2","","","12","12","1","5","","B03","24.128266","120.665889","3"
"2019","8","7","15","23","臺中市","西屯區","0","0","0","8","","","50","","","","","","","","","","","","","","","","","","","","B12","","","1","","2","","","1","","1","22","","B12","24.173727","120.586719","3"
"2019","8","7","15","25","臺中市","龍井區","0","1","0","8","1","5","40","3","2","1","5","4","5","7","4","4","10","5","5","2","16","6","3","10","1","1","B03","7","6","1","8","2","8","","6","6","1","21","8","B03","24.180589","120.576673","2"
"2019","8","7","15","25","臺中市","清水區","0","1","0","8","1","5","40","4","1","1","5","4","5","7","4","4","10","5","5","2","12","23","2","9","1","1","C03","7","9","1","10","2","11","","23","23","1","19","8","C03","24.26554","120.564211","2"
"2019","8","7","15","26","臺中市","北屯區","0","0","0","8","","","60","","","","","","","","","","","","","","","","","","","","B03","","","1","","2","","","16","","1","5","","B03","24.164928","120.70549","3"
"2019","8","7","15","29","臺中市","北區","0","0","0","8","","","50","","","","","","","","","","","","","","","16","3","","","","B03","","","1","8","2","1","","16","16","","21","","B03","24.163238","120.678279","3"
"2019","8","7","15","51","臺中市","大雅區","0","0","0","8","","","50","","","","","","","","","","","","","","","","","","","","B03","","","1","","2","","","23","","1","","","B03","24.225827","120.648669","3"
"2019","8","7","15","55","臺中市","北屯區","0","2","0","8","1","5","50","4","1","1","5","4","5","7","4","4","10","5","5","2","16","6","2","9","1","1","C03","7","9","1","10","2","11","","6","6","1","21","8","C03","24.175385","120.695604","2"
"2019","8","7","15","55","臺中市","太平區","0","0","0","8","","","50","","","","","","","","","","","","","","","","","","","","B03","","","1","","2","","","16","","1","22","","B03","24.149509","120.723699","3"
"2019","8","7","15","58","臺中市","北區","0","0","0","8","","","50","","","","","","","","","","","","","","","","","","","","B03","","","1","","2","","","23","","1","","","B03","24.160437","120.675469","3"
"2019","8","7","16","2","臺中市","南區","0","0","0","8","","","50","","","","","","","","","","","","","","","","","","","","B03","","","1","","2","","","6","","1","4","","B03","24.1204","120.650786","3"
"2019","8","7","16","3","臺中市","南屯區","0","0","0","8","","","50","","","","","","","","","","","","","","","","","","","","B03","","","1","","2","","","42","","1","5","","B03","24.135092","120.646382","3"
"2019","8","7","16","3","臺中市","西屯區","0","1","0","8","1","5","60","14","7","1","5","4","5","7","4","4","1","4","5","2","13","23","3","10","1","1","B03","7","9","1","8","2","1","","23","23","1","21","8","B03","24.168771","120.63191","2"
"2019","8","7","16","7","臺中市","北區","0","0","0","8","","","50","","","","","","","","","","","","","","","","3","","","","B03","","","1","","2","","","10","","1","22","","B03","24.157133","120.680341","3"
"2019","8","7","16","10","臺中市","北區","0","0","0","8","","","50","","","","","","","","","","","","","","","43","","","","","","","","7","19","11","14","","43","43","","","","","24.153826","120.684844","3"
"2019","8","7","16","13","臺中市","沙鹿區","0","2","0","8","1","5","50","3","9","1","5","4","5","7","4","4","4","5","5","2","18","42","2","9","1","1","C03","7","9","1","10","2","14","","42","42","1","18","8","C03","24.25209","120.588798","2"
"2019","8","7","16","14","臺中市","南區","0","2","0","8","1","5","50","11","7","1","5","4","5","7","4","4","1","4","4","2","13","16","2","9","1","1","C03","7","9","1","10","2","11","","16","16","1","5","8","C03","24.127623","120.666484","2"
"2019","8","7","16","17","臺中市","外埔區","0","1","0","8","1","5","50","3","1","1","5","4","5","7","4","4","10","5","5","2","16","6","3","10","1","1","B03","7","5","1","8","2","1","","6","6","1","21","8","B03","24.338258","120.643215","2"
"2019","8","7","16","22","臺中市","大雅區","0","1","0","8","1","5","50","4","1","1","5","4","5","7","4","4","10","5","5","2","16","6","3","10","1","1","B03","7","5","1","8","2","2","","6","6","1","22","9","B03","24.242303","120.657891","2"
"2019","8","7","16","25","臺中市","大安區","0","0","0","8","","","50","","","","","","","","","","","","","","","6","","","","","B03","","","1","","2","","","6","6","1","20","","B03","24.352986","120.584268","3"
"2019","8","7","16","30","臺中市","西區","0","0","0","8","","","50","","","","","","","","","","","","","","","","","","","","B03","","","1","","2","","","18","","1","21","","B03","24.156821","120.663397","4"
"2019","8","7","16","40","臺中市","大雅區","0","0","0","8","","","50","","","","","","","","","","","","","","","23","","","","","C03","","","1","","2","","","25","23","1","","","C03","24.240643","120.657025","3"
"2019","8","7","16","45","臺中市","神岡區","0","0","0","8","","","40","","","","","","","","","","","","","","","","","","","","B12","","","1","","2","","","17","","1","21","","B12","24.280791","120.681885","3"
"2019","8","7","16","47","臺中市","潭子區","0","1","0","8","1","5","40","14","9","1","5","4","5","7","4","4","10","5","5","2","16","23","2","9","1","1","C03","7","9","1","10","2","14","","23","23","1","22","8","C03","24.214107","120.70911","2"
"2019","8","7","17","2","臺中市","清水區","0","0","0","8","","","70","","","","","","","","","","","","","","","","","","","","B12","","","1","","2","","","23","","1","12","","B12","24.309858","120.600658","3"
"2019","8","7","17","10","臺中市","后里區","0","0","0","8","1","3","50","14","9","1","5","4","5","7","1","1","10","5","5","2","13","16","3","10","1","1","B03","7","9","1","8","2","3","","16","16","1","22","9","B03","24.313125","120.72362","3"
"2019","8","7","17","15","臺中市","南區","0","1","0","8","1","5","40","14","8","1","5","4","5","7","4","4","5","4","4","2","18","13","2","8","1","1","C03","7","9","1","10","2","12","","13","13","1","5","1","C03","24.107998","120.657112","2"
"2019","8","7","17","15","臺中市","潭子區","0","0","0","8","","","50","","","","","","","","","","","","","","","","","","","","B03","","","1","","2","","","23","","1","22","","B03","24.209536","120.70537","3"
"2019","8","7","17","18","臺中市","后里區","0","0","0","8","","","50","","","","","","","","","","","","","","","17","","","","","B03","","","1","","2","","","17","17","1","4","","B03","24.309861","120.684699","3"
"2019","8","7","17","20","臺中市","后里區","0","1","0","8","1","5","40","5","1","1","5","4","5","7","4","4","10","5","5","2","15","43","2","9","1","1","C03","7","9","1","10","2","12","","43","43","1","21","8","C03","24.313471","120.709495","2"
"2019","8","7","17","23","臺中市","后里區","0","2","0","8","1","5","50","14","9","1","5","4","5","7","4","4","5","5","5","1","16","11","2","9","3","4","C03","7","11","1","10","2","14","","11","11","1","21","8","C03","24.309183","120.727663","2"
"2019","8","7","17","24","臺中市","太平區","0","2","0","8","1","5","50","14","9","1","5","4","5","7","4","4","5","4","5","1","16","26","2","9","1","1","C03","7","11","1","10","2","12","","26","26","1","21","8","C03","24.133608","120.719106","2"
"2019","8","7","17","27","臺中市","潭子區","0","0","0","8","1","5","50","15","2","1","5","4","5","7","3","1","8","4","5","1","14","","","","","","B03","","","1","","2","","","23","","1","22","","B03","24.218128","120.7185","3"
"2019","8","7","17","31","臺中市","太平區","0","0","0","8","","","50","","","","","","","","","","","","","","","","","","","","B03","","","1","","2","","","19","","1","21","","B03","24.153628","120.711497","3"
"2019","8","7","17","32","臺中市","清水區","0","0","0","8","","","40","","","","","","","","","","","","","","","","","","","","B03","","","1","","2","","","23","","1","12","","B03","24.280912","120.575387","3"
"2019","8","7","17","35","臺中市","沙鹿區","0","0","0","8","","","50","","","","","","","","","","","","","","","","","","","","A04","","","1","","2","","","9","","1","10","","A04","24.236259","120.566632","3"
"2019","8","7","17","36","臺中市","西屯區","0","0","0","8","","","50","","","","","","","","","","","","","","","17","","","","","B03","","","1","","2","","","17","17","1","","","B03","24.195491","120.643428","3"
"2019","8","7","17","38","臺中市","后里區","0","1","0","8","2","5","50","14","12","1","5","4","5","7","4","4","1","3","4","1","12","6","3","10","3","4","B03","7","7","1","8","2","7","","6","6","1","21","8","B03","24.312363","120.702063","2"
"2019","8","7","17","39","臺中市","南屯區","0","2","0","8","3","5","50","5","1","1","5","4","5","7","1","1","5","5","5","2","17","17","2","8","1","1","C03","7","9","1","10","2","14","","17","17","1","18","8","C03","24.122261","120.631323","2"
"2019","8","7","17","40","臺中市","大里區","0","1","0","8","1","5","60","3","1","1","5","4","5","7","4","4","1","4","4","2","17","6","3","10","1","1","B03","7","6","1","8","2","8","","6","6","1","22","5","B03","24.105023","120.667213","2"
"2019","8","7","17","41","臺中市","神岡區","0","0","0","8","","","40","","","","","","","","","","","","","","","23","","","","","B03","","","1","","2","","","23","23","1","22","","B03","24.248427","120.699127","3"
"2019","8","7","17","46","臺中市","北屯區","0","0","0","8","","","40","","","","","","","","","","","","","","","","","","","","B03","","","1","","2","","","12","","1","22","","B03","24.16789","120.70192","3"
"2019","8","7","17","47","臺中市","梧棲區","0","1","0","8","2","5","40","4","1","1","5","4","5","7","4","4","10","5","5","2","15","6","3","10","1","1","B03","7","9","1","8","2","4","","6","6","1","4","1","B03","24.251672","120.529249","2"
"2019","8","7","17","47","臺中市","潭子區","0","0","0","8","","","80","","","","","","","","","","","","","","","","","","","","B03","","","1","","2","","","16","","1","22","","B03","24.200691","120.707881","3"
"2019","8","7","17","49","臺中市","大雅區","0","1","0","8","1","5","50","4","1","1","5","4","5","7","1","1","10","5","5","2","17","23","4","11","3","4","B03","7","9","3","18","11","15","","23","23","2","21","8","B03","24.232604","120.6621","2"
"2019","8","7","17","50","臺中市","大甲區","0","0","0","8","","","50","","","","","","","","","","","","","","","","","","","","","","","8","","9","","","67","","1","","","","24.344106","120.634842","3"
"2019","8","7","17","51","臺中市","新社區","0","0","0","8","","","40","","","","","","","","","","","","","","","","","","","","B03","","","1","","2","","","5","","1","2","","B03","24.231044","120.803738","3"
"2019","8","7","17","55","臺中市","西屯區","0","0","0","8","","","50","","","","","","","","","","","","","","12","6","","","","","C03","","","1","","2","13","","6","6","1","22","","C03","24.175818","120.637476","3"
"2019","8","7","18","0","臺中市","太平區","0","0","0","8","","","80","","","","","","","","","","","","","","","","","","","","B03","","","1","","2","","","16","","1","22","","B03","24.133153","120.708003","3"
"2019","8","7","18","2","臺中市","西屯區","0","2","0","8","1","5","40","3","2","1","5","4","5","7","4","4","1","4","1","2","16","1","2","9","3","4","C03","7","4","1","10","2","14","","1","1","1","22","9","C03","24.16866","120.64012","2"
"2019","8","7","18","2","臺中市","清水區","0","2","0","8","1","5","50","3","1","1","5","4","5","7","4","4","10","5","5","2","11","6","2","9","1","1","C03","7","5","3","18","1","12","","6","6","1","5","8","C03","24.271733","120.567711","2"
"2019","8","7","18","6","臺中市","西屯區","0","0","0","8","1","5","50","14","9","1","5","4","5","7","4","4","8","4","5","2","17","43","3","10","3","4","B03","7","5","1","8","2","6","","43","43","1","22","9","B03","24.179506","120.640128","3"
"2019","8","7","18","10","臺中市","北區","0","0","0","8","","","50","","","","","","","","","","","","","","","","","","","","B03","","","1","","2","","","12","","1","","","B03","24.154933","120.677406","3"
"2019","8","7","18","10","臺中市","西屯區","0","1","0","8","1","5","50","3","1","1","5","4","5","7","4","4","9","5","5","2","16","26","3","10","1","1","B03","7","5","1","8","2","1","","26","26","1","22","9","B03","24.19541","120.643683","2"
"2019","8","7","18","10","臺中市","烏日區","0","1","0","8","1","5","40","14","8","1","5","4","5","7","4","4","1","5","1","1","18","43","2","9","1","1","C03","7","9","1","10","2","11","","43","43","1","22","8","C03","24.110146","120.583412","2"
"2019","8","7","18","22","臺中市","西屯區","0","2","0","8","1","5","50","14","9","1","5","4","5","7","4","4","5","5","5","2","16","19","2","3","1","1","C03","7","1","1","10","2","15","","19","19","1","21","8","C03","24.174511","120.666213","2"
"2019","8","7","18","29","臺中市","西屯區","0","0","0","8","","","40","","","","","","","","","","","","","","","","","","","","B03","","","1","","2","","","6","","1","","","B03","24.200534","120.647308","3"
"2019","8","7","18","30","臺中市","西區","0","1","0","6","1","5","50","4","1","1","4","4","5","7","4","4","10","5","5","2","16","6","3","10","1","1","B12","7","9","1","10","2","8","","14","6","1","21","8","B12","24.141246","120.660188","2"
"2019","8","7","18","30","臺中市","南屯區","0","1","0","8","3","5","50","14","9","1","5","4","5","7","4","4","5","4","5","2","12","19","2","8","1","1","C03","7","1","1","10","2","14","","19","19","1","4","1","C03","24.136456","120.653123","2"
"2019","8","7","18","40","臺中市","南屯區","0","0","0","8","","","50","","","","","","","","","","","","","","","","","","","","B03","","","3","","2","","","6","","2","22","","B03","24.153143","120.616429","3"
"2019","8","7","18","45","臺中市","西區","0","2","0","8","1","5","40","14","8","1","5","4","5","7","4","4","10","5","4","2","17","7","2","9","1","1","B12","7","8","1","8","2","1","","7","7","1","22","9","B12","24.14609","120.657448","2"
"2019","8","7","18","49","臺中市","西區","0","2","0","7","3","5","50","4","1","1","5","4","5","7","1","1","10","5","5","2","16","9","3","10","1","1","C03","7","6","1","10","2","12","","9","9","1","5","1","C03","24.140193","120.661689","2"
"2019","8","7","18","53","臺中市","北區","0","2","0","6","3","5","50","14","9","1","4","4","5","7","4","4","2","2","5","2","9","43","3","10","1","1","A02","7","1","1","1","2","15","","43","43","1","22","8","A02","24.151603","120.68471","2"
"2019","8","7","18","54","臺中市","西區","0","0","0","8","","","50","","","","","","","","","","","","","","","7","3","","","","B03","","","1","","2","","","7","7","","5","","B03","24.140159","120.659226","3"
"2019","8","7","18","56","臺中市","西區","0","0","0","6","","","50","","","","","","","","","","","","","","","7","","","","","C03","","","1","","2","","","7","7","1","21","","C03","24.145807","120.661868","3"
"2019","8","7","18","56","臺中市","大雅區","0","0","0","8","","","50","","","","","","","","","","","","","","","","","","","","B03","","","1","","2","","","26","","1","22","","B03","24.22811","120.651943","3"
"2019","8","7","18","58","臺中市","北屯區","0","0","0","8","","","50","","","","","","","","","","","","","","","","","","","","B03","","","1","","2","","","23","","1","21","","B03","24.171815","120.694257","3"
"2019","8","7","19","14","臺中市","北屯區","0","1","0","7","3","5","50","4","1","1","4","4","5","7","1","1","10","5","5","2","16","1","2","8","1","1","C03","7","5","1","10","2","14","","42","1","1","21","8","C03","24.169592","120.683129","2"
"2019","8","7","19","15","臺中市","北區","0","1","0","8","3","5","50","3","7","1","5","4","5","7","4","4","3","4","5","2","17","23","2","8","1","1","C03","7","9","1","10","2","11","","23","23","1","21","8","C03","24.162771","120.68203","2"
"2019","8","7","19","16","臺中市","西屯區","0","2","0","8","4","5","40","4","2","1","5","4","5","7","4","4","10","5","5","2","15","6","2","9","3","4","C03","7","9","1","10","2","12","","6","6","1","22","9","C03","24.181803","120.638239","2"
"2019","8","7","19","17","臺中市","南屯區","0","0","0","8","","","50","","","","","","","","","","","","","","","","","","","","B03","","","1","","2","","","7","","1","5","","B03","24.123423","120.633745","3"
"2019","8","7","19","20","臺中市","后里區","0","1","0","8","3","5","50","14","9","1","5","4","1","7","4","4","4","4","4","1","28","23","2","9","3","4","C03","7","9","1","10","2","11","","23","23","1","22","8","C03","24.297333","120.72373","2"
"2019","8","7","19","22","臺中市","西屯區","0","1","0","8","3","5","40","4","2","1","5","4","5","7","4","4","10","5","5","2","17","6","3","10","3","4","B03","7","5","6","18","2","8","","6","6","1","22","8","B03","24.175451","120.651636","2"
"2019","8","7","19","30","臺中市","太平區","0","1","0","8","3","5","50","4","1","1","4","4","5","7","1","1","10","5","5","2","15","25","3","10","1","1","B03","7","9","1","8","2","5","","25","25","1","21","8","B03","24.148876","120.7187","2"
"2019","8","7","19","30","臺中市","大雅區","0","1","0","8","4","5","40","3","1","1","5","4","5","7","4","4","10","5","5","2","16","8","2","9","1","1","C03","7","5","1","10","2","12","","8","8","1","22","9","C03","24.22147","120.599534","2"
"2019","8","7","19","40","臺中市","神岡區","0","0","0","8","","","50","","","","","","","","","","","","","","","42","","","","","B12","","","1","","2","","","42","42","1","21","","B12","24.260385","120.706941","3"
"2019","8","7","19","43","臺中市","后里區","0","1","0","8","3","5","50","3","1","1","5","4","5","7","4","4","10","5","5","2","16","6","3","10","3","4","B03","7","5","1","8","2","1","","6","6","1","21","8","B03","24.30939","120.726826","2"
"2019","8","7","19","47","臺中市","北區","0","0","0","8","","","50","","","","","","","","","","","","","","","17","3","","","","C03","","","1","","2","","","17","17","1","22","","C03","24.155656","120.668986","3"
"2019","8","7","19","48","臺中市","沙鹿區","0","1","0","7","3","5","40","14","8","1","5","4","5","7","4","4","3","4","2","2","16","9","3","10","1","1","B03","7","6","1","8","2","4","","9","9","1","21","9","B03","24.201895","120.569396","2"
"2019","8","7","19","50","臺中市","潭子區","0","0","0","8","3","5","40","14","9","1","5","4","5","7","4","4","10","5","5","2","17","23","3","10","3","4","B12","7","9","7","19","8","5","","23","23","1","22","9","B12","24.228733","120.710135","3"
"2019","8","7","19","53","臺中市","西區","0","0","0","8","3","5","50","14","7","1","5","4","5","7","2","1","1","4","1","2","13","","","","","","B03","","","1","","2","","","23","","1","5","","B03","24.155482","120.662713","3"
"2019","8","7","20","12","臺中市","神岡區","0","1","0","8","3","5","50","14","7","1","5","4","5","7","4","4","4","2","4","2","17","26","3","10","1","1","B03","7","11","1","8","2","15","","26","26","1","22","8","B03","24.258197","120.664458","2"
"2019","8","7","20","15","臺中市","東勢區","0","1","0","8","3","5","60","4","2","1","5","4","5","7","2","1","5","4","5","1","3","8","3","10","1","1","B12","7","5","1","8","2","4","","8","8","1","3","4","B12","24.252315","120.826084","2"
"2019","8","7","20","44","臺中市","北屯區","0","0","0","8","","","40","","","","","","","","","","","","","","","","","","","","B03","","","1","","2","","","1","","1","21","","B03","24.175169","120.721016","3"
"2019","8","7","20","46","臺中市","西屯區","0","0","0","8","","","50","","","","","","","","","","","","","","","","","","","","B01","","","1","","2","","","7","","1","22","","B01","24.179883","120.645048","3"
"2019","8","7","20","56","臺中市","太平區","0","0","0","8","","","50","","","","","","","","","","","","","","","18","","","","","B03","","","1","","2","","","18","18","1","5","","B03","24.148089","120.701904","3"
"2019","8","7","21","0","臺中市","北區","0","0","0","8","","","50","","","","","","","","","","","","","","","","","","","","B03","","","1","","2","","","12","","1","","","B03","24.163333","120.680555","3"
"2019","8","7","21","5","臺中市","南區","0","0","0","8","","","50","","","","","","","","","","","","","","","","","","","","B03","","","1","","2","","","23","","1","4","","B03","24.124569","120.681114","3"
"2019","8","7","21","15","臺中市","北區","0","1","0","8","4","5","50","14","7","1","5","4","5","7","4","4","1","4","4","2","13","7","2","9","1","1","C03","7","7","1","10","2","13","","7","7","1","22","8","C03","24.158946","120.699558","2"