"年","月","日","時","分","縣市","區","死","受傷","2-30","天候","光線","道路類別","速限","道路型態","事故位置","路面鋪裝","路面狀態","路面缺陷","障礙物","視距","號誌種類","號誌動作","分向設施","快車道或一般車道間","快慢車道間","路面邊線","事故類型及型態","主要肇因","受傷程度","主要傷處","保護裝備","行動電話","當事者區分(類別)","車輛用途","當事者行動狀態","駕駛資格情形","駕駛執照種類","飲酒情形","車輛撞擊部位最初","車輛撞擊部位其他","肇事因素個別","肇事因素主要","肇事逃逸","職業","旅次目的","車種","GPS座標(緯度)","GPS座標(經度)","事故類別"
"2019","8","7","21","19","臺中市","北屯區","0","1","0","8","3","5","40","4","1","1","5","4","5","7","2","1","10","5","5","2","13","16","2","9","1","1","C03","7","9","1","10","2","11","","16","16","1","4","8","C03","24.17782","120.685553","2"
"2019","8","7","21","19","臺中市","西屯區","0","1","0","8","3","5","50","4","2","1","5","4","5","7","4","4","5","5","5","2","3","51","2","8","4","5","H01","8","16","8","20","10","16","","51","51","1","22","8","H01","24.176637","120.645223","2"
"2019","8","7","21","28","臺中市","梧棲區","0","1","0","8","1","5","70","4","1","1","5","4","5","7","1","1","10","5","5","2","13","7","3","10","1","1","B03","7","8","1","8","2","3","","7","7","1","3","5","B03","24.249962","120.536052","2"
"2019","8","7","21","32","臺中市","梧棲區","0","1","0","8","1","5","40","4","1","1","5","4","5","7","1","1","10","5","5","2","15","43","3","10","1","1","B01","7","9","1","4","2","1","","43","43","1","10","8","B01","24.253029","120.528356","2"
"2019","8","7","21","42","臺中市","潭子區","0","1","0","6","3","5","60","4","1","1","4","4","5","7","1","1","10","5","5","2","16","6","3","10","1","1","B03","7","6","1","8","2","6","","6","6","1","22","8","B03","24.211905","120.705658","2"
"2019","8","7","21","48","臺中市","大甲區","0","2","0","8","3","5","50","4","1","1","5","4","5","7","4","4","10","5","5","2","15","6","2","8","1","1","B03","7","9","1","8","2","2","","6","6","1","21","8","B03","24.351711","120.620476","2"
"2019","8","7","21","53","臺中市","東勢區","0","0","0","6","3","5","50","14","13","1","4","4","5","7","1","1","5","4","5","1","14","","","","","","C03","","","1","","2","","","12","","1","22","","C03","24.253493","120.829611","3"
"2019","8","7","22","1","臺中市","北區","0","0","0","6","","","50","","","","","","","","","","","","","","","","","","","","B03","","","1","","2","","","23","","1","5","","B03","24.160416","120.692163","3"
"2019","8","7","22","4","臺中市","北區","0","1","0","6","3","5","50","14","8","1","4","4","5","7","4","4","10","4","4","2","13","7","3","10","1","1","B03","7","8","1","8","2","6","","7","7","1","22","8","B03","24.1704","120.6722","2"
"2019","8","7","22","15","臺中市","龍井區","0","1","0","7","3","5","50","14","9","1","5","4","5","7","4","4","5","4","5","1","17","26","3","10","1","1","B03","7","11","1","8","2","4","","26","26","1","22","8","B03","24.17942","120.583038","2"
"2019","8","7","22","17","臺中市","西屯區","0","0","0","6","","","50","","","","","","","","","","","","","","12","6","","","","","B03","","","1","","2","5","","6","6","1","22","","B03","24.164851","120.64163","3"
"2019","8","7","22","22","臺中市","太平區","0","2","0","6","3","5","50","4","1","1","4","4","5","7","2","1","5","4","5","1","13","23","2","9","1","1","C03","7","9","1","10","2","11","","23","23","1","21","8","C03","24.121285","120.719911","2"
"2019","8","7","22","56","臺中市","北區","0","1","0","6","3","5","40","14","9","1","4","4","5","7","4","4","10","5","5","2","10","5","3","10","1","1","C03","7","9","1","10","2","11","","5","5","1","22","8","C03","24.148036","120.682076","2"
"2019","8","7","23","5","臺中市","北屯區","0","1","0","8","3","5","50","4","18","1","5","4","5","7","2","1","10","5","5","2","9","15","3","10","1","1","B03","7","5","1","8","2","1","","15","15","1","5","8","B03","24.177419","120.685791","2"
"2019","8","7","23","6","臺中市","北區","0","0","0","6","","","50","","","","","","","","","","","","","","","","","","","","B03","","","1","","2","","","23","","1","5","","B03","24.151301","120.677401","3"
"2019","8","7","23","7","臺中市","西屯區","0","2","0","6","3","5","50","4","1","1","4","4","5","7","2","1","10","5","5","2","17","42","2","9","3","4","C03","7","9","1","10","2","14","","42","42","1","22","9","C03","24.195618","120.654906","2"
"2019","8","7","23","31","臺中市","北屯區","0","2","0","6","3","5","50","3","2","1","4","4","5","6","4","4","5","5","4","2","16","3","2","9","1","1","C03","7","15","1","10","2","14","","3","3","1","5","8","C03","24.182418","120.688253","2"
"2019","8","8","0","3","臺中市","太平區","0","1","0","6","3","5","50","3","2","1","4","4","5","7","4","4","5","5","5","1","17","23","2","9","1","1","C03","7","9","3","18","2","11","","23","23","1","21","8","C03","24.125797","120.713516","2"
"2019","8","8","0","19","臺中市","北區","0","1","0","6","3","5","50","14","7","1","4","4","5","7","4","4","9","4","4","2","18","42","2","9","1","1","C03","7","9","1","10","2","12","","42","42","1","22","8","C03","24.1498","120.6777","2"
"2019","8","8","0","26","臺中市","大雅區","0","1","0","7","4","5","50","3","1","1","4","4","5","7","2","1","3","4","4","1","16","25","3","10","1","1","C03","7","9","3","18","2","11","","25","25","1","22","9","C03","24.22809","120.643317","2"
"2019","8","8","1","0","臺中市","西屯區","0","0","0","8","","","40","","","","","","","","","","","","","","","","","","","","B03","","","1","","2","","","43","","1","","","B03","24.163363","120.656042","3"
"2019","8","8","4","46","臺中市","西屯區","0","1","0","8","3","5","50","5","1","1","5","4","5","7","1","1","10","5","5","2","16","25","2","9","3","4","C03","7","9","1","10","2","12","","25","25","1","22","9","C03","24.164571","120.660301","2"
"2019","8","8","6","34","臺中市","清水區","0","2","0","8","1","5","50","3","9","1","5","4","5","7","2","1","9","4","5","1","17","40","3","10","1","1","B03","7","14","1","8","2","2","","40","40","1","19","8","B03","24.262433","120.572544","2"
"2019","8","8","6","49","臺中市","西屯區","0","0","0","8","","","50","","","","","","","","","","","","","","","","","","","","B03","","","1","","2","","","23","","1","22","","B03","24.194989","120.644484","3"
"2019","8","8","7","0","臺中市","大肚區","0","0","0","8","","","40","","","","","","","","","","","","","","","","","","","","B03","","","1","","2","","","12","","1","4","","B03","24.123736","120.575073","3"
"2019","8","8","7","1","臺中市","西屯區","0","1","0","8","1","5","40","4","1","1","5","4","5","7","1","1","10","5","5","2","16","25","3","10","1","1","B03","7","5","1","8","2","8","","25","25","1","22","8","B03","24.183928","120.628701","2"
"2019","8","8","7","6","臺中市","外埔區","0","0","0","8","","","50","","","","","","","","","","","","","","","","","","","","B12","","","1","","2","","","18","","1","22","","B12","24.342041","120.638266","3"
"2019","8","8","7","7","臺中市","北屯區","0","2","0","8","1","5","50","3","1","1","5","4","5","7","4","4","10","5","5","2","15","6","2","9","4","5","F01","7","9","8","20","2","16","","6","6","1","15","8","F01","24.174687","120.708466","2"
"2019","8","8","7","8","臺中市","沙鹿區","0","0","0","8","","","60","","","","","","","","","","","","","","","","","","","","B03","","","1","","2","","","7","","1","11","","B03","24.249974","120.59495","3"
"2019","8","8","7","10","臺中市","北屯區","0","0","0","8","","","60","","","","","","","","","","","","","","","","","","","","B03","","","1","","2","","","42","","1","21","","B03","24.164922","120.696011","3"
"2019","8","8","7","10","臺中市","大甲區","0","1","0","8","1","5","50","3","1","1","5","4","5","7","1","1","10","5","5","2","17","9","3","10","1","1","B12","7","5","1","8","2","2","","8","9","1","22","9","B12","24.361284","120.637944","2"
"2019","8","8","7","11","臺中市","清水區","0","1","0","8","1","5","40","11","9","1","5","4","5","7","4","4","10","5","5","2","11","5","3","10","1","1","B03","7","9","1","8","2","8","","5","5","1","21","8","B03","24.301161","120.601543","2"
"2019","8","8","7","15","臺中市","烏日區","0","0","0","8","","","70","","","","","","","","","","","","","","","","","","","","B03","","","1","","2","","","12","","1","","","B03","24.109088","120.605656","3"
"2019","8","8","7","16","臺中市","沙鹿區","0","0","0","8","","","60","","","","","","","","","","","","","","","","","","","","B03","","","1","","2","","","23","","1","4","","B03","24.253363","120.574681","3"
"2019","8","8","7","21","臺中市","梧棲區","0","1","0","8","1","5","40","14","9","1","5","4","5","7","1","1","10","5","5","1","17","27","3","10","3","4","B03","7","8","1","1","2","5","","27","27","1","21","8","B03","24.249269","120.53505","2"
"2019","8","8","7","23","臺中市","神岡區","0","3","0","8","1","5","50","3","1","1","5","4","5","7","4","4","5","5","5","1","16","42","2","9","1","1","C03","7","5","1","10","2","13","","42","42","1","21","8","C03","24.267598","120.655742","2"
"2019","8","8","7","25","臺中市","北屯區","0","2","0","8","1","5","50","4","1","1","5","4","5","7","4","4","10","5","5","2","13","16","2","9","1","1","C03","7","9","1","10","2","11","","16","16","1","21","8","C03","24.20278","120.69281","2"
"2019","8","8","7","28","臺中市","北區","0","2","0","8","1","5","50","4","1","1","5","4","5","7","4","4","5","5","5","2","16","6","2","9","1","1","C04","7","5","1","10","2","11","","6","6","1","22","8","C04","24.16019","120.68889","2"
"2019","8","8","7","30","臺中市","北屯區","0","0","0","8","","","50","","","","","","","","","","","","","","","","","","","","A12","","","1","","2","","","23","","1","10","","A12","24.177665","120.70046","3"
"2019","8","8","7","37","臺中市","霧峰區","0","0","0","8","","","40","","","","","","","","","","","","","","","","","","","","B03","","","1","","2","","","12","","1","3","","B03","24.071866","120.662149","3"
"2019","8","8","7","40","臺中市","太平區","0","0","0","8","","","40","","","","","","","","","","","","","","","","","","","","B03","","","1","","2","","","6","","1","22","","B03","24.142505","120.712085","3"
"2019","8","8","7","43","臺中市","大雅區","0","1","0","8","1","5","40","4","1","1","5","4","5","7","4","4","10","5","5","2","17","23","2","7","1","1","C03","7","9","1","10","2","11","","23","23","1","22","9","C03","24.20758","120.63325","2"
"2019","8","8","7","45","臺中市","清水區","0","0","0","8","","","40","","","","","","","","","","","","","","","","","","","","B03","","","1","","2","","","23","","1","","","B03","24.2948909","120.5536703","3"
"2019","8","8","7","49","臺中市","大雅區","0","1","0","8","1","5","50","4","1","1","5","4","5","7","4","4","5","5","5","1","13","16","3","10","1","1","C03","7","9","1","10","2","11","","16","16","1","21","8","C03","24.2146","120.668843","2"
"2019","8","8","7","52","臺中市","沙鹿區","0","2","0","8","1","5","50","3","2","1","5","4","5","7","4","4","10","5","5","2","17","6","2","9","1","1","C03","7","6","1","10","2","14","","14","6","1","19","8","C03","24.22847","120.556169","2"
"2019","8","8","7","54","臺中市","太平區","0","1","0","8","1","5","40","4","1","1","5","4","5","7","4","4","10","5","5","2","14","12","3","10","3","4","B03","7","2","1","8","2","7","","12","12","1","9","8","B03","24.13238","120.716528","2"
"2019","8","8","7","55","臺中市","神岡區","0","1","0","8","1","5","50","3","1","1","5","4","5","7","3","1","10","5","5","2","12","19","2","8","1","1","C03","7","1","1","10","2","14","","19","19","1","22","9","C03","24.247121","120.681869","2"
"2019","8","8","8","3","臺中市","北區","0","0","0","8","","","50","","","","","","","","","","","","","","","","","","","","B03","","","1","","2","","","23","","1","22","","B03","24.150821","120.676849","3"
"2019","8","8","8","29","臺中市","梧棲區","0","0","0","8","","","40","","","","","","","","","","","","","","","","","","","","B03","","","1","","2","","","6","","","","","B03","24.258986","120.555576","3"
"2019","8","8","8","30","臺中市","東區","0","0","0","8","","","50","","","","","","","","","","","","","","","12","","","","","B03","","","1","","9","","","12","12","1","5","","B03","24.147388","120.693539","3"
"2019","8","8","8","30","臺中市","大甲區","0","1","0","8","1","5","50","4","1","1","5","4","5","7","4","4","10","5","5","2","17","6","3","10","1","1","B03","7","9","1","8","2","1","","6","6","1","22","9","B03","24.352551","120.621539","2"
"2019","8","8","8","33","臺中市","大雅區","0","0","0","8","","","40","","","","","","","","","","","","","","","","","","","","B03","","","1","","2","","","6","","1","","","B03","24.220266","120.662686","3"
"2019","8","8","8","35","臺中市","潭子區","0","0","0","8","","","50","","","","","","","","","","","","","","","","","","","","B03","","","1","","2","","","6","","1","22","","B03","24.209721","120.7043","3"
"2019","8","8","8","39","臺中市","西區","0","0","0","8","","","50","","","","","","","","","","","","","","","","3","","","","B03","","","1","","2","","","6","","","21","","B03","24.141587","120.658837","3"
"2019","8","8","8","43","臺中市","西屯區","0","0","0","8","","","50","","","","","","","","","","","","","","","","","","","","B03","","","1","","2","","","12","","1","22","","B03","24.171729","120.644704","3"
"2019","8","8","8","46","臺中市","大雅區","0","0","0","8","","","50","","","","","","","","","","","","","","","","","","","","B03","","","1","","2","","","23","","1","22","","B03","24.23466","120.63684","3"
"2019","8","8","8","47","臺中市","南區","0","1","0","8","1","5","50","4","1","1","5","4","5","7","2","1","10","5","5","2","12","1","3","10","1","1","B01","7","6","1","8","2","2","","1","1","1","5","4","B01","24.129582","120.685022","2"
"2019","8","8","8","57","臺中市","霧峰區","0","2","0","8","1","5","40","4","2","1","5","4","5","7","1","1","10","5","5","2","12","23","2","7","1","1","C03","7","9","1","10","2","12","","23","23","1","19","8","C03","24.068909","120.700315","2"
"2019","8","8","9","6","臺中市","大里區","0","0","0","8","","","50","","","","","","","","","","","","","","","","","","","","B03","","","1","","2","","","42","","1","3","","B03","24.096021","120.681442","3"
"2019","8","8","9","25","臺中市","大雅區","0","2","0","8","1","5","40","3","1","1","5","4","5","7","3","1","10","5","5","2","17","6","2","9","1","1","C03","7","5","1","10","2","14","","6","6","1","22","9","C03","24.22861","120.65142","2"
"2019","8","8","9","27","臺中市","西屯區","0","0","0","8","","","1","","","","","","","","","","","","","","","","","","","","B03","","","1","","2","","","12","","1","22","","B03","24.184323","120.644651","3"
"2019","8","8","9","30","臺中市","大安區","0","2","0","8","1","5","50","4","2","1","5","4","5","7","1","1","10","5","5","2","17","25","2","9","1","1","C03","7","9","1","10","2","11","","25","25","1","22","9","C03","24.391896","120.60266","2"
"2019","8","8","9","34","臺中市","西區","0","1","0","8","1","5","50","4","1","1","5","4","5","7","4","4","5","5","5","2","15","6","2","8","1","1","C03","7","9","1","10","2","12","","6","6","1","22","8","C03","24.142759","120.66958","2"
"2019","8","8","9","40","臺中市","南區","0","0","0","8","","","50","","","","","","","","","","","","","","","","","","","","B12","","","1","","2","","","23","","1","22","","B12","24.113191","120.661044","3"
"2019","8","8","9","45","臺中市","清水區","0","0","0","8","","","70","","","","","","","","","","","","","","","","","","","","B03","","","1","","2","","","7","","1","21","","B03","24.292701","120.588419","3"
"2019","8","8","9","51","臺中市","太平區","0","1","0","8","1","8","15","11","9","1","5","4","5","7","4","4","10","5","5","2","16","5","3","10","1","1","B03","7","9","1","8","2","4","","5","5","1","5","5","B03","24.135175","120.737808","2"
"2019","8","8","9","55","臺中市","北區","0","3","0","8","1","5","50","14","9","1","5","4","5","7","4","4","3","2","5","2","17","3","2","8","1","1","C03","7","9","1","10","2","13","","3","3","1","22","9","C03","24.17338","120.669235","2"
"2019","8","8","9","56","臺中市","清水區","0","1","0","8","1","5","40","4","1","1","5","4","5","7","4","4","10","5","5","2","15","6","2","9","1","1","C03","7","9","1","10","2","12","","6","6","1","21","8","C03","24.286998","120.577366","2"
"2019","8","8","10","3","臺中市","西屯區","0","0","0","8","","","50","","","","","","","","","","","","","","","","","","","","B03","","","1","","2","","","26","","1","22","","B03","24.167093","120.643405","3"
"2019","8","8","10","12","臺中市","西區","0","1","0","8","1","5","50","4","1","1","5","4","5","7","1","1","10","5","5","2","18","42","2","9","1","1","C03","7","9","1","10","2","14","","42","42","1","21","5","C03","24.148436","120.67284","2"
"2019","8","8","10","20","臺中市","龍井區","0","1","0","8","1","5","50","14","9","1","5","4","5","7","4","4","5","5","5","2","16","26","3","10","1","1","C03","7","9","1","10","2","12","","26","26","1","21","8","C03","24.182098","120.584823","2"
"2019","8","8","10","21","臺中市","潭子區","0","0","0","8","","","50","","","","","","","","","","","","","","","","","","","","B12","","","1","","2","","","17","","1","22","","B12","24.196293","120.723578","3"
"2019","8","8","10","31","臺中市","太平區","0","0","0","8","","","50","","","","","","","","","","","","","","","","","","","","B03","","","1","","2","","","23","","1","22","","B03","24.116906","120.718119","3"
"2019","8","8","10","44","臺中市","大甲區","0","0","0","","","","","","","","","","","","","","","","","","","17","","","","","B12","","","1","","2","","","17","17","1","","","B12","24.34435","120.624924","3"
"2019","8","8","10","51","臺中市","太平區","0","1","0","8","1","5","50","3","1","1","5","4","5","7","1","1","10","5","5","2","16","25","2","9","3","4","C03","7","9","1","10","2","12","","25","25","1","9","8","C03","24.134828","120.715873","2"
"2019","8","8","11","0","臺中市","后里區","0","0","0","8","","","50","","","","","","","","","","","","","","","","","","","","B03","","","1","","2","","","23","","1","22","","B03","24.3138","120.693061","3"
"2019","8","8","11","6","臺中市","東勢區","0","1","0","8","1","5","50","14","9","1","5","4","5","7","4","4","5","5","5","1","17","40","3","10","1","1","B12","7","13","1","8","2","4","","40","40","1","9","8","B12","24.260213","120.827636","2"
"2019","8","8","11","13","臺中市","北屯區","0","0","0","8","","","50","","","","","","","","","","","","","","","","","","","","B03","","","1","","2","","","16","","1","","","B03","24.172721","120.685341","3"
"2019","8","8","11","13","臺中市","大里區","0","0","0","8","","","50","","","","","","","","","","","","","","","","","","","","B03","","","8","","9","","","44","","1","","","B03","24.114867","120.676339","3"
"2019","8","8","11","13","臺中市","太平區","0","1","0","8","1","5","50","3","2","1","5","4","5","7","4","4","5","4","4","2","16","6","2","9","1","1","C03","7","5","1","10","2","14","","6","6","1","21","8","C03","24.099556","120.723909","2"
"2019","8","8","11","18","臺中市","南區","0","1","0","8","1","5","50","3","1","1","5","4","5","7","4","4","10","5","5","2","17","6","3","10","1","1","B03","7","5","1","10","2","1","","6","6","1","22","8","B03","24.114069","120.67069","2"
"2019","8","8","11","18","臺中市","大雅區","0","1","0","8","1","5","50","4","1","1","5","4","5","7","1","1","1","4","5","1","23","23","2","2","1","1","B02","7","9","1","4","2","8","","23","23","1","21","8","B02","24.225304","120.613606","2"
"2019","8","8","11","30","臺中市","潭子區","0","2","0","8","1","5","50","14","9","1","5","4","5","7","1","1","5","4","4","1","16","9","2","7","1","1","C03","7","6","1","10","2","15","","9","9","1","21","8","C03","24.216172","120.700804","2"
"2019","8","8","11","38","臺中市","大里區","0","0","0","8","","","50","","","","","","","","","","","","","","","","","","","","B03","","","1","","2","","","9","","1","3","","B03","24.110869","120.674745","3"
"2019","8","8","11","53","臺中市","潭子區","0","0","0","8","","","40","","","","","","","","","","","","","","","","","","","","B12","","","1","","9","","","17","","2","22","","B12","24.225575","120.680399","3"
"2019","8","8","11","56","臺中市","西屯區","0","1","0","8","1","5","50","3","1","1","5","4","5","7","3","1","10","5","5","2","17","6","3","10","1","1","B12","7","5","3","18","2","1","","6","6","1","22","8","B12","24.176136","120.653488","2"
"2019","8","8","12","6","臺中市","清水區","0","1","0","8","1","5","50","14","13","1","5","4","5","7","3","1","5","5","5","1","13","23","2","9","1","1","C03","7","9","1","10","2","11","","23","23","1","21","8","C03","24.269265","120.570036","2"
"2019","8","8","12","7","臺中市","大甲區","0","1","0","8","1","5","50","14","9","1","5","4","5","7","4","4","5","5","5","1","17","40","3","10","1","1","B12","7","13","1","8","2","4","","40","40","1","5","8","B12","24.34637","120.627782","2"
"2019","8","8","12","8","臺中市","北區","0","2","0","8","1","5","50","4","1","1","5","4","5","7","4","4","5","4","5","2","16","6","2","8","1","1","C03","7","9","1","10","2","11","","6","6","1","21","8","C03","24.161628","120.679951","2"
"2019","8","8","12","12","臺中市","霧峰區","0","2","0","8","1","5","50","4","1","1","5","4","5","7","1","1","10","5","5","2","15","25","2","9","3","4","C03","7","9","1","10","2","11","","25","25","1","22","8","C03","24.080785","120.709288","2"
"2019","8","8","12","21","臺中市","清水區","0","0","0","8","","","40","","","","","","","","","","","","","","","","","","","","A12","","","1","","2","","","12","","1","10","","A12","24.2745286","120.5700612","3"
"2019","8","8","12","23","臺中市","北屯區","0","0","0","","","","","","","","","","","","","","","","","","","42","","","","","A41","","","1","","2","","","42","42","1","","","A41","24.172108","120.685213","3"
"2019","8","8","12","25","臺中市","南區","0","2","0","8","1","5","50","4","1","1","5","4","5","7","1","1","10","5","5","2","16","25","2","9","1","1","C03","7","9","1","10","2","11","","25","25","1","5","8","C03","24.118665","120.666858","2"
"2019","8","8","12","36","臺中市","大里區","0","0","0","8","","","60","","","","","","","","","","","","","","","","","","","","A12","","","1","","2","","","23","","1","10","","A12","24.081057","120.688298","3"
"2019","8","8","12","40","臺中市","西區","0","1","0","6","1","5","50","3","1","1","4","4","5","7","3","1","10","5","5","2","16","23","3","10","1","1","C03","7","9","1","10","2","12","","23","23","1","21","8","C03","24.159564","120.660239","2"
"2019","8","8","12","55","臺中市","北區","0","0","0","8","","","50","","","","","","","","","","","","","","","","","","","","B03","","","6","","2","","","23","","","22","","B03","24.16242","120.66455","3"
"2019","8","8","13","29","臺中市","中區","0","1","0","8","1","5","50","4","1","1","5","4","5","7","1","1","10","5","5","2","16","26","3","10","1","1","C03","7","5","2","18","2","14","","26","26","1","21","5","C03","24.137099","120.682564","2"
"2019","8","8","13","34","臺中市","南區","0","1","0","8","1","5","50","4","1","1","5","4","5","7","2","1","10","5","5","2","12","7","2","7","1","1","C03","7","7","1","10","2","14","","7","7","1","5","8","C03","24.114829","120.669958","2"
"2019","8","8","13","40","臺中市","西屯區","0","0","0","8","","","40","","","","","","","","","","","","","","","","","","","","B12","","","1","","2","","","19","","1","22","","B12","24.170208","120.64314","3"
"2019","8","8","13","40","臺中市","沙鹿區","0","1","0","2","1","5","40","14","8","1","5","4","5","7","4","4","1","4","3","1","29","67","","","","","","","","","","","","","67","67","1","","","","24.239044","120.565592","2"
"2019","8","8","13","41","臺中市","東勢區","0","0","0","8","","","50","","","","","","","","","","","","","","","","","","","","B03","","","1","","2","","","12","","1","22","","B03","24.260096","120.827371","3"
"2019","8","8","14","1","臺中市","大安區","0","0","0","8","","","50","","","","","","","","","","","","","","","","","","","","B12","","","1","","2","","","34","","1","11","","B12","24.337585","120.592334","3"
"2019","8","8","14","5","臺中市","東區","0","0","0","8","","","50","","","","","","","","","","","","","","","6","","","","","B03","","","1","","2","","","6","6","1","5","","B03","24.141543","120.703224","3"
"2019","8","8","14","15","臺中市","龍井區","0","1","0","8","1","5","50","4","1","1","5","4","5","7","2","1","10","5","5","2","12","43","2","8","1","4","C03","7","1","1","10","2","11","14","43","43","1","22","8","C03","24.174851","120.581343","2"
"2019","8","8","14","19","臺中市","東區","0","0","0","8","","","40","","","","","","","","","","","","","","","","","","","","B12","","","1","","2","","","12","","1","","","B12","24.130883","120.70313","3"
"2019","8","8","14","22","臺中市","西屯區","0","0","0","8","","","1","","","","","","","","","","","","","","","","","","","","B03","","","1","","2","","","12","","1","22","","B03","24.19541","120.643683","3"
"2019","8","8","14","23","臺中市","北區","0","0","0","8","","","50","","","","","","","","","","","","","","","","","","","","B03","","","1","","2","","","6","","1","22","","B03","24.15154","120.679964","3"
"2019","8","8","14","26","臺中市","西屯區","0","0","0","8","","","40","","","","","","","","","","","","","","","","","","","","B03","","","1","","2","","","12","","1","22","","B03","24.165146","120.655641","3"
"2019","8","8","14","30","臺中市","潭子區","0","1","0","8","1","5","40","14","8","1","5","4","5","7","4","4","1","4","4","1","18","23","2","9","1","1","C03","7","9","1","10","2","14","","23","23","1","22","9","C03","24.222439","120.689604","2"
"2019","8","8","14","33","臺中市","南屯區","0","0","0","8","","","50","","","","","","","","","","","","","","","","","","","","","","","7","","11","","","43","","1","","","","24.150368","120.647796","3"
"2019","8","8","14","40","臺中市","梧棲區","0","1","0","8","1","5","50","14","9","1","5","4","5","5","4","4","5","4","5","1","16","26","3","10","1","1","B03","7","11","1","8","2","8","","26","26","1","9","8","B03","24.243563","120.527584","2"
"2019","8","8","14","47","臺中市","豐原區","0","0","0","8","","","50","","","","","","","","","","","","","","","","","","","","B12","","","1","","2","","","12","","1","21","","B12","24.225902","120.724447","3"
"2019","8","8","14","48","臺中市","西屯區","0","1","0","8","1","5","40","4","1","1","5","4","5","7","4","4","5","5","4","2","15","6","2","9","1","1","C04","7","9","1","10","2","15","","6","6","1","22","9","C04","24.160395","120.651177","2"
"2019","8","8","14","55","臺中市","東區","0","1","0","8","1","5","50","4","1","1","5","4","5","7","1","1","10","5","5","2","3","25","3","10","1","1","C03","7","9","1","10","2","11","","25","25","1","21","8","C03","24.143047","120.687577","2"
"2019","8","8","15","3","臺中市","烏日區","0","0","0","8","","","50","","","","","","","","","","","","","","","","","","","","B03","","","1","","2","","","2","","1","22","","B03","24.113858","120.61879","3"
"2019","8","8","15","4","臺中市","霧峰區","0","0","0","8","1","5","70","5","1","1","5","4","5","7","1","1","10","5","5","2","13","16","3","10","1","1","B03","7","9","1","3","2","8","","16","16","1","5","8","B03","24.053995","120.696101","3"
"2019","8","8","15","5","臺中市","南屯區","0","0","0","8","","","40","","","","","","","","4","","","","","","","23","3","","","","B03","","","1","","2","","","23","23","1","21","","B03","24.132048","120.649699","3"
"2019","8","8","15","12","臺中市","西屯區","0","0","0","8","","","50","","","","","","","","","","","","","","13","23","","","","","B03","","","1","","2","1","","23","23","1","22","","B03","24.175383","120.638515","3"
"2019","8","8","15","26","臺中市","北區","0","1","0","8","1","5","50","14","7","1","5","4","5","7","4","4","5","4","5","2","16","26","3","10","1","4","B03","7","11","1","8","2","7","","26","26","1","21","8","B03","24.168554","120.679336","2"
"2019","8","8","15","41","臺中市","太平區","0","1","0","8","1","5","50","3","2","1","5","4","5","7","1","1","10","5","5","2","16","9","3","10","3","4","C03","7","6","1","10","2","12","","9","9","1","9","8","C03","24.148709","120.716218","2"
"2019","8","8","15","42","臺中市","神岡區","0","1","0","7","1","5","50","14","9","1","5","4","5","7","4","4","5","5","5","1","16","19","3","10","1","1","B03","7","1","1","8","2","1","","19","19","1","22","8","B03","24.243174","120.683217","2"
"2019","8","8","15","47","臺中市","太平區","0","1","0","8","1","5","50","14","9","1","5","4","5","7","4","4","4","4","5","1","16","7","2","9","1","1","C03","7","7","1","10","2","14","","7","7","1","21","8","C03","24.148295","120.715855","2"
"2019","8","8","15","50","臺中市","龍井區","0","1","0","8","1","5","60","4","1","1","5","4","5","7","2","1","10","5","5","2","17","26","3","10","1","4","B12","7","6","1","8","2","6","","26","26","1","22","8","B12","24.182903","120.593086","2"
"2019","8","8","15","55","臺中市","西區","0","1","0","8","1","5","50","14","9","1","5","4","5","7","4","4","5","4","5","2","17","42","3","10","1","1","B03","7","15","1","8","2","5","","42","42","1","5","5","B03","24.146747","120.665154","2"
"2019","8","8","15","58","臺中市","西區","0","1","0","8","1","5","50","4","1","1","4","4","5","7","4","4","10","5","5","2","11","17","3","10","1","1","B03","7","9","1","8","2","4","","17","17","1","21","8","B03","24.137285","120.658828","2"
"2019","8","8","15","58","臺中市","南區","0","0","0","8","","","50","","","","","","","","","","","","","","","","","","","","B03","","","1","","2","","","23","","1","4","","B03","24.123456","120.658754","3"
"2019","8","8","16","3","臺中市","北區","0","0","0","6","","","50","","","","","","","","","","","","","","","","","","","","B03","","","1","","2","","","23","","1","","","B03","24.168787","120.672565","3"
"2019","8","8","16","8","臺中市","大甲區","0","1","0","6","1","5","50","3","1","1","4","4","5","7","4","4","10","5","5","2","16","6","3","10","1","1","B03","7","5","1","8","2","4","8","6","6","1","19","8","B03","24.347797","120.614963","2"
"2019","8","8","16","12","臺中市","太平區","0","0","0","6","","","50","","","","","","","","","","","","","","","","","","","","B03","","","1","","2","","","12","","1","5","","B03","24.14193","120.712572","3"
"2019","8","8","16","20","臺中市","西屯區","0","1","0","8","1","5","50","3","1","1","5","4","5","7","1","1","9","4","4","2","17","42","2","9","1","1","C03","7","9","1","10","2","14","","42","42","1","22","9","C03","24.178763","120.62467","2"
"2019","8","8","16","27","臺中市","潭子區","0","1","0","6","1","5","50","5","1","1","4","4","5","7","1","1","5","5","4","2","17","19","3","10","1","1","C03","7","1","1","10","2","14","","19","19","1","22","9","C03","24.215168","120.709665","2"
"2019","8","8","16","29","臺中市","太平區","0","0","0","8","","","10","","","","","","","","","","","","","","","","","","","","B12","","","1","","2","","","26","","1","22","","B12","24.149037","120.715203","3"
"2019","8","8","16","30","臺中市","西屯區","0","0","0","6","","","50","","","","","","","","","","","","","","","","","","","","B03","","","1","","2","","","19","","1","22","","B03","24.16998","120.647606","3"