"年","月","日","時","分","縣市","區","死","受傷","2-30","天候","光線","道路類別","速限","道路型態","事故位置","路面鋪裝","路面狀態","路面缺陷","障礙物","視距","號誌種類","號誌動作","分向設施","快車道或一般車道間","快慢車道間","路面邊線","事故類型及型態","主要肇因","受傷程度","主要傷處","保護裝備","行動電話","當事者區分(類別)","車輛用途","當事者行動狀態","駕駛資格情形","駕駛執照種類","飲酒情形","車輛撞擊部位最初","車輛撞擊部位其他","肇事因素個別","肇事因素主要","肇事逃逸","職業","旅次目的","車種","GPS座標(緯度)","GPS座標(經度)","事故類別"
"2019","8","8","16","30","臺中市","烏日區","0","1","0","8","1","5","40","11","8","1","5","4","5","7","4","4","1","4","1","1","16","23","2","9","1","1","C03","7","9","1","10","2","11","","23","23","1","22","8","C03","24.113175","120.587427","2"
"2019","8","8","16","35","臺中市","西屯區","0","1","0","6","1","5","40","14","8","1","4","4","5","7","4","4","5","4","4","2","12","19","3","10","1","1","B03","7","1","1","8","2","8","","19","19","1","22","8","B03","24.158671","120.648678","2"
"2019","8","8","16","37","臺中市","北區","0","0","0","6","","","50","","","","","","","","","","","","","","","","","","","","B03","","","1","","2","","","23","","1","","","B03","24.16297","120.670958","3"
"2019","8","8","16","42","臺中市","北區","0","1","0","6","1","5","50","14","7","1","4","4","5","7","4","4","5","4","5","2","16","26","3","10","1","4","A11","7","11","1","2","2","4","","26","26","1","21","8","A11","24.160763","120.670547","2"
"2019","8","8","16","44","臺中市","北區","0","1","0","6","1","5","50","4","1","1","4","4","5","7","1","1","10","5","5","2","17","6","3","10","1","1","B03","7","6","1","8","2","2","","6","6","1","21","8","B03","24.165195","120.677171","2"
"2019","8","8","16","45","臺中市","北區","0","0","0","6","","","50","","","","","","","","","","","","","","","","","","","","B03","","","1","","2","","","23","","1","","","B03","24.146278","120.683809","3"
"2019","8","8","16","45","臺中市","北屯區","0","0","0","6","","","50","","","","","","","","","","","","","","","","","","","","B03","","","1","","2","","","12","","1","21","","B03","24.176125","120.729555","3"
"2019","8","8","16","45","臺中市","梧棲區","0","0","0","8","","","50","","","","","","","","","","","","","","","","","","","","B03","","","1","","2","","","6","","1","19","","B03","24.247269","120.547425","3"
"2019","8","8","16","47","臺中市","清水區","0","1","0","6","1","5","40","4","1","1","4","4","5","7","3","1","10","5","5","2","16","6","2","9","1","1","B03","7","9","3","18","2","4","","6","6","1","12","8","B03","24.281403","120.542231","2"
"2019","8","8","16","47","臺中市","大甲區","0","1","0","6","1","5","50","4","1","1","4","4","5","7","1","1","10","5","5","2","17","19","2","9","1","1","C03","7","1","1","10","2","11","","19","19","1","16","8","C03","24.342692","120.623887","2"
"2019","8","8","16","48","臺中市","大雅區","0","1","0","6","1","5","50","14","12","1","4","4","5","7","4","4","3","4","4","1","18","23","2","9","1","1","C03","7","9","1","10","2","14","","23","23","1","22","9","C03","24.229386","120.642001","2"
"2019","8","8","16","51","臺中市","西屯區","0","2","0","6","1","5","50","14","8","1","4","4","5","7","4","4","5","4","4","2","16","11","2","9","1","1","C03","7","11","4","8","2","11","","11","11","1","22","8","C03","24.173043","120.646398","2"
"2019","8","8","17","2","臺中市","西屯區","0","0","0","6","1","5","50","14","9","1","4","4","5","7","4","4","8","4","4","2","16","7","3","10","3","4","B03","7","7","1","8","9","15","","43","7","1","22","9","B03","24.183542","120.631896","3"
"2019","8","8","17","11","臺中市","北區","0","0","0","6","","","50","","","","","","","","","","","","","","","23","3","","","","B12","","","1","8","2","5","","23","23","","21","","B12","24.167497","120.673142","3"
"2019","8","8","17","13","臺中市","北區","0","0","0","6","","","50","","","","","","","","","","","","","","","","","","","","B03","","","1","","2","","","23","","1","","","B03","24.171651","120.66886","3"
"2019","8","8","17","16","臺中市","龍井區","0","1","0","6","1","5","40","3","1","1","4","4","5","7","4","4","10","5","5","2","13","23","2","9","1","1","C03","7","9","1","10","2","11","","23","23","1","12","8","C03","24.188058","120.54944","2"
"2019","8","8","17","18","臺中市","北區","0","1","0","6","1","5","50","3","2","1","4","4","5","7","4","4","10","5","5","2","29","23","2","9","1","1","C03","7","9","1","10","2","11","","23","23","1","21","8","C03","24.15015","120.681128","2"
"2019","8","8","17","20","臺中市","大雅區","0","1","0","6","2","5","50","4","1","1","4","4","5","7","2","1","10","4","5","1","3","23","3","10","1","1","B03","7","9","1","8","2","1","","23","23","1","22","9","B03","24.221883","120.649783","2"
"2019","8","8","17","26","臺中市","沙鹿區","0","0","0","8","","","40","","","","","","","","","","","","","","","","","","","","B03","","","1","","2","","","12","","1","22","","B03","24.217404","120.558214","3"
"2019","8","8","17","27","臺中市","西屯區","0","1","0","6","1","5","50","3","1","1","4","4","5","7","1","1","9","4","5","2","16","6","3","10","1","1","B03","7","5","1","8","2","1","","6","6","1","22","9","B03","24.170815","120.605466","2"
"2019","8","8","17","28","臺中市","西屯區","0","1","0","6","1","5","50","14","9","1","4","4","5","7","4","4","1","4","5","2","13","43","2","9","1","1","C03","7","9","1","10","2","11","","43","43","1","21","8","C03","24.20129","120.661439","2"
"2019","8","8","17","30","臺中市","太平區","0","1","0","6","3","5","50","3","1","1","4","4","5","7","4","4","5","5","4","1","16","6","2","9","1","1","C03","7","5","3","18","2","12","","6","6","1","21","8","C03","24.149855","120.726541","2"
"2019","8","8","17","30","臺中市","大甲區","0","1","0","6","1","5","40","3","1","1","4","4","5","7","4","4","10","5","5","2","16","6","3","10","1","1","B03","7","6","1","8","2","8","","6","6","1","9","8","B03","24.382079","120.655728","2"
"2019","8","8","17","32","臺中市","沙鹿區","0","1","0","8","1","5","40","4","1","1","5","4","5","7","4","4","10","5","5","2","15","6","2","9","1","1","C03","7","9","1","10","2","12","","6","6","1","5","9","C03","24.230579","120.568644","2"
"2019","8","8","17","33","臺中市","西屯區","0","1","0","6","1","5","40","14","8","1","4","4","5","7","4","4","4","3","4","2","17","43","2","9","1","1","C03","7","9","1","10","2","12","","43","43","1","22","8","C03","24.175005","120.589374","2"
"2019","8","8","17","36","臺中市","潭子區","0","0","0","6","","","40","","","","","","","","","","","","","","","","","","","","C03","","","1","","2","","","16","","1","22","","C03","24.223922","120.689904","3"
"2019","8","8","17","37","臺中市","北屯區","0","0","0","8","","","40","","","","","","","","","","","","","","","12","","","","","B03","","","1","","2","","","12","12","1","","","B03","24.201269","120.672132","3"
"2019","8","8","17","37","臺中市","大里區","0","1","0","7","1","5","50","14","9","1","4","4","5","7","4","4","5","5","5","2","17","26","3","10","1","1","B03","7","11","1","8","11","15","","26","26","1","21","8","B03","24.12305","120.686349","2"
"2019","8","8","17","44","臺中市","太平區","0","0","0","6","","","50","","","","","","","","","","","","","","","","","","","","C03","","","1","","2","","","26","","1","21","","C03","24.111248","120.704206","3"
"2019","8","8","17","44","臺中市","潭子區","0","1","0","6","2","5","40","4","2","1","4","4","5","7","1","1","10","5","5","2","18","23","2","9","1","1","C03","7","9","1","10","2","12","","23","23","1","22","8","C03","24.21609","120.69317","2"
"2019","8","8","17","45","臺中市","梧棲區","0","1","0","6","1","5","50","3","1","1","4","4","5","7","4","4","1","4","5","1","17","19","3","10","1","1","C03","7","7","1","10","2","13","","7","19","1","18","5","C03","24.24443","120.540359","2"
"2019","8","8","17","48","臺中市","西屯區","0","0","0","8","","","40","","","","","","","","","","","","","","","","","","","","B03","","","1","","2","","","19","","1","21","","B03","24.174786","120.659765","3"
"2019","8","8","17","50","臺中市","東區","0","0","0","","","","","","","","","","","","","","","","","","","6","3","","","","B01","","","1","","2","","","6","6","","22","","B01","24.127231","120.695286","3"
"2019","8","8","17","50","臺中市","烏日區","0","0","0","","","","","","","","","","","","","","","","","","","2","3","10","3","4","B12","","4","1","8","2","2","","2","2","1","11","9","B12","24.093395","120.644124","3"
"2019","8","8","17","50","臺中市","潭子區","0","1","0","6","2","5","60","14","8","1","4","4","5","7","4","4","3","4","4","1","16","19","3","10","1","1","B03","7","1","1","8","2","4","","19","19","1","22","8","B03","24.222561","120.689716","2"
"2019","8","8","17","55","臺中市","西屯區","0","1","0","6","1","5","50","4","1","1","4","4","5","7","4","4","10","5","5","2","2","19","3","10","3","4","B03","7","1","1","8","9","5","","19","19","2","22","9","B03","24.186774","120.603948","2"
"2019","8","8","17","56","臺中市","北區","0","1","0","6","2","5","50","4","1","1","4","4","5","7","1","1","10","5","5","2","16","6","3","10","1","4","B03","7","6","1","8","2","2","","6","6","1","21","8","B03","24.153355","120.68259","2"
"2019","8","8","18","4","臺中市","神岡區","0","2","0","7","1","5","50","14","9","1","4","4","5","7","4","4","5","5","5","1","16","42","2","9","1","1","C03","7","9","1","10","2","12","","42","42","1","22","8","C03","24.258735","120.71302","2"
"2019","8","8","18","6","臺中市","神岡區","0","0","0","6","","","40","","","","","","","","","","","","","","","","","","","","B03","","","1","","2","","","6","","1","21","","B03","24.251716","120.686081","3"
"2019","8","8","18","7","臺中市","西區","0","1","0","6","3","5","40","4","1","1","4","4","5","7","1","1","1","4","1","2","12","26","3","10","3","4","B03","7","8","1","8","2","15","","26","26","1","21","8","B03","24.154387","120.66424","2"
"2019","8","8","18","11","臺中市","烏日區","0","1","0","6","2","5","40","3","1","1","4","4","5","7","1","1","9","5","5","2","16","8","2","9","1","1","C03","7","5","1","10","2","14","","8","8","1","22","8","C03","24.110379","120.646662","2"
"2019","8","8","18","11","臺中市","沙鹿區","0","0","0","8","","","60","","","","","","","","","","","","","","","","","","","","A41","","","1","","2","","","16","","1","10","","A41","24.250084","120.58061","3"
"2019","8","8","18","15","臺中市","南屯區","0","0","0","6","","","80","","","","","","","","","","","","","","","7","3","","","","B03","","","1","","2","","","44","7","1","21","","B03","24.123013","120.619865","3"
"2019","8","8","18","17","臺中市","西屯區","0","0","0","6","","","50","","","","","","","","","","","","","","","","","","","","B03","","","1","","2","","","23","","1","22","","B03","24.161381","120.601506","3"
"2019","8","8","18","17","臺中市","西屯區","0","0","0","6","","","50","","","","","","","","","","","","","","","","","","","","B03","","","1","","2","","","23","","1","","","B03","24.16088","120.604981","3"
"2019","8","8","18","17","臺中市","西屯區","0","0","0","8","","","40","","","","","","","","","","","","","","","","","","","","B03","","","1","","2","","","23","","1","","","B03","24.187638","120.617961","3"
"2019","8","8","18","22","臺中市","豐原區","0","0","0","7","","","40","","","","","","","","","","","","","","","18","","","","","B03","","","1","","2","","","18","18","","","","B03","24.247216","120.712852","3"
"2019","8","8","18","30","臺中市","潭子區","0","0","0","6","","","50","","","","","","","","","","","","","","","","","","","","B03","","","1","","2","","","7","","1","22","","B03","24.216341","120.705427","3"
"2019","8","8","18","36","臺中市","西屯區","0","0","0","8","","","50","","","","","","","","","","","","","","","","","","","","B03","","","1","","2","","","23","","1","","","B03","24.187976","120.610141","3"
"2019","8","8","18","42","臺中市","北區","0","1","0","7","3","5","50","14","9","1","4","4","5","7","1","1","5","5","5","2","17","23","3","10","1","1","B12","7","9","3","18","2","1","","23","23","1","21","8","B12","24.171666","120.668888","2"
"2019","8","8","18","45","臺中市","烏日區","0","1","0","8","1","5","40","11","9","1","5","4","5","7","4","4","10","4","5","1","9","6","3","10","1","1","A12","7","9","1","7","2","15","","6","6","1","21","8","A12","24.07888","120.647929","2"
"2019","8","8","18","50","臺中市","北區","0","0","0","6","","","50","","","","","","","","","","","","","","","16","3","","","","B03","","","1","8","2","1","","16","16","","21","","B03","24.169857","120.672189","3"
"2019","8","8","18","50","臺中市","大肚區","0","1","0","7","3","5","40","5","1","1","5","4","5","7","4","4","10","5","5","2","16","6","3","10","1","1","B03","7","6","1","8","2","1","","6","6","1","3","8","B03","24.121672","120.581723","2"
"2019","8","8","18","51","臺中市","北區","0","1","0","7","3","5","50","4","1","1","4","4","5","7","1","1","10","5","5","2","16","6","3","10","1","1","B03","7","5","1","8","2","5","","6","6","1","21","8","B03","24.159143","120.685068","2"
"2019","8","8","18","51","臺中市","烏日區","0","0","0","","","","","","","","","","","","","","","","","","","","","","","","B03","","","1","","2","","","16","","1","22","","B03","24.107867","120.625246","3"
"2019","8","8","18","54","臺中市","北屯區","0","0","0","8","","","40","","","","","","","","","","","","","","","","","","","","B12","","","1","","2","","","19","","1","","","B12","24.196964","120.662887","3"
"2019","8","8","18","58","臺中市","大肚區","0","2","0","7","3","5","50","4","2","1","5","4","5","7","4","4","5","5","5","1","13","23","2","9","1","4","C03","7","9","4","4","3","11","","23","23","1","22","8","C03","24.159661","120.574441","2"
"2019","8","8","19","0","臺中市","南屯區","0","0","0","6","","","50","","","","","","","","","","","","","","","","","","","","B03","","","1","","2","","","17","","1","22","","B03","24.154952","120.649756","3"
"2019","8","8","19","0","臺中市","北屯區","0","0","0","8","","","50","","","","","","","","","","","","","","","","","","","","B03","","","1","","2","","","7","","1","","","B03","24.165712","120.69457","3"
"2019","8","8","19","0","臺中市","北屯區","0","1","0","8","3","5","50","14","7","1","5","4","5","7","4","4","9","4","4","2","13","23","2","8","3","4","C03","7","9","1","10","2","11","","23","23","1","5","8","C03","24.184769","120.690477","2"
"2019","8","8","19","0","臺中市","西屯區","0","1","0","8","1","5","50","14","7","1","5","4","5","7","4","4","5","2","4","2","16","26","2","9","1","1","C03","7","5","1","10","2","11","","26","26","1","21","8","C03","24.192453","120.64547","2"
"2019","8","8","19","4","臺中市","外埔區","0","0","0","6","3","5","50","4","1","1","4","4","5","7","4","4","4","4","4","1","12","","","","","","B03","","","1","","2","","","17","","1","","","B03","24.331343","120.653782","3"
"2019","8","8","19","5","臺中市","大里區","0","0","0","6","3","5","40","14","9","1","4","4","5","7","4","4","10","5","5","2","16","19","3","10","1","1","B12","7","1","1","8","2","8","","19","19","1","5","8","B12","24.088746","120.706478","3"
"2019","8","8","19","15","臺中市","龍井區","0","1","0","8","3","5","50","3","1","1","5","4","3","5","4","4","10","5","5","2","17","6","3","10","1","4","B03","7","5","1","8","2","1","","6","6","1","22","8","B03","24.185133","120.585316","2"
"2019","8","8","19","16","臺中市","西屯區","0","0","0","6","","","50","","","","","","","","","","","","","","13","42","","","","","B03","","","1","","2","1","","42","42","1","22","","B03","24.190565","120.610716","3"
"2019","8","8","19","17","臺中市","北區","0","0","0","8","","","50","","","","","","","","","","","","","","","","","","","","B03","","","1","","2","","","6","","1","","","B03","24.164722","120.670555","3"
"2019","8","8","19","28","臺中市","北區","0","0","0","8","","","50","","","","","","","","","","","","","","","","","","","","B03","","","1","","2","","","23","","1","","","B03","24.146266","120.686028","3"
"2019","8","8","19","32","臺中市","南區","0","0","0","","","","","","","","","","","","","","","","","","","23","3","","","","B03","","","1","","2","","","23","23","","22","","B03","24.122113","120.648993","3"
"2019","8","8","19","35","臺中市","南區","0","0","0","","","","","","","","","","","","","","","","","","","","","","","","B01","","","1","","2","","","43","","1","10","","B01","24.122958","120.679412","3"
"2019","8","8","19","40","臺中市","龍井區","0","2","0","6","3","5","40","4","1","1","4","4","5","7","4","4","10","5","5","2","15","6","2","9","1","1","C03","7","9","1","10","2","11","","6","6","1","12","1","C03","24.198565","120.51925","2"
"2019","8","8","19","45","臺中市","東區","0","0","0","8","","","50","","","","","","","","","","","","","","","","","","","","B12","","","1","","2","","","23","","1","4","","B12","24.123456","120.658947","3"
"2019","8","8","19","46","臺中市","西屯區","0","1","0","8","1","5","50","3","2","1","5","4","5","7","4","4","10","5","5","2","29","43","2","9","1","1","C03","7","9","1","10","2","12","","43","43","1","21","8","C03","24.182125","120.621261","2"
"2019","8","8","19","50","臺中市","大雅區","0","0","0","6","","","50","","","","","","","","","","","","","","","","","","","","A04","","","1","","2","","","16","","1","22","","A04","24.234567","120.637212","4"
"2019","8","8","19","59","臺中市","外埔區","0","1","0","6","3","5","50","14","9","1","4","4","5","7","4","4","9","5","5","1","16","7","3","10","1","1","B03","7","8","3","18","2","5","","7","7","1","21","8","B03","24.340243","120.663955","2"
"2019","8","8","20","4","臺中市","潭子區","0","0","0","8","","","50","","","","","","","","","","","","","","","","","","","","C03","","","4","","2","","","25","","1","22","","C03","24.210048","120.71036","3"
"2019","8","8","20","17","臺中市","梧棲區","0","0","0","6","","","50","","","","","","","","","","","","","","","16","","","","","B03","","","1","","2","","","44","16","1","9","","B03","24.252687","120.528228","3"
"2019","8","8","20","22","臺中市","烏日區","0","0","0","8","","","40","","","","","","","","","","","","","","","","","","","","B03","","","1","","2","","","23","","1","22","","B03","24.115532","120.641739","3"
"2019","8","8","20","26","臺中市","北區","0","1","0","7","3","5","50","14","7","1","5","4","5","7","4","4","2","4","5","2","12","1","2","9","1","4","C03","7","4","1","10","2","11","12","1","1","1","21","8","C03","24.151576","120.684766","2"
"2019","8","8","20","26","臺中市","西屯區","0","1","0","8","1","5","50","3","7","1","5","4","5","7","4","4","9","5","4","2","13","23","2","9","1","1","C01","7","9","1","9","2","11","","23","23","1","22","9","C01","24.160638","120.656526","2"
"2019","8","8","20","26","臺中市","潭子區","0","0","0","6","","","40","","","","","","","","","","","","","","","","","","","","B03","","","1","","2","","","16","","1","22","","B03","24.212083","120.705313","3"
"2019","8","8","20","46","臺中市","沙鹿區","0","1","0","6","3","5","50","4","1","1","4","4","5","7","2","1","10","5","5","2","15","42","2","9","4","1","F01","7","9","8","20","7","16","","42","42","1","20","8","F01","24.241966","120.614737","2"
"2019","8","8","20","48","臺中市","清水區","0","1","0","7","3","5","50","3","2","1","4","4","5","7","4","4","9","4","4","1","18","43","2","9","1","1","C03","7","9","1","10","2","11","","43","43","1","3","8","C03","24.275836","120.570605","2"
"2019","8","8","21","18","臺中市","大里區","0","1","0","7","3","5","50","14","8","1","5","4","5","7","4","4","5","5","4","2","13","23","2","3","1","1","B03","7","9","1","8","2","1","","23","23","1","5","5","B03","24.112398","120.691295","2"
"2019","8","8","21","25","臺中市","大里區","0","0","0","8","3","5","50","14","7","1","5","4","5","7","4","4","5","4","4","2","13","23","3","10","1","1","B03","7","9","1","8","2","1","","23","23","1","5","8","B03","24.112886","120.690308","3"
"2019","8","8","21","41","臺中市","龍井區","0","0","0","6","","","70","","","","","","","","","","","","","","","","","","","","B03","","","1","","2","","","43","","1","5","","B03","24.215989","120.541785","3"
"2019","8","8","21","58","臺中市","潭子區","0","0","0","6","","","50","","","","","","","","","","","","","","","","","","","","B03","","","1","","2","","","17","","1","22","","B03","24.205877","120.698983","4"
"2019","8","8","22","0","臺中市","西屯區","0","0","0","8","","","50","","","","","","","","","","","","","","","","","","","","B03","","","1","","2","","","19","","1","","","B03","24.164033","120.638415","3"
"2019","8","8","22","14","臺中市","大里區","0","0","0","8","","","50","","","","","","","","","","","","","","","","","","","","B03","","","1","","1","","","17","","1","21","","B03","24.100653","120.691053","3"
"2019","8","8","22","26","臺中市","南屯區","0","0","0","8","","","50","","","","","","","","","","","","","","","","","","","","B03","","","1","","2","","","16","","1","22","","B03","24.148782","120.640788","3"
"2019","8","8","22","26","臺中市","西屯區","0","0","0","6","","","40","","","","","","","","","","","","","","14","12","","","","","B03","","","1","","2","3","","12","12","1","22","","B03","24.190925","120.61294","3"
"2019","8","8","22","32","臺中市","太平區","0","1","0","6","3","5","50","14","9","1","4","4","5","7","4","4","5","5","5","1","13","16","2","9","1","1","C03","7","9","1","10","2","11","","16","16","1","21","1","C03","24.15614","120.726645","2"
"2019","8","8","22","39","臺中市","太平區","0","0","0","6","","","40","","","","","","","","","","","","","","","","","","","","B03","","","1","","2","","","42","","1","21","","B03","24.143919","120.712808","3"
"2019","8","8","22","43","臺中市","南屯區","0","0","0","8","","","50","","","","","","","","","","","","","","","","","","","","B03","","","1","","2","","","16","","1","5","","B03","24.152458","120.616181","3"
"2019","8","8","22","46","臺中市","北屯區","0","0","0","8","","","40","","","","","","","","","","","","","","","23","","","","","B03","","","1","","2","","","23","23","1","22","","B03","24.176392","120.670752","3"
"2019","8","8","23","3","臺中市","中區","0","1","0","7","3","5","50","4","2","1","5","4","5","7","2","1","5","4","4","2","12","17","3","10","1","1","B03","7","9","1","4","2","6","","17","17","1","21","8","B03","24.144625","120.681719","2"
"2019","8","8","23","6","臺中市","南屯區","0","1","0","8","3","5","50","3","1","1","5","4","5","7","4","4","5","4","4","2","18","23","2","9","1","1","C03","7","5","1","10","2","14","","23","23","1","22","8","C03","24.153652","120.642477","2"
"2019","8","8","23","30","臺中市","北屯區","0","0","0","6","","","50","","","","","","","","","","","","","","","23","","","","","B03","","","1","","2","","","23","23","1","","","B03","24.181341","120.69864","3"
"2019","8","8","23","35","臺中市","大甲區","0","0","0","6","","","50","","","","","","","","","","","","","","","1","","","","","B03","","","1","","11","","","1","1","1","9","","B03","24.353538","120.621269","3"
"2019","8","8","23","37","臺中市","北屯區","0","1","0","6","3","5","50","5","18","1","4","4","5","7","2","2","10","5","5","2","9","25","3","10","1","1","B12","7","11","1","8","2","8","","25","25","1","5","8","B12","24.173984","120.674115","2"
"2019","8","8","23","41","臺中市","南屯區","0","0","0","6","","","50","","","","","","","","","","","","","","","","","","","","C03","","","1","","2","","","26","","1","","","C03","24.146824","120.649872","3"
"2019","8","9","1","38","臺中市","西屯區","0","1","0","6","3","5","50","14","7","1","4","4","3","5","4","4","5","5","4","2","12","23","2","9","3","4","C03","7","9","4","3","2","11","","23","23","1","22","9","C03","24.17681","120.64329","2"
"2019","8","9","3","17","臺中市","后里區","0","1","0","1","3","5","40","14","9","1","4","4","5","7","4","4","10","5","5","2","18","43","2","9","3","4","B03","7","9","1","8","2","15","","43","43","1","22","8","B03","24.311823","120.666597","2"
"2019","8","9","5","25","臺中市","沙鹿區","0","2","0","6","1","5","40","4","8","1","4","4","5","7","2","1","1","4","2","1","13","16","2","8","1","1","C03","7","9","1","10","2","11","","16","16","1","21","8","C03","24.239567","120.5651","2"
"2019","8","9","6","4","臺中市","北區","0","0","0","6","","","50","","","","","","","","","","","","","","","","","","","","B03","","","1","","2","","","7","","1","5","","B03","24.170086","120.672311","3"
"2019","8","9","6","13","臺中市","沙鹿區","0","0","0","8","","","50","","","","","","","","","","","","","","","","","","","","B03","","","1","","2","","","23","","1","21","","B03","24.231226","120.554032","4"
"2019","8","9","6","27","臺中市","北區","0","1","0","6","1","5","50","4","1","1","4","4","5","7","2","1","5","5","5","2","16","6","3","10","3","4","B03","7","6","1","7","2","2","","6","6","1","22","9","B03","24.156871","120.676416","2"
"2019","8","9","6","38","臺中市","大雅區","0","1","0","6","1","5","50","4","2","1","4","4","5","7","1","1","1","4","4","1","17","19","3","10","1","1","B03","7","1","1","8","2","1","","19","19","1","22","8","B03","24.219568","120.662416","2"
"2019","8","9","6","46","臺中市","大雅區","0","1","0","6","1","5","40","15","13","1","4","4","5","7","1","1","5","4","5","1","18","26","2","7","1","1","C03","7","9","1","10","2","11","","26","26","1","21","8","C03","24.22943","120.654351","2"
"2019","8","9","6","50","臺中市","大甲區","0","2","0","8","1","5","50","3","1","1","5","4","5","7","4","4","10","5","5","1","12","42","2","8","1","1","C03","7","4","1","10","2","11","","42","42","1","22","8","C03","24.424749","120.626519","2"
"2019","8","9","6","51","臺中市","北區","0","1","0","8","1","5","50","3","2","1","5","4","5","7","4","4","1","4","5","2","16","6","3","10","1","1","B03","7","7","1","8","2","4","","6","6","1","5","8","B03","24.158961","120.691328","2"
"2019","8","9","7","19","臺中市","北屯區","0","1","0","6","2","5","40","3","1","1","4","4","5","7","3","1","10","5","5","2","18","42","2","9","1","1","C03","7","12","1","10","2","14","","42","42","1","4","8","C03","24.1926","120.7106","2"
"2019","8","9","7","20","臺中市","西屯區","0","1","0","6","1","5","50","14","9","1","4","4","5","7","4","4","1","4","5","2","13","23","2","9","1","1","F01","7","9","8","20","2","16","","23","23","1","22","8","F01","24.163935","120.65041","2"
"2019","8","9","7","27","臺中市","沙鹿區","0","1","0","8","1","5","50","4","1","1","4","4","5","7","4","4","10","5","5","2","16","9","3","10","1","1","B03","7","6","1","8","2","2","","9","9","1","21","8","B03","24.214621","120.576562","2"
"2019","8","9","7","29","臺中市","西屯區","0","0","0","6","","","50","","","","","","","","","","","","","","","","","","","","B03","","","1","","2","","","23","","1","","","B03","24.200775","120.656841","3"
"2019","8","9","7","29","臺中市","潭子區","0","1","0","6","1","5","50","14","7","1","4","4","5","7","4","4","5","5","4","2","29","42","2","9","1","1","C03","7","9","1","10","2","14","","42","42","1","22","8","C03","24.222775","120.692236","2"
"2019","8","9","7","31","臺中市","梧棲區","0","0","0","7","1","5","50","14","9","1","5","4","5","7","4","4","5","5","5","2","16","26","3","10","1","1","B03","7","5","1","8","6","5","","26","26","1","9","1","B03","24.261105","120.538346","3"
"2019","8","9","7","33","臺中市","神岡區","0","0","0","6","","","50","","","","","","","","","","","","","","","","","","","","B03","","","1","","2","","","23","","1","22","","B03","24.247138","120.685378","3"
"2019","8","9","7","35","臺中市","后里區","0","0","0","6","","","40","","","","","","","","","","","","","","","17","","","","","A04","","","1","","2","","","17","17","1","10","","A04","24.323523","120.751386","4"
"2019","8","9","7","36","臺中市","神岡區","0","0","0","6","","","60","","","","","","","","","","","","","","","16","","","","","B03","","","1","","2","","","16","16","1","","","B03","24.23448","120.697967","3"
"2019","8","9","7","40","臺中市","北區","0","0","0","6","","","50","","","","","","","","","","","","","","","","","","","","B03","","","1","","2","","","7","","","21","","B03","24.170799","120.67211","3"
"2019","8","9","7","40","臺中市","大雅區","0","1","0","6","1","5","50","3","2","1","4","4","5","7","1","1","5","4","4","1","12","23","2","9","1","1","C03","7","14","1","10","2","11","","23","23","1","22","9","C03","24.219304","120.64112","2"
"2019","8","9","7","41","臺中市","大肚區","0","3","0","6","1","5","50","4","1","1","4","4","5","7","1","1","10","5","5","2","16","25","2","9","1","1","C03","7","9","1","10","2","11","","25","25","1","21","8","C03","24.165024","120.577231","2"
"2019","8","9","7","48","臺中市","北屯區","0","1","0","6","1","5","50","14","9","1","4","4","5","7","4","4","10","5","5","2","13","16","2","9","1","1","C03","7","9","1","10","2","11","","16","16","1","21","8","C03","24.188515","120.662505","2"
"2019","8","9","7","48","臺中市","潭子區","0","1","0","6","1","5","60","14","9","1","4","4","5","7","4","4","1","4","1","1","13","23","2","8","1","1","C03","7","9","1","10","2","11","","23","23","1","4","1","C03","24.23604","120.707647","2"
"2019","8","9","7","50","臺中市","大里區","0","0","0","6","","","50","","","","","","","","","","","","","","","","","","","","B03","","","1","","2","","","6","","1","12","","B03","24.096676","120.686734","3"
"2019","8","9","7","50","臺中市","后里區","0","1","0","6","1","5","40","4","1","1","4","4","5","3","4","4","10","5","5","2","15","43","2","9","1","1","C03","7","9","1","10","2","11","","43","43","1","5","1","C03","24.307433","120.67275","2"
"2019","8","9","7","50","臺中市","潭子區","0","1","0","6","1","5","60","14","8","1","4","4","5","7","4","4","1","4","4","1","13","16","2","9","1","1","C03","7","9","1","10","2","11","","16","16","1","22","8","C03","24.219071","120.706136","2"
"2019","8","9","7","52","臺中市","太平區","0","1","0","6","1","5","50","14","9","1","4","4","5","7","4","4","5","4","5","2","18","23","2","9","1","1","C03","7","9","1","8","2","14","","23","23","1","5","5","C03","24.127718","120.71635","2"
"2019","8","9","7","54","臺中市","北區","0","1","0","6","1","5","50","3","1","1","4","4","5","7","4","4","10","5","5","2","16","6","2","8","2","1","F01","7","5","8","20","2","16","","6","6","1","22","8","F01","24.170062","120.671722","2"
"2019","8","9","7","57","臺中市","梧棲區","0","1","0","8","1","5","70","4","1","1","5","4","5","7","1","1","10","5","5","2","16","9","3","10","1","1","C03","7","6","1","10","2","12","","9","9","2","5","8","C03","24.239656","120.54975","2"
"2019","8","9","7","58","臺中市","西屯區","0","1","0","8","1","5","40","3","2","1","5","4","5","7","4","4","5","4","4","2","16","43","3","10","1","1","B03","7","5","1","8","2","1","","43","43","1","22","8","B03","24.175123","120.64408","2"
"2019","8","9","7","59","臺中市","大雅區","0","1","0","6","1","5","50","5","1","1","4","4","5","7","1","1","10","4","4","1","17","25","3","10","1","1","B03","7","9","1","8","2","1","","25","25","1","21","8","B03","24.216855","120.666072","2"
"2019","8","9","8","5","臺中市","龍井區","0","2","0","8","1","5","40","4","1","1","5","4","5","7","4","4","10","5","5","2","15","6","2","8","1","1","C03","7","9","1","10","2","12","","6","6","1","19","8","C03","24.192898","120.528288","2"