"年","月","日","時","分","縣市","區","死","受傷","2-30","天候","光線","道路類別","速限","道路型態","事故位置","路面鋪裝","路面狀態","路面缺陷","障礙物","視距","號誌種類","號誌動作","分向設施","快車道或一般車道間","快慢車道間","路面邊線","事故類型及型態","主要肇因","受傷程度","主要傷處","保護裝備","行動電話","當事者區分(類別)","車輛用途","當事者行動狀態","駕駛資格情形","駕駛執照種類","飲酒情形","車輛撞擊部位最初","車輛撞擊部位其他","肇事因素個別","肇事因素主要","肇事逃逸","職業","旅次目的","車種","GPS座標(緯度)","GPS座標(經度)","事故類別"
"2019","8","9","8","5","臺中市","大安區","0","1","0","8","1","5","40","4","1","1","5","4","5","7","4","4","10","5","5","1","15","6","2","8","1","1","C03","7","9","1","10","2","11","","6","6","1","22","1","C03","24.347047","120.587937","2"
"2019","8","9","8","6","臺中市","西區","0","1","0","6","1","5","50","14","9","1","4","4","5","7","4","4","5","5","5","2","17","19","3","10","1","1","B03","7","1","1","1","2","15","","19","19","1","21","8","B03","24.147427","120.660184","2"
"2019","8","9","8","6","臺中市","西屯區","0","0","0","6","","","40","","","","","","","","","","","","","","","","","","","","B12","","","1","","2","","","12","","1","22","","B12","24.171396","120.657551","3"
"2019","8","9","8","9","臺中市","大里區","0","2","0","6","1","5","50","4","2","1","4","4","5","7","1","1","1","4","5","1","16","23","2","9","1","1","C03","7","9","1","10","2","11","","23","23","1","3","8","C03","24.102641","120.681913","2"
"2019","8","9","8","10","臺中市","豐原區","0","0","0","6","","","50","","","","","","","","","","","","","","","","","","","","B12","","","1","","2","","","23","","1","21","","B12","24.265169","120.745025","3"
"2019","8","9","8","15","臺中市","太平區","0","0","0","6","","","50","","","","","","","","","","","","","","","","","","","","B12","","","1","","2","","","16","","1","22","","B12","24.156747","120.717457","3"
"2019","8","9","8","15","臺中市","神岡區","0","0","0","6","","","50","","","","","","","","","","","","","","","","","","","","B12","","","1","","2","","","23","","1","","","B12","24.252825","120.6994","3"
"2019","8","9","8","16","臺中市","太平區","0","0","0","6","","","40","","","","","","","","","","","","","","","","","","","","B03","","","1","","2","","","6","","1","21","","B03","24.133044","120.716346","3"
"2019","8","9","8","32","臺中市","南屯區","0","0","0","6","","","50","","","","","","","","","","","","","","","","","","","","B03","","","1","","2","","","16","","1","4","","B03","24.142844","120.630785","4"
"2019","8","9","8","34","臺中市","南屯區","0","0","0","8","","","50","","","","","","","","","","","","","","","","","","","","B03","","","1","","2","","","12","","1","5","","B03","24.143266","120.644623","3"
"2019","8","9","8","35","臺中市","太平區","0","1","0","6","1","5","50","14","9","1","4","4","5","7","4","4","5","4","5","1","16","7","3","10","1","1","B01","7","8","1","4","2","2","","7","7","1","10","4","B01","24.133344","120.715804","2"
"2019","8","9","8","39","臺中市","西屯區","0","1","0","6","1","5","40","14","8","1","4","4","5","7","4","4","5","5","4","2","17","42","2","9","1","1","C03","7","9","1","10","2","14","","42","42","1","22","9","C03","24.162718","120.638562","2"
"2019","8","9","8","40","臺中市","大里區","0","1","0","6","1","5","50","3","1","1","4","4","5","7","4","4","10","5","5","1","16","6","2","9","1","1","C03","7","9","1","10","2","12","","6","6","1","12","8","C03","24.087146","120.700089","2"
"2019","8","9","8","40","臺中市","大雅區","0","2","0","8","1","5","50","4","1","1","5","4","5","7","2","1","3","4","3","1","15","25","2","9","1","1","C03","7","9","1","10","2","12","","25","25","1","22","9","C03","24.206202","120.629049","2"
"2019","8","9","8","42","臺中市","大里區","0","1","0","6","","","40","","","","","","","","","","","","","","","","","","","","C03","","","1","","2","","","16","","1","21","","C03","24.100547","120.677017","3"
"2019","8","9","8","44","臺中市","太平區","0","0","0","6","","","50","","","","","","","","","","","","","","","","","","","","B03","","","1","","2","","","12","","1","5","","B03","24.109543","120.730517","3"
"2019","8","9","8","50","臺中市","北區","0","2","0","6","1","5","40","14","12","1","4","4","5","7","4","4","5","5","4","2","17","26","2","9","1","1","C03","7","9","1","10","2","11","","26","26","1","22","8","C03","24.159197","120.677348","2"
"2019","8","9","8","50","臺中市","大雅區","0","1","0","6","1","5","50","3","1","1","4","4","5","7","3","1","3","4","4","1","12","9","3","10","1","1","A12","7","6","1","1","2","2","","9","9","1","22","9","A12","24.219551","120.661377","2"
"2019","8","9","8","52","臺中市","西區","0","0","0","6","","","50","","","","","","","","","","","","","","","","3","","","","B03","","","1","","2","","","23","","","21","","B03","24.155925","120.658784","4"
"2019","8","9","8","52","臺中市","大雅區","0","1","0","6","1","5","50","14","13","1","4","4","5","7","4","4","5","4","5","1","17","26","2","8","1","1","C03","7","4","1","10","2","14","","26","26","1","21","8","C03","24.228949","120.653589","2"
"2019","8","9","8","53","臺中市","沙鹿區","0","0","0","8","","","50","","","","","","","","","","","","","","","","","","","","C03","","","1","","2","","","60","","1","22","","C03","24.225202","120.570098","3"
"2019","8","9","8","54","臺中市","北區","0","0","0","6","","","50","","","","","","","","","","","","","","","","","","","","C03","","","1","","2","","","23","","1","21","","C03","24.163264","120.676773","3"
"2019","8","9","8","55","臺中市","西屯區","0","1","0","6","1","5","50","3","1","1","4","4","5","7","1","1","10","5","5","2","12","17","3","10","1","1","B03","7","6","1","8","2","2","","17","17","1","22","8","B03","24.171928","120.613283","2"
"2019","8","9","8","56","臺中市","豐原區","0","0","0","6","","","50","","","","","","","","","","","","","","","","","","","","B03","","","1","","2","","","19","","1","","","B03","24.249627","120.714927","3"
"2019","8","9","8","58","臺中市","南區","0","2","0","6","1","5","40","14","9","1","4","4","5","7","4","4","5","5","5","2","17","12","2","8","1","1","C03","7","2","1","10","2","13","","12","12","1","4","8","C03","24.115352","120.665138","2"
"2019","8","9","8","59","臺中市","南屯區","0","0","0","8","","","40","","","","","","","","","","","","","","","","","","","","A41","","","1","","2","","","16","","1","10","","A41","24.150157","120.623338","4"
"2019","8","9","8","59","臺中市","大里區","0","0","0","6","","","40","","","","","","","","","","","","","","","","","","","","C03","","","1","","2","","","16","","1","18","","C03","24.091562","120.683822","3"
"2019","8","9","9","0","臺中市","烏日區","0","1","0","8","1","5","70","4","1","1","5","4","5","7","2","1","1","4","4","1","16","6","3","10","1","1","B03","7","5","1","8","2","5","","6","6","1","21","8","B03","24.108587","120.607101","2"
"2019","8","9","9","7","臺中市","北屯區","0","0","0","6","","","50","","","","","","","","","","","","","","","43","","","","","C03","","","1","","2","","","43","43","1","21","","C03","24.171249","120.680572","3"
"2019","8","9","9","10","臺中市","大雅區","1","0","0","6","1","5","50","14","9","1","4","4","5","7","4","4","5","5","5","1","17","40","3","10","1","1","B03","7","15","1","8","2","4","","40","40","1","21","8","B03","24.212133","120.646401","1"
"2019","8","9","9","11","臺中市","西區","0","0","0","8","","","50","","","","","","","","","","","","","","","","","","","","B03","","","1","","2","","","23","","1","5","","B03","24.150294","120.658715","4"
"2019","8","9","9","11","臺中市","神岡區","0","0","0","8","","","50","","","","","","","","","","","","","","","","","","","","A12","","","1","","2","","","7","","1","22","","A12","24.247058","120.68513","3"
"2019","8","9","9","12","臺中市","梧棲區","0","1","0","7","1","5","40","4","1","1","5","4","5","7","1","1","10","5","5","2","16","25","2","8","1","1","C03","7","5","3","18","2","12","","25","25","1","19","8","C03","24.244953","120.525686","2"
"2019","8","9","9","28","臺中市","太平區","0","0","0","6","","","50","","","","","","","","","","","","","","","","","","","","B12","","","1","","2","","","7","","1","21","","B12","24.124516","120.713098","3"
"2019","8","9","9","35","臺中市","北屯區","0","0","0","8","","","50","","","","","","","","","","","","","","","","","","","","B03","","","1","","2","","","23","","1","22","","B03","24.187118","120.663322","3"
"2019","8","9","9","36","臺中市","西區","0","1","0","6","1","5","50","3","1","1","4","4","5","7","4","4","10","5","5","2","18","13","2","9","1","1","C03","7","9","1","10","2","14","","13","13","1","21","8","C03","24.153199","120.655147","2"
"2019","8","9","9","38","臺中市","西區","0","0","0","6","","","50","","","","","","","","","","","","","","","","3","","","","B03","","","1","","2","","","23","","","21","","B03","24.15763","120.657517","3"
"2019","8","9","9","40","臺中市","大里區","0","0","0","8","","","50","","","","","","","","","","","","","","","","","","","","B03","","","1","","1","","","6","","1","21","","B03","24.099744","120.679541","3"
"2019","8","9","9","41","臺中市","西屯區","0","0","0","6","","","40","","","","","","","","","","","","","","","","","","","","B03","","","1","","2","","","12","","1","22","","B03","24.179658","120.6191","3"
"2019","8","9","9","45","臺中市","南區","0","0","0","6","","","50","","","","","","","","","","","","","","","","","","","","B03","","","1","","2","","","23","","1","4","","B03","24.127514","120.674805","3"
"2019","8","9","9","52","臺中市","北區","0","1","0","6","1","5","50","3","9","1","4","4","5","7","4","4","10","5","5","2","17","23","2","9","1","1","C03","7","9","4","8","2","12","","23","23","1","22","8","C03","24.165418","120.679322","2"
"2019","8","9","9","55","臺中市","中區","0","0","0","6","","","50","","","","","","","","","","","","","","","","","","","","B03","","","1","","2","","","23","","1","5","","B03","24.146069","120.677685","4"
"2019","8","9","10","0","臺中市","大甲區","0","2","0","6","1","5","50","4","1","5","4","4","5","7","3","1","10","5","5","2","15","6","2","5","1","1","C03","7","9","1","10","2","11","","6","6","1","5","8","C03","24.350207","120.615774","2"
"2019","8","9","10","8","臺中市","潭子區","0","1","0","6","1","5","50","3","2","1","4","4","5","7","4","4","10","4","4","2","16","6","3","10","1","1","B12","7","6","1","8","2","5","","6","6","1","22","8","B12","24.200133","120.706948","2"
"2019","8","9","10","37","臺中市","沙鹿區","0","0","0","6","","","40","","","","","","","","","","","","","","","","","","","","B03","","","1","","2","","","12","","1","","","B03","24.241786","120.564167","3"
"2019","8","9","10","40","臺中市","北區","0","1","0","7","1","5","50","3","1","1","4","4","5","7","4","4","10","5","5","2","16","6","3","10","1","1","B12","7","6","1","8","2","8","","6","6","1","22","8","B12","24.167426","120.666026","2"
"2019","8","9","10","43","臺中市","新社區","0","1","0","6","1","5","50","3","1","1","4","4","5","7","4","4","5","4","5","1","15","10","3","10","1","1","B03","7","11","1","8","2","5","","10","10","1","5","1","B03","24.208493","120.821024","2"
"2019","8","9","10","46","臺中市","沙鹿區","0","0","0","8","","","50","","","","","","","","","","","","","","","","","","","","B03","","","1","","2","","","8","","1","21","","B03","24.257967","120.570235","3"
"2019","8","9","10","47","臺中市","南區","0","2","0","6","1","5","40","4","1","1","4","4","5","7","1","1","10","5","5","2","16","6","2","9","1","1","C03","7","5","1","10","2","14","","6","6","1","4","8","C03","24.127997","120.664269","2"
"2019","8","9","10","53","臺中市","西屯區","0","0","0","8","","","50","","","","","","","","","","","","","","","","","","","","B03","","","1","","2","","","23","","","22","","B03","24.199226","120.655836","3"
"2019","8","9","10","55","臺中市","霧峰區","0","0","0","6","","","50","","","","","","","","","","","","","","","","","","","","B03","","","1","","2","","","12","","1","3","","B03","24.069261","120.699122","3"
"2019","8","9","10","57","臺中市","太平區","0","0","0","8","","","50","","","","","","","","","","","","","","","","","","","","B03","","","1","","2","","","16","","1","21","","B03","24.149633","120.724871","3"
"2019","8","9","10","58","臺中市","西屯區","0","0","0","6","","","50","","","","","","","","","","","","","","","","","","","","B03","","","1","","2","","","23","","1","22","","B03","24.172038","120.643163","3"
"2019","8","9","10","59","臺中市","梧棲區","0","0","0","6","","","70","","","","","","","","","","","","","","","","","","","","B12","","","1","","2","","","23","","1","19","","B12","24.236083","120.548364","3"
"2019","8","9","11","2","臺中市","北區","0","1","0","6","1","5","50","3","1","1","4","4","5","7","1","1","5","2","5","2","16","7","3","10","1","1","B03","7","8","1","8","2","5","","7","7","1","21","8","B03","24.157581","120.68109","2"
"2019","8","9","11","2","臺中市","東區","0","0","0","8","","","50","","","","","","","","","","","","","","","23","","","","","B03","","","1","","2","","","23","23","1","5","","B03","24.147879","120.699336","3"
"2019","8","9","11","8","臺中市","西屯區","0","0","0","8","","","50","","","","","","","","","","","","","","","","","","","","B12","","","1","","2","","","23","","1","","","B12","24.166451","120.643063","3"
"2019","8","9","11","12","臺中市","霧峰區","0","0","0","","","","","","","","","","","","","","","","","","","","","","","","B03","","","1","","2","","","12","","1","12","","B03","24.062869","120.703359","3"
"2019","8","9","11","22","臺中市","太平區","0","0","0","8","","","40","","","","","","","","","","","","","","","","","","","","B12","","","1","","2","","","12","","1","22","","B12","24.127416","120.707827","3"
"2019","8","9","11","24","臺中市","北屯區","0","0","0","6","","","50","","","","","","","","","","","","","","","","","","","","B03","","","1","","2","","","7","","1","2","","B03","24.17458","120.67995","3"
"2019","8","9","11","30","臺中市","神岡區","0","0","0","6","","","50","","","","","","","","","","","","","","","","","","","","B02","","","1","","11","","","23","","2","22","","B02","24.24878","120.698386","3"
"2019","8","9","11","32","臺中市","后里區","0","0","0","6","","","60","","","","","","","","","","","","","","","","","","","","B03","","","1","","2","","","16","","1","4","","B03","24.288418","120.723018","4"
"2019","8","9","11","40","臺中市","大雅區","0","1","0","8","1","5","50","14","9","1","5","4","5","7","4","4","3","4","4","1","16","19","3","10","1","1","B12","7","1","1","8","2","8","","19","19","1","22","9","B12","24.220048","120.647839","2"
"2019","8","9","11","42","臺中市","西區","0","1","0","7","1","5","50","4","1","1","4","4","5","7","4","4","10","5","5","2","16","6","3","10","1","1","B03","7","5","1","8","2","8","","6","6","1","21","5","B03","24.147861","120.667591","2"
"2019","8","9","11","53","臺中市","東勢區","0","1","0","6","1","5","50","3","1","1","4","4","5","7","4","4","10","5","5","1","16","19","3","10","1","1","B03","7","1","1","8","2","4","","19","19","1","22","8","B03","24.255721","120.827334","2"
"2019","8","9","12","0","臺中市","南屯區","0","0","0","6","","","50","","","","","","","","","","","","","","","","","","","","B03","","","1","","2","","","12","","1","21","","B03","24.139569","120.613398","3"
"2019","8","9","12","2","臺中市","太平區","0","1","0","6","1","5","50","14","9","1","4","4","5","7","4","4","10","5","5","2","18","43","2","9","1","1","C03","7","9","1","10","2","14","","43","43","1","5","7","C03","24.131929","120.738133","2"
"2019","8","9","12","6","臺中市","太平區","0","1","0","6","1","5","50","14","9","1","4","4","5","7","4","4","9","4","5","1","17","23","2","9","1","1","C03","7","9","1","10","2","11","","23","23","1","21","8","C03","24.138454","120.713238","2"
"2019","8","9","12","10","臺中市","太平區","0","1","0","6","1","5","40","4","1","1","4","4","5","7","4","4","10","5","5","2","16","6","3","10","1","1","B03","7","5","1","8","2","8","","6","6","1","9","7","B03","24.12384","120.714056","2"
"2019","8","9","12","11","臺中市","潭子區","0","2","0","6","1","5","50","14","7","1","4","4","5","7","4","4","5","4","4","2","17","6","2","1","1","1","C03","7","1","3","18","2","11","","6","6","1","22","8","C03","24.194579","120.697006","2"
"2019","8","9","12","17","臺中市","北區","0","0","0","6","","","50","","","","","","","","","","","","","","","","","","","","A11","","","1","","2","","","23","","","10","","A11","24.15571","120.671956","3"
"2019","8","9","12","20","臺中市","北區","0","0","0","8","","","50","","","","","","","","","","","","","","","","","","","","B03","","","1","","2","","","23","","1","22","","B03","24.173009","120.67154","3"
"2019","8","9","12","22","臺中市","北區","0","0","0","6","","","50","","","","","","","","","","","","","","","","","","","","B03","","","1","","2","","","23","","1","21","","B03","24.155751","120.685664","3"
"2019","8","9","12","27","臺中市","大雅區","0","0","0","6","","","50","","","","","","","","","","","","","","","44","","","","","B03","","","1","","2","","","23","44","1","22","","B03","24.213041","120.647308","3"
"2019","8","9","12","28","臺中市","外埔區","0","1","0","6","1","5","40","4","1","1","4","4","5","3","3","1","10","5","5","2","15","6","2","9","1","1","B03","7","9","1","8","2","8","","6","6","1","5","3","B03","24.332065","120.664585","2"
"2019","8","9","12","32","臺中市","梧棲區","0","0","0","8","","","70","","","","","","","","","","","","","","","","","","","","A22","","","1","","2","","","17","","1","10","","A22","24.230302","120.546159","3"
"2019","8","9","12","44","臺中市","西屯區","0","0","0","8","","","40","","","","","","","","","","","","","","","","","","","","B03","","","1","","2","","","18","","1","22","","B03","24.183835","120.615289","3"
"2019","8","9","12","47","臺中市","西屯區","0","0","0","8","","","50","","","","","","","","","","","","","","","","","","","","B03","","","1","","2","","","23","","1","22","","B03","24.162311","120.635028","3"
"2019","8","9","13","0","臺中市","烏日區","0","0","0","8","","","50","","","","","","","","","","","","","","","23","","","","","B12","","","1","","2","","","44","23","1","","","B12","24.100145","120.624507","3"
"2019","8","9","13","0","臺中市","東勢區","0","2","0","6","1","5","40","14","9","1","4","4","5","7","4","4","5","5","5","1","16","26","2","9","1","1","C03","7","11","1","10","2","11","","26","26","1","22","8","C03","24.206345","120.839059","2"
"2019","8","9","13","7","臺中市","清水區","0","2","0","6","1","5","50","4","2","1","4","4","5","7","4","4","9","4","4","2","13","23","2","9","1","1","C03","7","9","1","10","2","11","","23","23","1","21","8","C03","24.268905","120.57695","2"
"2019","8","9","13","11","臺中市","潭子區","0","1","0","8","1","5","50","4","1","1","5","4","5","7","1","1","5","4","5","1","16","6","3","10","1","1","B03","7","5","1","8","2","6","","6","6","1","22","8","B03","24.204523","120.674104","2"
"2019","8","9","13","12","臺中市","北區","0","0","0","8","","","50","","","","","","","","","","","","","","","","","","","","B03","","","1","","2","","","23","","","22","","B03","24.168821","120.672555","3"
"2019","8","9","13","23","臺中市","北區","0","0","0","8","","","50","","","","","","","","","","","","","","","","","","","","","","","7","","11","","","43","","1","","","","24.151669","120.680289","3"
"2019","8","9","13","25","臺中市","北區","0","2","0","8","1","5","50","3","1","1","5","4","5","7","4","4","10","5","5","2","17","19","2","8","1","1","C03","7","1","1","10","2","14","","19","19","1","22","8","C03","24.15994","120.692389","2"
"2019","8","9","13","30","臺中市","西區","0","0","0","8","","","60","","","","","","","","","","","","","","","","","","","","B02","","","1","","2","","","23","","1","","","B02","24.155564","120.662575","3"
"2019","8","9","13","30","臺中市","大肚區","0","0","0","8","","","50","","","","","","","","","","","","","","","","","","","","A12","","","1","","2","","","17","","1","10","","A12","24.150173","120.545708","3"
"2019","8","9","13","33","臺中市","西區","0","1","0","8","1","5","50","4","1","1","5","4","5","7","1","1","10","5","5","2","17","1","2","9","1","1","C03","7","9","1","10","2","11","","1","1","1","5","5","C03","24.138758","120.66722","2"
"2019","8","9","13","48","臺中市","大雅區","0","0","0","8","","","50","","","","","","","","","","","","","","","","","","","","B03","","","1","","2","","","23","","1","22","","B03","24.209757","120.651184","3"
"2019","8","9","13","53","臺中市","太平區","0","1","0","6","1","5","50","3","1","1","4","4","5","7","4","4","4","1","4","1","11","23","2","8","1","1","C03","7","9","1","10","2","11","","23","23","1","5","8","C03","24.123393","120.712543","2"
"2019","8","9","14","4","臺中市","東區","0","0","0","8","","","40","","","","","","","","","","","","","","","","","","","","C03","","","1","","2","","","23","","1","21","","C03","24.132969","120.697158","3"
"2019","8","9","14","8","臺中市","西屯區","0","0","0","8","","","50","","","","","","","","","","","","","","","12","","","","","B03","","","1","","2","","","12","12","1","4","","B03","24.178333","120.666666","3"
"2019","8","9","14","12","臺中市","北屯區","0","1","0","8","1","5","40","4","1","1","5","4","5","7","4","4","10","5","5","2","15","6","3","10","3","4","B03","7","9","1","8","2","5","","6","6","1","21","8","B03","24.19056","120.666883","2"
"2019","8","9","14","18","臺中市","南屯區","0","0","0","8","","","50","","","","","","","","","","","","","","","17","","","","","A11","","","1","","2","","","44","17","1","10","","A11","24.149854","120.623064","3"
"2019","8","9","14","20","臺中市","潭子區","0","0","0","6","","","60","","","","","","","","","","","","","","","","","","","","B12","","","1","","2","","","9","","1","22","","B12","24.207242","120.705029","3"
"2019","8","9","14","43","臺中市","神岡區","0","0","0","6","","","60","","","","","","","","","","","","","","","","","","","","B12","","","1","","2","","","18","","1","","","B12","24.247189","120.687816","3"
"2019","8","9","14","46","臺中市","西屯區","0","0","0","6","","","50","","","","","","","","","","","","","","","","","","","","B03","","","1","","2","","","12","","1","22","","B03","24.170497","120.661619","3"
"2019","8","9","15","7","臺中市","西區","0","0","0","6","","","50","","","","","","","","","","","","","","","","","","","","C03","","","1","","2","","","16","","1","5","","C03","24.155258","120.661173","4"
"2019","8","9","15","15","臺中市","沙鹿區","0","0","0","8","","","50","","","","","","","","","","","","","","","","","","","","A12","","","1","","2","","","17","","1","10","","A12","24.237997","120.562047","3"
"2019","8","9","15","15","臺中市","潭子區","0","2","0","6","1","5","40","14","8","1","4","4","5","7","4","4","1","4","4","1","23","42","2","8","1","1","B12","7","9","1","8","2","4","","42","42","1","22","8","B12","24.207976","120.705102","2"
"2019","8","9","15","25","臺中市","潭子區","0","0","0","6","","","50","","","","","","","","","","","","","","","","","","","","B03","","","1","","2","","","23","","1","","","B03","24.196301","120.7214","3"
"2019","8","9","15","26","臺中市","潭子區","0","1","0","6","1","5","50","3","1","1","4","4","5","7","4","4","5","5","5","1","16","6","3","10","1","1","B03","7","5","1","8","2","1","","6","6","1","22","8","B03","24.212658","120.706983","2"
"2019","8","9","15","30","臺中市","北區","0","1","0","8","1","5","50","3","1","1","5","4","5","7","1","1","10","5","5","2","16","6","2","8","1","1","C03","7","6","1","10","2","12","","6","6","1","21","8","C03","24.149819","120.684193","2"
"2019","8","9","15","30","臺中市","大雅區","0","0","0","8","","","50","","","","","","","","","","","","","","","8","","","","","C03","","","1","","9","","","23","8","1","22","","C03","24.223959","120.647906","3"
"2019","8","9","15","35","臺中市","北區","0","0","0","6","","","50","","","","","","","","","","","","","","","16","3","","","","B03","","","1","8","2","1","","16","16","","21","","B03","24.169094","120.672454","3"
"2019","8","9","15","39","臺中市","霧峰區","0","0","0","8","1","5","50","4","1","1","5","4","5","7","4","4","10","5","5","2","16","6","3","10","1","1","C03","7","9","1","10","2","14","","6","6","1","18","8","C03","24.061915","120.698181","3"
"2019","8","9","15","50","臺中市","新社區","0","1","0","6","1","5","50","14","9","1","4","4","5","7","4","4","4","4","5","1","17","23","2","9","1","1","C03","7","9","1","10","2","11","","23","23","1","22","8","C03","24.239476","120.807249","2"
"2019","8","9","16","9","臺中市","西區","0","0","0","8","","","50","","","","","","","","","","","","","","","43","3","","","","B03","","","1","","1","","","43","43","1","21","","B03","24.15158","120.654797","3"
"2019","8","9","16","10","臺中市","烏日區","0","1","0","8","1","5","40","3","1","1","5","4","5","7","4","4","1","4","1","1","16","42","2","8","1","1","C03","7","5","1","10","2","14","12","42","42","1","21","8","C03","24.094781","120.633913","2"
"2019","8","9","16","10","臺中市","潭子區","0","0","0","6","1","5","60","14","2","1","4","4","5","6","1","1","3","4","3","1","15","23","3","10","1","1","B03","7","9","1","8","2","8","","23","23","1","21","1","B03","24.224046","120.707105","3"
"2019","8","9","16","13","臺中市","南屯區","0","0","0","8","","","50","","","","","","","","","","","","","","","","3","","","","B03","","","1","","2","","","18","","1","22","","B03","24.139337","120.646638","3"
"2019","8","9","16","26","臺中市","梧棲區","0","0","0","8","","","50","","","","","","","","","","","","","","","","","","","","B03","","","1","","2","","","16","","1","4","","B03","24.224695","120.525615","3"
"2019","8","9","16","35","臺中市","大甲區","0","1","0","6","1","5","40","3","1","1","4","4","5","7","4","4","10","5","5","2","17","6","2","9","1","1","C03","7","9","1","10","2","14","","14","6","1","2","1","C03","24.350207","120.615774","2"
"2019","8","9","16","40","臺中市","北屯區","0","0","0","","1","5","50","14","9","1","4","4","5","7","4","4","1","3","5","2","13","23","3","10","1","1","B03","7","9","1","8","2","1","","23","23","1","21","8","B03","24.200855","120.685856","3"
"2019","8","9","16","42","臺中市","西屯區","0","0","0","8","","","40","","","","","","","","","","","","","","","","","","","","B03","","","1","","2","","","16","","1","","","B03","24.182577","120.636069","3"
"2019","8","9","17","7","臺中市","沙鹿區","0","0","0","8","","","60","","","","","","","","","","","","","","","","","","","","B03","","","1","","2","","","10","","1","5","","B03","24.211051","120.558148","3"
"2019","8","9","17","9","臺中市","西屯區","0","0","0","6","","","40","","","","","","","","","","","","","","11","17","","","","","B03","","","1","","2","15","","17","17","1","22","","B03","24.178376","120.644345","3"
"2019","8","9","17","10","臺中市","東區","0","1","0","6","1","5","50","14","7","1","4","4","5","7","4","4","5","4","4","2","18","23","2","9","1","1","C03","7","9","1","10","2","14","","23","23","1","22","8","C03","24.133268","120.698931","2"
"2019","8","9","17","10","臺中市","清水區","0","0","0","8","","","50","","","","","","","","","","","","","","","","","","","","B03","","","1","","2","","","12","","1","21","","B03","24.274204","120.552428","4"
"2019","8","9","17","15","臺中市","北區","0","1","0","7","1","5","50","4","1","1","5","4","5","7","4","4","10","5","5","2","15","6","2","9","1","1","C03","7","9","1","10","2","12","","6","6","1","22","8","C03","24.154655","120.680486","2"
"2019","8","9","17","19","臺中市","大里區","0","0","0","8","1","5","50","4","1","1","5","4","5","7","4","4","10","5","5","2","17","10","3","10","1","1","B03","7","11","1","8","2","5","","10","10","1","5","8","B03","24.116456","120.68838","3"
"2019","8","9","17","20","臺中市","大雅區","0","0","0","7","1","5","40","14","9","1","5","4","5","7","4","4","5","5","5","1","16","6","3","10","1","1","C03","7","5","1","10","8","12","","6","6","1","22","8","C03","24.228357","120.642592","3"
"2019","8","9","17","24","臺中市","北區","0","1","0","7","1","5","50","14","9","1","5","4","5","7","4","4","5","4","5","2","13","23","3","10","1","1","B03","7","7","1","8","2","5","","23","23","1","21","8","B03","24.149008","120.681456","2"
"2019","8","9","17","24","臺中市","豐原區","0","0","0","","","","","","","","","","","","","","","","","","","","","","","","B03","","","1","","2","","","23","","","","","B03","24.244649","120.697853","3"
"2019","8","9","17","25","臺中市","沙鹿區","0","0","0","6","","","50","","","","","","","","","","","","","","","","","","","","B12","","","1","","2","","","12","","1","6","","B12","24.235034","120.557901","3"
"2019","8","9","17","29","臺中市","西屯區","0","0","0","","1","5","40","","","","","","","","","","","","","","","12","","","","","B03","","","1","","2","7","","12","12","1","22","","B03","24.169257","120.643138","3"
"2019","8","9","17","30","臺中市","烏日區","0","1","0","6","1","5","40","4","1","1","4","4","5","7","4","4","10","5","5","2","16","6","3","10","1","1","B03","7","5","1","8","2","1","","6","6","1","21","8","B03","24.104906","120.624732","2"
"2019","8","9","17","30","臺中市","大甲區","0","1","0","6","1","5","40","14","9","1","4","4","5","7","4","4","5","5","5","1","18","43","2","9","1","1","C03","7","9","1","10","2","12","","43","43","1","9","7","C03","24.340413","120.629874","2"
"2019","8","9","17","31","臺中市","潭子區","0","0","3","6","1","5","50","14","9","1","4","4","5","7","4","4","9","3","5","1","13","","","","","","B03","","","1","","2","","","23","","1","22","","B03","24.221457","120.692542","3"
"2019","8","9","17","39","臺中市","西區","0","0","0","6","","","50","","","","","","","","","","","","","","","","","","","","B12","","","1","","2","","","23","","1","","","B12","24.149004","120.657379","3"
"2019","8","9","17","40","臺中市","太平區","0","0","0","8","","","50","","","","","","","","","","","","","","","","","","","","C03","","","1","","2","","","16","","1","4","","C03","24.128197","120.717022","3"
"2019","8","9","17","45","臺中市","北區","0","3","0","6","2","5","50","3","1","1","4","4","5","7","1","1","10","5","5","2","16","6","2","9","1","4","C03","7","5","1","10","2","12","","6","6","1","21","8","C03","24.167016","120.67663","2"
"2019","8","9","17","48","臺中市","潭子區","0","0","0","6","","","50","","","","","","","","","","","","","","","","","","","","C03","","","1","","2","","","4","","1","22","","C03","24.201253","120.722308","3"
"2019","8","9","17","50","臺中市","烏日區","0","1","0","6","1","5","50","4","2","1","4","4","5","7","2","1","1","3","5","1","18","43","2","9","1","1","C03","7","9","1","10","2","12","","43","43","1","22","8","C03","24.108668","120.60711","2"
"2019","8","9","17","50","臺中市","沙鹿區","0","0","0","6","","","70","","","","","","","","","","","","","","","","","","","","B03","","","1","","2","","","7","","1","2","","B03","24.248372","120.603855","3"