"年","月","日","時","分","縣市","區","死","受傷","2-30","天候","光線","道路類別","速限","道路型態","事故位置","路面鋪裝","路面狀態","路面缺陷","障礙物","視距","號誌種類","號誌動作","分向設施","快車道或一般車道間","快慢車道間","路面邊線","事故類型及型態","主要肇因","受傷程度","主要傷處","保護裝備","行動電話","當事者區分(類別)","車輛用途","當事者行動狀態","駕駛資格情形","駕駛執照種類","飲酒情形","車輛撞擊部位最初","車輛撞擊部位其他","肇事因素個別","肇事因素主要","肇事逃逸","職業","旅次目的","車種","GPS座標(緯度)","GPS座標(經度)","事故類別"
"2019","8","9","17","51","臺中市","北區","0","1","0","6","1","5","50","4","1","1","4","4","5","7","1","1","10","5","5","2","16","6","2","9","1","4","C03","7","9","1","10","2","14","","23","6","1","5","8","C03","24.167072","120.678316","2"
"2019","8","9","17","53","臺中市","西區","0","0","0","8","","","50","","","","","","","","","","","","","","","7","3","","","","B03","","","1","","2","","","7","7","","5","","B03","24.140395","120.66417","3"
"2019","8","9","17","54","臺中市","西區","0","0","0","6","","","50","","","","","","","","","","","","","","","","","","","","B03","","","1","","2","","","7","","1","21","","B03","24.147621","120.665433","3"
"2019","8","9","17","57","臺中市","龍井區","0","0","0","6","","","60","","","","","","","","","","","","","","","","","","","","B03","","","1","","2","","","23","","1","","","B03","24.217443","120.546806","3"
"2019","8","9","18","0","臺中市","北屯區","0","0","0","6","","","40","","","","","","","","","","","","","","","","","","","","B03","","","1","","2","","","23","","1","21","","B03","24.200713","120.667469","3"
"2019","8","9","18","1","臺中市","北屯區","0","0","0","6","","","50","","","","","","","","","","","","","","","23","","","","","B03","","","1","","2","","","23","23","1","","","B03","24.177017","120.672586","3"
"2019","8","9","18","3","臺中市","南屯區","0","0","0","6","","","50","","","","","","","","","","","","","","","","3","","","","B03","","","1","","2","","","7","","1","22","","B03","24.145405","120.632719","3"
"2019","8","9","18","4","臺中市","西屯區","0","1","0","6","1","5","50","14","7","1","4","4","5","7","4","4","5","4","4","2","13","23","3","10","1","1","B03","7","9","1","8","2","5","","23","23","1","21","8","B03","24.174556","120.648409","2"
"2019","8","9","18","4","臺中市","大雅區","0","1","0","6","2","5","40","4","2","1","4","4","5","7","1","1","5","5","4","2","13","16","2","9","1","1","C03","7","9","1","10","2","11","","16","16","1","22","8","C03","24.224087","120.640058","2"
"2019","8","9","18","4","臺中市","潭子區","0","0","0","6","","","50","","","","","","","","","","","","","","","","","","","","B03","","","1","","2","","","12","","1","22","","B03","24.202187","120.709167","3"
"2019","8","9","18","7","臺中市","清水區","0","0","0","6","","","50","","","","","","","","","","","","","","","","","","","","B03","","","1","","2","","","23","","1","21","","B03","24.26268","120.542223","3"
"2019","8","9","18","9","臺中市","南屯區","0","0","0","6","","","50","","","","","","","","","","","","","","","","","","","","B03","","","1","","2","","","10","","1","5","","B03","24.147955","120.63792","3"
"2019","8","9","18","15","臺中市","東區","0","1","0","6","3","5","50","4","1","1","4","4","5","7","1","1","10","5","5","2","12","6","3","10","1","1","B03","7","6","1","8","2","2","","6","6","1","22","8","B03","24.14028","120.701543","2"
"2019","8","9","18","25","臺中市","梧棲區","0","1","0","7","3","5","50","11","9","1","4","4","5","7","4","4","5","5","5","2","11","4","3","10","1","1","B03","7","9","1","8","2","8","","4","4","1","2","1","B03","24.257156","120.538586","2"
"2019","8","9","18","27","臺中市","西屯區","0","0","0","6","","","50","","","","","","","","","","","","","","","","","","","","B03","","","1","","2","","","19","","1","","","B03","24.169883","120.64181","3"
"2019","8","9","18","34","臺中市","北區","0","0","0","6","3","5","50","4","8","1","4","4","5","7","2","1","8","3","4","2","13","","","","","","C03","","","1","","2","","","23","","1","22","","C03","24.16309","120.678273","3"
"2019","8","9","18","35","臺中市","北屯區","0","1","0","6","2","5","50","14","7","1","4","4","5","7","4","4","5","5","4","2","17","23","2","9","3","4","C03","7","15","1","10","2","11","","23","23","1","21","8","C03","24.160993","120.704406","2"
"2019","8","9","18","36","臺中市","北屯區","0","1","0","6","3","5","50","14","7","1","4","4","5","7","4","4","5","5","4","2","3","26","2","9","4","5","H01","8","16","8","20","1","16","","53","26","1","21","8","H01","24.170886","120.684863","2"
"2019","8","9","18","36","臺中市","太平區","0","0","0","6","","","80","","","","","","","","","","","","","","","43","","","","","B03","","","1","","2","","","43","43","1","5","","B03","24.153536","120.716533","3"
"2019","8","9","18","40","臺中市","南區","0","1","0","6","3","5","50","4","1","1","4","4","5","7","1","1","10","5","5","2","12","23","3","10","1","1","C03","7","15","6","10","2","12","","23","23","1","22","8","C03","24.117685","120.653206","2"
"2019","8","9","18","44","臺中市","潭子區","0","0","0","6","","","50","","","","","","","","","","","","","","","","","","","","B03","","","1","","2","","","7","","1","22","","B03","24.220708","120.689367","3"
"2019","8","9","18","45","臺中市","梧棲區","0","1","0","6","3","5","40","3","1","1","4","4","5","7","3","1","10","5","5","2","12","23","3","10","1","1","B03","7","9","1","8","2","5","","23","23","1","2","8","B03","24.245195","120.520725","2"
"2019","8","9","18","50","臺中市","南屯區","0","0","0","6","","","50","","","","","","","","","","","","","","","43","","","","","C03","","","1","","2","","","17","43","1","22","","C03","24.125985","120.646166","3"
"2019","8","9","18","50","臺中市","西屯區","0","1","0","6","4","5","50","14","7","1","4","4","5","7","4","4","5","4","4","2","17","43","2","9","1","1","C03","7","9","1","10","2","12","","43","43","1","22","8","C03","24.17195","120.621095","2"
"2019","8","9","18","52","臺中市","北區","0","0","0","6","","","50","","","","","","","","","","","","","","","","","","","","B03","","","1","","2","","","23","","1","","","B03","24.157396","120.699778","3"
"2019","8","9","18","53","臺中市","梧棲區","0","1","0","6","3","5","40","14","8","1","4","4","5","7","1","1","10","5","3","1","12","43","2","1","1","1","C03","7","9","6","18","11","15","","43","43","1","2","9","C03","24.259445","120.526912","2"
"2019","8","9","18","54","臺中市","北區","0","0","0","6","","","50","","","","","","","","","","","","","","","16","3","","","","B03","","","1","8","2","1","","16","16","","21","","B03","24.17007","120.672139","3"
"2019","8","9","18","59","臺中市","西區","0","0","0","6","","","50","","","","","","","","","","","","","","","23","3","","","","B03","","","1","","2","","","23","23","","5","","B03","24.150872","120.663093","3"
"2019","8","9","19","0","臺中市","烏日區","0","0","0","8","","","30","","","","","","","","","","","","","","","","","","","","B01","","","1","","2","","","6","","1","10","","B01","24.113977","120.615608","3"
"2019","8","9","19","8","臺中市","沙鹿區","0","1","0","6","3","5","50","14","7","1","4","4","5","6","4","4","9","5","4","2","17","23","2","9","1","1","C03","7","12","1","10","2","11","","23","23","1","18","8","C03","24.223082","120.577537","2"
"2019","8","9","19","8","臺中市","大甲區","0","0","0","","","","","","","","","","","","","","","","","","","16","","","","","B12","","","1","","2","","","16","16","1","22","","B12","24.34043","120.627677","3"
"2019","8","9","19","13","臺中市","西區","0","1","0","8","3","5","50","4","1","1","5","4","5","7","1","1","10","5","5","2","18","23","2","9","1","1","C03","7","9","1","10","2","14","","23","23","1","21","8","C03","24.155921","120.658977","2"
"2019","8","9","19","14","臺中市","北區","0","1","0","6","3","5","50","14","7","1","4","4","5","7","4","4","5","5","4","2","18","23","2","9","1","4","C03","7","9","1","10","2","12","","23","23","1","5","8","C03","24.168589","120.677592","2"
"2019","8","9","19","15","臺中市","南屯區","0","0","0","8","","","50","","","","","","","","","","","","","","","17","3","","","","B03","","","1","","2","","","17","17","1","22","","B03","24.135884","120.636767","3"
"2019","8","9","19","15","臺中市","大里區","0","0","0","6","","","50","","","","","","","","","","","","","","","","","","","","B03","","","1","","2","","","7","","1","21","","B03","24.091252","120.692183","3"
"2019","8","9","19","15","臺中市","沙鹿區","0","0","0","6","","","60","","","","","","","","","","","","","","","","","","","","B03","","","1","","2","","","23","","1","","","B03","24.237587","120.56945","3"
"2019","8","9","19","16","臺中市","北屯區","0","1","0","6","3","5","50","14","7","1","4","4","5","7","4","4","5","5","4","2","14","12","2","9","3","4","B12","7","2","1","8","2","6","","12","12","1","21","8","B12","24.178808","120.739525","2"
"2019","8","9","19","21","臺中市","后里區","0","0","0","","","","","","","","","","","","","","","","","","","12","","","","","B03","","","1","","2","","","12","12","1","22","","B03","24.332854","120.724707","3"
"2019","8","9","19","34","臺中市","大雅區","0","0","0","6","","","40","","","","","","","","","","","","","","","","","","","","B03","","","1","","2","","","18","","1","","","B03","24.223705","120.651672","3"
"2019","8","9","19","36","臺中市","后里區","0","1","0","6","3","5","50","3","9","1","4","4","5","7","4","4","9","5","4","2","12","23","2","9","3","4","C03","7","9","1","10","2","11","","23","23","1","22","8","C03","24.286122","120.715489","2"
"2019","8","9","19","45","臺中市","潭子區","0","0","0","6","","","80","","","","","","","","","","","","","","","","","","","","B03","","","1","","2","","","16","","1","22","","B03","24.200661","120.709571","3"
"2019","8","9","19","45","臺中市","潭子區","0","0","0","6","","","80","","","","","","","","","","","","","","","","","","","","B12","","","1","","2","","","16","","1","22","","B12","24.200655","120.709879","3"
"2019","8","9","19","47","臺中市","沙鹿區","0","0","0","6","","","50","","","","","","","","","","","","","","","","","","","","B03","","","","","","","","","","1","10","","B03","24.238968","120.560056","3"
"2019","8","9","19","49","臺中市","潭子區","0","0","0","6","3","4","50","14","13","1","4","4","5","6","4","4","1","3","4","1","14","","","","","","B03","","","1","","2","","","12","","1","5","","B03","24.216022","120.701939","3"
"2019","8","9","19","49","臺中市","大雅區","0","1","0","6","3","5","40","4","2","1","4","4","5","7","1","1","1","4","4","1","3","23","3","10","1","1","B03","7","5","1","10","2","8","","23","23","1","22","8","B03","24.221614","120.649841","2"
"2019","8","9","19","50","臺中市","北屯區","0","0","0","6","","","50","","","","","","","","","","","","","","","","","","","","B03","","","1","","2","","","23","","1","","","B03","24.170343","120.698584","3"
"2019","8","9","19","51","臺中市","沙鹿區","0","1","0","6","3","5","50","4","2","1","4","4","5","7","2","1","5","2","5","1","17","23","2","9","1","1","C03","7","9","1","10","2","11","","23","23","1","5","8","C03","24.242602","120.561541","2"
"2019","8","9","19","58","臺中市","中區","0","0","0","6","3","5","50","4","1","1","4","4","5","7","1","1","10","5","5","2","12","","","","","","B03","","","1","","2","","","26","","1","22","","B03","24.141687","120.678741","3"
"2019","8","9","19","59","臺中市","大里區","0","0","0","7","3","5","60","14","7","1","5","4","5","7","4","4","1","4","4","1","13","23","3","10","1","1","B03","7","9","1","8","2","1","","23","23","1","5","8","B03","24.102868","120.686335","3"
"2019","8","9","20","1","臺中市","北屯區","0","1","0","6","3","5","40","4","1","1","4","4","5","7","4","4","10","5","5","2","15","6","2","9","3","4","C03","7","9","3","18","2","12","","6","6","1","21","8","C03","24.1677","120.701848","2"
"2019","8","9","20","1","臺中市","西屯區","0","0","0","6","","","40","","","","","","","","","","","","","","","","","","","","B03","","","1","","2","","","23","","1","21","","B03","24.200608","120.657232","3"
"2019","8","9","20","16","臺中市","太平區","0","1","0","6","3","5","50","4","1","1","4","4","5","7","4","4","10","5","5","2","18","42","2","9","1","1","C03","7","9","1","10","2","12","","42","42","1","5","8","C03","24.117271","120.717714","2"
"2019","8","9","20","16","臺中市","梧棲區","0","0","0","6","","","60","","","","","","","","","","","","","","","","","","","","B03","","","1","","2","","","23","","1","2","","B03","24.257623","120.539598","3"
"2019","8","9","20","20","臺中市","北屯區","0","1","0","6","3","5","50","3","1","1","4","4","5","7","1","1","10","5","5","2","17","6","3","10","1","1","B03","7","6","1","8","2","15","","6","6","1","21","8","B03","24.181683","120.666187","2"
"2019","8","9","20","25","臺中市","大雅區","0","2","0","6","3","5","50","4","2","1","4","4","5","7","1","1","1","4","4","1","13","16","2","9","1","1","C03","7","9","1","10","2","11","","16","16","1","22","8","C03","24.216236","120.649213","2"
"2019","8","9","20","30","臺中市","沙鹿區","0","0","0","6","","","50","","","","","","","","","","","","","","","","","","","","B03","","","1","","2","","","23","","1","9","","B03","24.253","120.567534","3"
"2019","8","9","20","35","臺中市","西區","0","1","0","6","3","5","50","14","10","1","4","4","5","7","4","4","1","4","1","2","9","36","3","10","1","1","A02","7","9","1","2","11","15","","36","36","1","21","8","A02","24.154993","120.663591","2"
"2019","8","9","20","39","臺中市","西區","0","0","0","6","","","50","","","","","","","","","","","","","","","23","3","","","","B02","","","1","","2","","","23","23","","5","","B02","24.151035","120.653692","3"
"2019","8","9","20","42","臺中市","東區","0","0","0","6","3","5","50","14","7","1","4","4","5","7","1","1","5","4","5","2","12","26","3","10","1","1","B03","7","9","1","8","2","2","","26","26","1","22","8","B03","24.144548","120.694698","3"
"2019","8","9","20","48","臺中市","北區","0","0","0","8","","","50","","","","","","","","","","","","","","","","","","","","B03","","","1","","2","","","26","","1","5","","B03","24.165014","120.68511","3"
"2019","8","9","20","49","臺中市","南屯區","0","0","0","6","","","50","","","","","","","","","","","","","","","","","","","","B03","","","1","","2","","","16","","1","22","","B03","24.145278","120.6323","3"
"2019","8","9","21","2","臺中市","外埔區","0","0","0","6","","","50","","","","","","","","","","","","","","","","","","","","B03","","","1","","2","","","42","","1","22","","B03","24.342976","120.674143","4"
"2019","8","9","21","3","臺中市","梧棲區","0","0","0","6","","","60","","","","","","","","","","","","","","","","","","","","B03","","","1","","2","","","16","","","","","B03","24.223381","120.524755","3"
"2019","8","9","21","4","臺中市","豐原區","0","0","0","6","","","50","","","","","","","","","","","","","","","43","","","","","","","","7","","11","","","43","43","1","","","","24.245226","120.726946","3"
"2019","8","9","21","5","臺中市","西屯區","0","1","0","6","3","5","50","14","7","1","4","4","5","7","4","4","5","4","4","2","29","43","2","7","3","4","C03","7","9","1","10","2","11","","43","43","1","22","8","C03","24.170844","120.64053","2"
"2019","8","9","21","12","臺中市","西屯區","0","1","0","6","4","5","40","4","1","1","4","4","5","7","1","1","5","5","5","2","2","15","3","10","1","1","B03","7","5","1","8","2","8","","15","15","1","22","8","B03","24.158019","120.64954","2"
"2019","8","9","21","18","臺中市","西屯區","0","0","0","8","","","50","","","","","","","","","","","","","","","","","","","","B03","","","1","","2","","","19","","1","","","B03","24.17257","120.636288","3"
"2019","8","9","21","21","臺中市","北屯區","0","1","0","6","3","5","50","4","1","1","4","4","5","7","4","4","10","5","5","2","16","23","3","10","1","1","B03","7","5","1","8","2","8","","23","23","1","21","8","B03","24.181232","120.687755","2"
"2019","8","9","21","29","臺中市","梧棲區","0","0","0","6","3","5","40","14","9","1","4","4","5","7","1","1","10","5","5","1","20","23","3","10","3","4","B03","7","9","1","","2","","","23","23","","","","B03","24.256122","120.545683","3"
"2019","8","9","21","50","臺中市","潭子區","0","2","0","6","3","5","50","14","9","1","4","4","5","7","4","4","9","4","5","1","12","6","2","9","1","1","C03","7","8","1","10","2","13","","6","6","1","22","1","C03","24.215698","120.704471","2"
"2019","8","9","22","0","臺中市","西屯區","0","0","0","6","","","80","","","","","","","","","","","","","","","","","","","","B03","","","1","","2","","","16","","1","","","B03","24.200866","120.660049","3"
"2019","8","9","22","2","臺中市","北屯區","0","1","0","6","3","5","50","4","1","1","4","4","5","7","1","1","10","5","5","2","17","6","3","10","3","4","B03","7","6","1","8","2","5","","6","6","1","21","8","B03","24.176363","120.681481","2"
"2019","8","9","22","3","臺中市","西區","0","1","0","6","3","5","50","4","2","1","4","4","5","6","1","1","4","4","4","1","9","6","3","10","1","1","B12","7","5","1","8","2","15","","6","6","1","21","8","B12","24.146711","120.661567","2"
"2019","8","9","22","10","臺中市","北屯區","0","0","0","6","","","50","","","","","","","","","","","","","","","","","","","","B03","","","1","","2","","","16","","1","22","","B03","24.164919","120.696638","3"
"2019","8","9","22","15","臺中市","太平區","0","1","0","6","3","5","50","4","1","1","4","4","5","7","1","1","5","5","5","2","16","6","3","10","1","1","B03","7","5","1","8","2","1","","6","6","1","21","8","B03","24.153712","120.70183","2"
"2019","8","9","22","15","臺中市","烏日區","0","1","0","6","3","5","50","4","1","1","4","4","5","7","3","1","10","5","5","2","16","9","3","10","1","1","B03","7","6","1","8","2","5","","9","9","1","21","8","B03","24.117851","120.608053","2"
"2019","8","9","22","22","臺中市","潭子區","0","2","0","6","3","5","50","14","7","1","4","4","5","7","4","4","4","4","5","1","2","23","2","9","1","1","C03","7","9","1","10","2","12","","23","23","1","22","8","C03","24.19765","120.72174","2"
"2019","8","9","22","28","臺中市","太平區","0","0","0","8","","","50","","","","","","","","","","","","","","","","","","","","C03","","","1","","2","","","23","","1","4","","C03","24.111219","120.703657","3"
"2019","8","9","22","45","臺中市","西屯區","0","0","0","6","","","50","","","","","","","","","","","","","","13","23","","","","","B02","","","1","","2","1","","23","23","1","22","","B02","24.188613","120.61653","3"
"2019","8","9","23","6","臺中市","西區","0","1","0","7","3","5","40","14","8","1","4","4","5","7","1","1","1","2","1","2","18","42","2","9","3","4","C03","7","7","1","10","2","14","","42","42","1","21","8","C03","24.153075","120.666655","2"
"2019","8","9","23","19","臺中市","太平區","0","1","0","6","3","5","50","14","9","1","4","4","5","7","4","4","5","5","5","2","13","23","2","9","1","1","C03","7","9","1","10","2","11","","23","23","1","21","8","C03","24.139956","120.711446","2"
"2019","8","9","23","40","臺中市","西屯區","0","1","0","6","3","5","50","14","9","1","4","4","5","7","4","4","5","5","5","2","14","12","2","3","1","1","B03","7","2","1","8","2","7","","12","12","1","21","8","B03","24.172835","120.635938","2"
"2019","8","10","0","20","臺中市","北屯區","0","1","0","6","3","5","50","14","7","1","4","4","5","7","4","4","5","5","4","2","16","6","3","10","1","1","B03","7","5","1","8","2","2","","6","6","1","21","8","B03","24.179499","120.719728","2"
"2019","8","10","0","47","臺中市","北區","0","1","0","6","3","5","50","4","1","1","4","4","5","7","2","1","5","5","5","2","17","26","3","10","3","4","B02","7","6","1","8","11","15","","26","26","1","22","9","B02","24.166751","120.68479","2"
"2019","8","10","3","34","臺中市","大雅區","0","1","0","8","3","5","60","14","9","1","5","4","5","7","4","4","1","5","5","2","13","23","2","9","1","1","B03","7","9","1","8","2","1","","23","23","1","21","8","B03","24.211699","120.650107","2"
"2019","8","10","4","23","臺中市","西屯區","0","0","0","6","3","5","50","14","9","1","4","4","5","7","4","4","9","4","5","2","14","12","3","10","3","4","B03","7","2","1","8","9","3","","12","12","2","22","9","B03","24.17588","120.635285","3"
"2019","8","10","4","28","臺中市","北屯區","0","0","0","6","","","80","","","","","","","","","","","","","","","","","","","","A11","","","1","","2","","","7","","1","10","","A11","24.172486","120.720841","3"
"2019","8","10","4","40","臺中市","沙鹿區","0","0","0","8","","","50","","","","","","","","","","","","","","","","","","","","","","","8","","10","","","60","","","","","","24.258762","120.602055","3"
"2019","8","10","5","9","臺中市","西屯區","0","1","0","8","3","5","50","4","1","1","5","4","5","7","3","1","10","5","5","2","16","6","3","10","1","1","B01","7","9","1","8","2","1","","6","6","1","21","8","B01","24.172151","120.647815","2"
"2019","8","10","5","30","臺中市","北屯區","0","2","0","8","1","5","50","4","1","1","5","4","5","7","3","1","10","5","5","2","16","6","2","9","1","1","B03","7","9","3","18","2","1","","6","6","1","21","8","B03","24.170867","120.723534","2"
"2019","8","10","7","5","臺中市","梧棲區","0","0","0","8","","","50","","","","","","","","","","","","","","","","","","","","B03","","","1","","2","","","17","","1","","","B03","24.246353","120.547916","3"
"2019","8","10","7","20","臺中市","南屯區","0","1","0","7","1","5","50","5","1","1","5","4","5","7","2","1","1","2","1","2","17","25","3","10","1","1","B03","7","5","1","8","2","15","","25","25","1","21","8","B03","24.150367","120.612189","2"
"2019","8","10","7","29","臺中市","中區","0","0","0","8","","","50","","","","","","","","","","","","","","","","","","","","B01","","","1","","2","","","16","","1","10","","B01","24.144577","120.681796","3"
"2019","8","10","7","41","臺中市","潭子區","0","0","0","8","","","50","","","","","","","","","","","","","","","","","","","","B03","","","1","","9","","","43","","2","22","","B03","24.204641","120.67873","3"
"2019","8","10","8","9","臺中市","南屯區","0","2","0","7","1","5","50","14","7","1","5","4","5","7","4","4","5","5","4","2","3","53","2","9","4","5","H01","8","16","8","20","10","16","","53","53","1","22","8","H01","24.136795","120.611631","2"
"2019","8","10","8","10","臺中市","大里區","0","0","0","8","","","50","","","","","","","","","","","","","","","","","","","","B03","","","1","","2","","","23","","1","18","","B03","24.106766","120.683081","3"
"2019","8","10","8","18","臺中市","太平區","0","1","0","8","1","5","40","4","9","1","5","4","5","7","4","4","10","5","5","2","15","6","3","10","1","1","C03","7","9","1","10","2","12","","6","6","1","21","8","C03","24.142795","120.72566","2"
"2019","8","10","8","21","臺中市","烏日區","0","0","0","8","","","50","","","","","","","","","","","","","","","","","","","","B03","","","1","","2","","","23","","1","21","","B03","24.109848","120.628057","3"
"2019","8","10","8","34","臺中市","北屯區","0","1","0","8","1","5","50","4","1","1","5","4","5","7","1","1","10","5","5","2","18","43","2","9","1","1","C03","7","5","1","10","2","14","","43","43","1","21","8","C03","24.185405","120.663464","2"
"2019","8","10","8","45","臺中市","沙鹿區","0","1","0","8","1","5","40","14","8","1","5","4","5","7","4","4","1","4","1","1","17","43","2","9","1","1","C03","7","9","1","10","2","13","","43","43","1","18","5","C03","24.231719","120.572798","2"
"2019","8","10","8","45","臺中市","潭子區","0","1","0","7","1","5","50","5","2","1","5","4","5","7","1","1","10","5","5","2","16","23","3","10","1","1","B03","7","9","1","8","2","5","","23","23","1","22","8","B03","24.206756","120.711388","2"
"2019","8","10","8","46","臺中市","北區","0","1","0","8","1","5","40","14","8","1","5","4","5","7","4","4","5","4","4","2","17","40","3","10","1","1","B03","7","13","1","8","2","4","","40","40","1","21","8","B03","24.155979","120.694474","2"
"2019","8","10","8","48","臺中市","北屯區","0","0","0","8","","","40","","","","","","","","","","","","","","","","","","","","B03","","","1","","2","","","17","","1","4","","B03","24.1766","120.6698","3"
"2019","8","10","9","20","臺中市","北區","0","2","0","8","1","5","50","14","7","1","5","4","5","7","3","1","3","4","4","2","13","16","2","7","1","1","C03","7","9","1","10","2","11","","16","16","1","22","8","C03","24.167966","120.672846","2"
"2019","8","10","9","21","臺中市","西屯區","0","2","0","8","1","5","50","5","1","1","5","4","5","7","1","1","9","4","5","2","12","8","2","9","1","1","F01","7","5","8","20","2","16","","8","8","1","22","9","F01","24.160845","120.65659","2"
"2019","8","10","9","27","臺中市","大雅區","0","1","0","8","1","5","50","3","1","1","5","4","5","7","2","1","3","4","4","1","12","23","2","9","1","1","B03","7","14","1","8","2","8","","23","23","1","22","9","B03","24.209764","120.651285","2"
"2019","8","10","9","30","臺中市","沙鹿區","0","1","0","8","1","5","50","14","9","1","5","4","5","7","4","4","5","5","5","2","8","43","3","10","1","1","C03","7","9","1","10","2","11","","43","43","1","9","8","C03","24.236241","120.558264","2"
"2019","8","10","9","32","臺中市","西屯區","0","0","0","8","","","40","","","","","","","","","","","","","","","","","","","","B12","","","1","","2","","","23","","1","","","B12","24.16533","120.662054","3"
"2019","8","10","9","32","臺中市","神岡區","0","1","0","8","1","5","40","14","9","1","5","4","5","7","4","4","10","5","5","1","17","42","2","8","1","1","C03","7","9","1","10","2","14","","42","42","1","22","9","C03","24.271118","120.681726","2"
"2019","8","10","9","47","臺中市","西屯區","0","3","0","8","1","5","40","14","9","1","5","4","5","7","4","4","7","4","5","2","16","19","2","9","1","1","C03","7","1","1","10","2","14","","19","19","1","22","9","C03","24.17983","120.639671","2"
"2019","8","10","9","47","臺中市","石岡區","0","0","0","8","","","50","","","","","","","","","","","","","","","","","","","","B03","","","1","","1","","","40","","1","21","","B03","24.275914","120.777098","3"
"2019","8","10","9","48","臺中市","烏日區","0","1","0","8","1","5","50","3","1","1","5","4","5","7","4","4","3","5","5","2","17","6","3","10","1","1","B03","7","5","1","8","2","7","","6","6","1","22","8","B03","24.106508","120.604973","2"
"2019","8","10","9","49","臺中市","南屯區","0","0","0","6","","","40","","","","","","","","","","","","","","","","","","","","B12","","","1","","2","","","23","","1","21","","B12","24.113364","120.624462","3"
"2019","8","10","9","49","臺中市","西屯區","0","0","0","8","","","50","","","","","","","","","","","","","","","","","","","","B03","","","1","","2","","","17","","1","","","B03","24.206601","120.652693","3"
"2019","8","10","9","49","臺中市","西屯區","0","0","0","8","","","40","","","","","","","","","","","","","","","23","","","","","B03","","","1","","2","","","23","23","1","4","","B03","24.170978","120.64347","3"
"2019","8","10","10","7","臺中市","北區","0","1","0","8","1","5","50","14","7","1","5","4","5","7","4","4","5","4","4","2","14","12","3","10","1","1","B03","7","2","1","8","2","6","","12","12","1","22","8","B03","24.159523","120.700049","2"
"2019","8","10","10","13","臺中市","后里區","0","0","0","8","1","5","50","3","2","1","5","4","5","7","4","4","5","5","5","1","14","42","3","10","1","1","B03","7","2","1","8","2","5","","42","42","1","21","8","B03","24.322001","120.700378","3"
"2019","8","10","10","19","臺中市","北區","0","0","0","8","","","40","","","","","","","","","","","","","","","","","","","","B12","","","1","","2","","","12","","1","10","","B12","24.153035","120.677417","3"
"2019","8","10","10","25","臺中市","大肚區","0","1","0","7","1","5","50","14","9","1","5","4","5","7","4","4","10","5","5","2","27","66","2","9","1","1","C03","7","9","1","10","2","11","","44","66","1","21","8","C03","24.152181","120.573557","2"
"2019","8","10","10","26","臺中市","西屯區","0","1","0","8","1","5","40","3","1","1","5","4","5","7","4","4","10","5","5","2","17","26","3","10","1","1","B03","7","5","3","18","2","5","","26","26","1","22","5","B03","24.172818","120.62835","2"
"2019","8","10","10","34","臺中市","大里區","0","0","0","8","","","50","","","","","","","","","","","","","","","","","","","","F01","","","8","","9","","","43","","1","22","","F01","24.103476","120.690855","3"
"2019","8","10","10","35","臺中市","西屯區","0","1","0","8","1","5","50","4","1","1","5","4","5","7","4","4","10","5","5","2","16","6","3","10","1","1","B03","7","9","1","8","2","5","","6","6","1","22","8","B03","24.176286","120.587693","2"
"2019","8","10","10","39","臺中市","龍井區","0","0","0","","","","","","","","","","","","","","","","","","","","","","","","B03","","","1","","1","","","12","","1","","","B03","24.180047","120.582588","3"
"2019","8","10","10","40","臺中市","龍井區","0","1","0","8","1","5","40","11","9","1","5","4","5","7","4","4","5","5","5","1","18","43","2","9","3","4","C03","7","9","1","10","2","14","","43","43","1","9","5","C03","24.188611","120.553813","2"
"2019","8","10","10","49","臺中市","沙鹿區","0","1","0","8","1","5","50","4","9","1","5","4","5","7","4","4","4","5","5","1","14","12","3","10","1","1","B03","7","2","1","8","2","3","","12","12","1","2","9","B03","24.241591","120.569961","2"
"2019","8","10","10","50","臺中市","西屯區","0","0","0","8","","","50","","","","","","","","","","","","","","","","","","","","C04","","","1","","2","","","23","","1","22","","C04","24.169158","120.644658","3"
"2019","8","10","10","56","臺中市","烏日區","0","1","0","8","1","5","60","14","8","1","5","4","5","7","4","4","1","4","4","1","12","17","3","10","1","1","C03","7","4","1","10","2","14","","17","17","1","21","8","C03","24.106258","120.634073","2"
"2019","8","10","11","15","臺中市","潭子區","0","0","0","8","","","50","","","","","","","","","","","","","","","","","","","","B03","","","1","","2","","","19","","1","22","","B03","24.190319","120.701781","3"
"2019","8","10","11","20","臺中市","烏日區","0","0","0","8","","","50","","","","","","","","","","","","","","","","","","","","B12","","","1","","2","","","18","","1","22","","B12","24.107224","120.641735","3"
"2019","8","10","11","20","臺中市","大雅區","0","1","0","8","1","5","50","5","2","1","5","4","5","7","1","1","1","4","5","1","17","19","3","10","1","1","C03","7","1","1","10","2","11","","19","19","1","22","9","C03","24.21609","120.64872","2"
"2019","8","10","11","29","臺中市","北區","0","3","0","8","1","5","50","14","9","1","5","4","5","7","4","4","5","4","5","2","16","11","2","9","1","1","C03","7","11","1","10","2","11","","11","11","1","21","8","C03","24.148695","120.682292","2"
"2019","8","10","11","30","臺中市","西屯區","0","0","0","8","","","50","","","","","","","","","","","","","","","","","","","","A04","","","1","","2","","","17","","1","","","A04","24.178233","120.667795","3"
"2019","8","10","11","30","臺中市","大里區","0","0","0","8","","","50","","","","","","","","","","","","","","","","","","","","B12","","","1","","2","","","23","","1","3","","B12","24.112053","120.69209","3"