"年","月","日","時","分","縣市","區","死","受傷","2-30","天候","光線","道路類別","速限","道路型態","事故位置","路面鋪裝","路面狀態","路面缺陷","障礙物","視距","號誌種類","號誌動作","分向設施","快車道或一般車道間","快慢車道間","路面邊線","事故類型及型態","主要肇因","受傷程度","主要傷處","保護裝備","行動電話","當事者區分(類別)","車輛用途","當事者行動狀態","駕駛資格情形","駕駛執照種類","飲酒情形","車輛撞擊部位最初","車輛撞擊部位其他","肇事因素個別","肇事因素主要","肇事逃逸","職業","旅次目的","車種","GPS座標(緯度)","GPS座標(經度)","事故類別"
"2019","8","10","11","30","臺中市","神岡區","0","2","0","8","1","5","50","14","9","1","5","4","5","7","4","4","5","5","5","1","2","23","2","9","1","1","C03","7","9","3","18","8","11","","23","23","1","21","8","C03","24.26418","120.65748","2"
"2019","8","10","11","31","臺中市","西屯區","0","0","0","8","","","50","","","","","","","","","","","","","","","","","","","","B03","","","1","","2","","","6","","1","4","","B03","24.194091","120.606895","3"
"2019","8","10","11","31","臺中市","潭子區","0","1","0","8","1","5","50","4","2","1","5","4","5","7","2","1","5","4","5","1","16","23","2","9","1","1","C01","7","9","1","9","2","12","","23","23","1","22","8","C01","24.21394","120.700973","2"
"2019","8","10","11","37","臺中市","大甲區","0","0","0","","","","","","","","","","","","","","","","","","","42","","","","","C03","","","1","","2","","","42","42","1","22","","C03","24.35315","120.618533","3"
"2019","8","10","11","40","臺中市","大甲區","0","1","0","8","1","5","40","4","1","1","5","4","5","7","4","4","10","5","5","2","16","6","3","10","1","1","B03","7","5","1","8","2","8","","6","6","1","12","8","B03","24.358574","120.613416","2"
"2019","8","10","11","48","臺中市","南屯區","0","0","0","8","","","40","","","","","","","","","","","","","","","","","","","","A11","","","1","","2","","","17","","1","10","","A11","24.135943","120.623492","3"
"2019","8","10","11","48","臺中市","北屯區","0","1","0","7","1","5","50","4","1","1","5","4","5","7","1","1","10","5","5","2","16","26","2","8","1","1","C03","7","5","1","10","2","14","","26","26","1","21","8","C03","24.164481","120.700224","2"
"2019","8","10","11","50","臺中市","北屯區","0","0","0","8","","","40","","","","","","","","","","","","","","","","","","","","B12","","","1","","2","","","12","","1","7","","B12","24.177461","120.741436","3"
"2019","8","10","11","53","臺中市","西屯區","0","0","0","8","","","40","","","","","","","","","","","","","","","9","","","","","B03","","","1","","2","","","9","9","1","","","B03","24.178645","120.637356","3"
"2019","8","10","12","0","臺中市","北屯區","0","0","0","8","","","50","","","","","","","","","","","","","","","","","","","","B03","","","1","","2","","","12","","1","21","","B03","24.172115","120.711391","3"
"2019","8","10","12","3","臺中市","西屯區","0","0","0","8","","","50","","","","","","","","","","","","","","","","","","","","A11","","","1","","2","","","23","","1","22","","A11","24.17173","120.635513","3"
"2019","8","10","12","6","臺中市","東區","0","0","0","8","","","50","","","","","","","","","","","","","","","16","","","","","B02","","","1","","2","","","16","16","1","5","","B02","24.136045","120.707807","3"
"2019","8","10","12","7","臺中市","太平區","0","0","0","8","","","50","","","","","","","","","","","","","","","","","","","","C03","","","1","","2","","","4","","1","5","","C03","24.133979","120.720882","3"
"2019","8","10","12","10","臺中市","北區","0","3","0","8","1","5","50","4","1","1","5","4","5","7","4","4","10","5","5","2","15","6","2","9","1","1","C03","7","9","1","10","2","12","","6","6","1","22","8","C03","24.161681","120.677336","2"
"2019","8","10","12","25","臺中市","大甲區","0","2","0","8","1","5","50","4","1","1","5","4","5","7","1","1","10","5","5","2","16","6","2","7","1","1","C03","7","5","4","8","2","11","","6","6","1","9","8","C03","24.349481","120.626409","2"
"2019","8","10","12","26","臺中市","西屯區","0","1","0","8","1","5","40","3","2","1","5","4","5","7","4","4","10","5","5","2","16","9","2","9","1","1","C03","7","6","1","10","2","11","","9","9","1","22","9","C03","24.178206","120.667693","2"
"2019","8","10","12","29","臺中市","西區","0","0","0","8","","","50","","","","","","","","","","","","","","","","","","","","B03","","","1","","2","","","7","","1","","","B03","24.150862","120.664298","3"
"2019","8","10","12","34","臺中市","沙鹿區","0","0","0","8","","","50","","","","","","","","","","","","","","","","","","","","C03","","","1","","2","","","23","","1","21","","C03","24.240989","120.56493","3"
"2019","8","10","12","41","臺中市","中區","0","2","0","7","1","5","50","4","1","1","5","4","5","7","1","1","10","5","5","2","16","6","2","9","1","1","C03","7","6","1","10","2","12","","6","6","1","21","8","C03","24.137597","120.684914","2"
"2019","8","10","12","41","臺中市","清水區","0","0","0","8","","","50","","","","","","","","","","","","","","","","","","","","B03","","","1","","2","","","23","","1","21","","B03","24.263685","120.573158","3"
"2019","8","10","12","51","臺中市","西屯區","0","1","0","8","1","5","40","14","7","1","5","4","5","7","4","4","9","4","4","2","14","12","3","10","1","1","B03","7","2","1","8","3","4","","12","12","1","22","8","B03","24.197635","120.642383","2"
"2019","8","10","12","55","臺中市","西區","0","1","0","8","1","5","50","14","9","1","5","4","5","7","4","4","5","4","5","2","16","42","3","10","1","1","B03","7","6","1","8","2","2","","42","42","1","21","8","B03","24.139685","120.677791","2"
"2019","8","10","13","10","臺中市","豐原區","0","0","0","8","","","50","","","","","","","","","","","","","","","","","","","","B03","","","1","","2","","","23","","1","21","","B03","24.254915","120.728006","3"
"2019","8","10","13","11","臺中市","龍井區","0","0","0","","","","","","","","","","","","","","","","","","","","","","","","B03","","","1","","2","","","23","","1","","","B03","24.188489","120.580718","3"
"2019","8","10","13","17","臺中市","太平區","0","1","0","8","1","5","40","14","9","1","5","4","5","7","4","4","10","5","5","2","2","12","3","10","1","1","B03","7","2","1","8","2","3","","12","12","1","5","5","B03","24.154532","120.706495","2"
"2019","8","10","13","22","臺中市","大里區","0","0","0","8","","","50","","","","","","","","","","","","","","","","","","","","B03","","","1","","2","","","12","","1","3","","B03","24.109542","120.694039","3"
"2019","8","10","13","32","臺中市","西區","0","0","0","8","","","50","","","","","","","","","","","","","","","7","","","","","B03","","","1","","2","","","23","7","1","21","","B03","24.140052","120.663155","3"
"2019","8","10","13","35","臺中市","大里區","0","0","0","8","","","40","","","","","","","","","","","","","","","","","","","","A11","","","1","","2","","","23","","1","10","","A11","24.112153","120.694426","3"
"2019","8","10","13","36","臺中市","太平區","0","0","0","8","","","40","","","","","","","","","","","","","","","","","","","","B03","","","1","","2","","","7","","1","21","","B03","24.148082","120.701834","3"
"2019","8","10","13","42","臺中市","南屯區","0","0","0","8","","","50","","","","","","","","","","","","","","","","","","","","B03","","","1","","2","","","23","","1","21","","B03","24.153312","120.646704","3"
"2019","8","10","13","48","臺中市","北區","0","0","0","8","","","40","","","","","","","","","","","","","","","","","","","","B03","","","1","","2","","","6","","1","21","","B03","24.148503","120.68706","3"
"2019","8","10","13","50","臺中市","北區","0","1","0","8","1","5","50","4","8","1","5","4","5","7","2","1","5","4","4","2","16","6","3","10","1","1","B03","7","6","1","8","2","2","","6","6","1","22","8","B03","24.163237","120.676581","2"
"2019","8","10","13","58","臺中市","西屯區","0","0","0","8","","","50","","","","","","","","","","","","","","","","","","","","B03","","","1","","2","","","23","","1","","","B03","24.201591","120.654378","3"
"2019","8","10","14","11","臺中市","北屯區","0","1","0","8","1","5","50","14","9","1","5","4","5","7","4","4","1","4","5","2","13","23","3","10","3","4","B12","7","9","1","8","2","8","","23","23","1","21","8","B12","24.199531","120.686775","2"
"2019","8","10","14","14","臺中市","大雅區","0","1","0","8","1","5","50","4","1","1","5","4","5","7","4","4","10","4","5","1","15","6","2","9","1","1","C03","7","9","1","10","2","12","","23","6","1","22","9","C03","24.228619","120.649082","2"
"2019","8","10","14","17","臺中市","北區","0","0","0","8","","","40","","","","","","","","","","","","","","","","","","","","C03","","","1","","2","","","23","","1","21","","C03","24.154664","120.664427","3"
"2019","8","10","14","31","臺中市","西區","0","1","0","8","1","5","50","4","1","1","5","4","5","7","1","3","10","5","5","2","15","6","2","9","1","1","C03","7","9","3","18","2","11","","6","6","1","21","8","C03","24.147749","120.655148","2"
"2019","8","10","14","36","臺中市","大雅區","0","1","0","8","1","5","50","3","2","1","5","4","5","7","1","1","1","4","5","1","16","16","3","10","1","1","C03","7","9","1","10","9","12","","16","16","2","22","8","C03","24.226524","120.644759","2"
"2019","8","10","14","37","臺中市","北屯區","0","2","0","7","1","5","50","4","1","1","5","4","5","7","1","1","10","5","5","2","16","25","2","8","1","1","C03","7","9","1","10","2","14","","25","25","1","5","8","C03","24.1822","120.704","2"
"2019","8","10","14","40","臺中市","北屯區","0","1","0","8","1","5","40","14","8","1","5","4","5","7","4","4","1","4","1","2","17","23","2","9","3","4","C03","7","9","1","10","2","11","","23","23","1","21","8","C03","24.166014","120.720528","2"
"2019","8","10","14","41","臺中市","北區","0","1","0","8","1","5","50","14","9","1","5","4","5","7","4","4","5","4","5","2","17","40","3","10","3","1","B03","7","13","1","8","2","5","","40","40","1","22","8","B03","24.148356","120.683241","2"
"2019","8","10","14","47","臺中市","西區","0","2","0","8","1","5","50","4","1","1","5","4","5","7","1","1","10","5","5","2","16","6","2","9","3","4","C03","7","5","1","10","2","15","","6","6","1","21","8","C03","24.148876","120.65301","2"
"2019","8","10","14","47","臺中市","北區","0","1","0","8","1","5","50","4","1","1","5","4","5","7","1","1","10","5","5","2","29","6","3","10","1","1","B03","7","5","1","8","2","6","","6","6","1","21","8","B03","24.162142","120.664089","2"
"2019","8","10","14","50","臺中市","西區","0","1","0","7","1","5","50","3","1","1","5","4","5","7","4","4","5","5","5","2","16","6","3","10","1","1","B03","7","5","1","8","2","1","","6","6","1","21","8","B03","24.131101","120.662226","2"
"2019","8","10","14","53","臺中市","西區","0","1","0","8","1","5","50","4","1","1","5","4","5","7","2","1","10","5","5","2","16","6","3","10","1","1","B03","7","5","1","8","2","5","","6","6","1","21","8","B03","24.149038","120.66528","2"
"2019","8","10","14","55","臺中市","北屯區","0","0","0","8","","","50","","","","","","","","","","","","","","","12","","","","","B12","","","1","","2","","","12","12","1","","","B12","24.183069","120.697973","3"
"2019","8","10","15","1","臺中市","北區","0","1","0","8","1","5","50","14","7","1","5","4","5","7","4","4","1","4","4","2","12","7","2","9","1","1","C03","7","7","1","10","2","14","","7","7","1","22","8","C03","24.167335","120.685072","2"
"2019","8","10","15","10","臺中市","龍井區","1","0","0","8","1","5","70","14","13","1","5","4","5","7","4","4","1","4","4","1","13","23","1","1","3","4","C03","7","9","1","10","2","11","","23","23","1","12","8","C03","24.208223","120.53981","1"
"2019","8","10","15","13","臺中市","太平區","0","1","0","8","1","5","50","14","7","1","5","4","5","7","4","4","5","4","4","2","18","42","2","8","1","1","C03","7","9","1","10","2","14","","42","42","1","5","5","C03","24.118104","120.716945","2"
"2019","8","10","15","25","臺中市","東勢區","0","2","0","6","1","5","50","4","1","1","4","4","5","7","2","1","5","5","5","1","11","6","2","9","1","1","C03","7","5","6","18","2","11","","6","6","1","22","8","C03","24.258918","120.829194","2"
"2019","8","10","15","40","臺中市","南屯區","0","0","0","8","","","50","","","","","","","","1","","","","","","","6","3","","","","B03","","","1","","2","","","6","6","1","21","","B03","24.146129","120.633993","3"
"2019","8","10","15","55","臺中市","西區","0","1","0","7","1","5","50","4","1","1","5","4","5","7","1","1","10","5","5","2","16","6","3","10","1","1","B03","7","5","1","8","2","6","","6","6","1","5","5","B03","24.146703","120.652161","2"
"2019","8","10","15","58","臺中市","南區","0","0","0","8","","","60","","","","","","","","","","","","","","","23","","","","","B12","","","1","3","2","","","23","23","1","","","B12","24.109135","120.661585","3"
"2019","8","10","16","0","臺中市","大雅區","0","1","0","8","1","5","50","4","1","1","5","4","5","7","4","4","10","4","4","2","15","6","3","10","1","1","B03","7","9","1","8","2","1","","6","6","1","22","9","B03","24.217402","120.667975","2"
"2019","8","10","16","3","臺中市","大雅區","0","0","0","8","","","50","","","","","","","","","","","","","","","","","","","","C03","","","1","","2","","","23","","1","","","C03","24.231867","120.639644","3"
"2019","8","10","16","12","臺中市","南屯區","0","0","0","8","","","50","","","","","","","","","","","","","","","","","","","","B03","","","1","","2","","","19","","1","22","","B03","24.149411","120.623089","3"
"2019","8","10","16","21","臺中市","西屯區","0","1","0","8","1","5","40","3","1","1","5","4","5","7","4","4","9","5","5","2","16","6","2","8","1","1","C03","7","5","1","10","2","11","","6","6","1","12","8","C03","24.201506","120.627357","2"
"2019","8","10","16","24","臺中市","北屯區","0","2","0","8","1","5","50","4","1","1","5","4","5","7","1","1","1","2","5","2","12","43","3","10","1","1","B03","7","6","1","8","2","6","","43","43","1","22","8","B03","24.172576","120.720657","2"
"2019","8","10","16","25","臺中市","西區","0","0","0","8","","","40","","","","","","","","","","","","","","","","","","","","B03","","","1","","2","","","23","","1","21","","B03","24.141256","120.65669","3"
"2019","8","10","16","26","臺中市","西屯區","0","1","0","8","1","5","50","14","9","1","5","2","5","7","4","4","5","4","4","2","29","42","2","9","1","1","C03","7","9","1","10","2","12","","42","42","1","22","8","C03","24.162046","120.642817","2"
"2019","8","10","16","39","臺中市","南屯區","0","0","0","8","","","40","","","","","","","","","","","","","","","","","","","","B03","","","1","","2","","","23","","1","4","","B03","24.152979","120.629599","3"
"2019","8","10","16","40","臺中市","北屯區","0","0","0","8","","","50","","","","","","","","","","","","","","","6","","","","","B03","","","1","","2","","","6","6","1","5","","B03","24.169703","120.721226","3"
"2019","8","10","16","45","臺中市","中區","0","1","0","7","1","5","50","4","1","2","5","4","5","7","1","1","10","5","5","2","16","42","3","10","1","1","B12","7","6","1","8","2","6","","42","42","1","21","8","B12","24.145048","120.676568","2"
"2019","8","10","16","45","臺中市","南屯區","0","0","0","8","","","50","","","","","","","","4","","","","","","","23","3","","","","B03","","","1","","2","","","23","23","1","21","","B03","24.150906","120.647848","3"
"2019","8","10","16","51","臺中市","北區","0","0","0","8","","","50","","","","","","","","","","","","","","","","","","","","B03","","","1","","2","","","9","","1","","","B03","24.15221","120.677206","3"
"2019","8","10","16","55","臺中市","北區","0","1","0","8","1","5","50","5","1","1","5","4","5","7","1","1","10","5","5","2","16","23","3","10","1","1","B12","7","5","1","8","3","8","","23","23","1","22","8","B12","24.173816","120.673902","2"
"2019","8","10","16","57","臺中市","西區","0","1","0","8","1","5","50","14","9","1","5","4","5","7","4","4","5","2","5","2","17","12","3","10","1","1","B03","7","2","1","8","2","15","","12","12","1","21","8","B03","24.137415","120.679296","2"
"2019","8","10","16","57","臺中市","北屯區","0","0","0","8","","","50","","","","","","","","","","","","","","","7","","","","","B03","","","1","8","2","","","7","7","1","21","","B03","24.166216","120.720478","3"
"2019","8","10","17","0","臺中市","大里區","0","0","0","8","1","5","50","4","1","1","5","4","5","7","1","1","10","5","5","2","12","7","3","10","1","1","A12","7","8","1","7","2","2","","7","7","1","9","8","A12","24.096494","120.695595","3"
"2019","8","10","17","5","臺中市","北屯區","0","0","0","8","","","50","","","","","","","","","","","","","","","","","","","","B03","","","1","","2","","","23","","1","21","","B03","24.162072","120.697341","3"
"2019","8","10","17","6","臺中市","西屯區","","","","8","","","50","","","","","","","","","","","","","","","","","","","","B03","","","1","","2","","","12","","1","22","","B03","24.164978","120.636515","3"
"2019","8","10","17","13","臺中市","神岡區","0","1","0","8","1","5","40","4","1","1","5","4","5","7","3","1","10","5","5","2","15","6","3","10","3","4","B12","7","1","1","8","2","4","","6","6","1","22","9","B12","24.280825","120.652855","2"
"2019","8","10","17","22","臺中市","北區","0","0","0","8","1","5","50","4","8","1","5","4","5","7","2","1","8","3","5","2","13","","","","","","B03","","","1","","2","","","23","","1","22","","B03","24.153967","120.685733","3"
"2019","8","10","17","30","臺中市","大肚區","0","0","0","","","","","","","","","","","","","","","","","","","","","","","","B03","","","1","","2","","","12","","1","19","","B03","24.123925","120.574128","3"
"2019","8","10","17","38","臺中市","北區","0","1","0","8","1","5","50","3","1","1","5","4","5","7","3","1","10","4","4","2","15","6","2","9","1","1","C03","7","11","1","10","2","11","","6","6","1","21","8","C03","24.154294","120.687093","2"
"2019","8","10","17","43","臺中市","東區","0","2","0","8","1","5","50","3","1","1","5","4","5","7","4","4","10","5","5","2","12","26","2","9","1","1","C03","7","5","1","10","2","14","","26","26","1","22","8","C03","24.136845","120.69725","2"
"2019","8","10","17","43","臺中市","烏日區","0","1","0","8","1","5","40","14","9","1","5","4","5","7","4","4","10","5","5","2","20","21","2","9","1","1","C03","7","9","1","10","8","11","","21","21","1","21","8","C03","24.101328","120.631358","2"
"2019","8","10","17","44","臺中市","沙鹿區","0","0","0","","","","","","","","","","","","","","","","","","","","","","","","C03","","","1","","2","","","7","","1","","","C03","","","3"
"2019","8","10","17","50","臺中市","南屯區","0","0","0","8","","","50","","","","","","","","4","","","","","","","12","3","","","","B03","","","1","","2","","","12","12","1","21","","B03","24.133316","120.64135","3"
"2019","8","10","17","50","臺中市","大雅區","0","1","0","8","1","5","40","3","2","1","5","4","5","7","4","4","10","5","5","1","16","23","3","10","1","1","B03","7","5","1","8","2","4","","23","23","1","22","8","B03","24.23119","120.646875","2"
"2019","8","10","17","54","臺中市","大雅區","0","0","0","8","","","40","","","","","","","","","","","","","","","","","","","","B03","","","1","","2","","","16","","1","21","","B03","24.222308","120.646793","3"
"2019","8","10","17","55","臺中市","西屯區","0","1","0","8","1","5","40","4","1","1","5","4","5","7","4","4","9","5","5","2","16","6","3","10","1","1","B03","7","9","1","8","2","1","","6","6","1","12","8","B03","24.178058","120.617941","2"
"2019","8","10","17","56","臺中市","東區","0","1","0","8","1","5","40","4","1","1","5","4","5","7","4","4","10","5","5","2","16","6","3","10","1","1","B03","7","5","1","8","2","1","","6","6","1","19","5","B03","24.126273","120.69472","2"
"2019","8","10","17","57","臺中市","西屯區","0","0","0","","1","5","40","","","","","","","","","","","","","","","23","","","","","B12","","","1","","2","1","","23","23","1","22","","B12","24.163242","120.628894","3"
"2019","8","10","18","10","臺中市","北區","0","0","0","8","","","40","","","","","","","","","","","","","","","","","","","","C03","","","1","","2","","","7","","1","22","","C03","24.163235","120.676548","3"
"2019","8","10","18","13","臺中市","大雅區","0","1","0","8","1","5","50","4","2","1","5","4","5","7","1","1","1","4","5","1","16","25","3","10","1","1","B12","7","5","1","8","2","2","","25","25","1","22","8","B12","24.230652","120.640691","2"
"2019","8","10","18","16","臺中市","南屯區","0","0","0","8","","","50","","","","","","","","","","","","","","","","","","","","B03","","","1","","2","","","17","","1","4","","B03","24.143816","120.649893","3"
"2019","8","10","18","16","臺中市","北屯區","0","0","0","8","","","50","","","","","","","","","","","","","","","16","","","","","B03","","","1","8","2","","","16","16","1","21","","B03","24.168255","120.685113","3"
"2019","8","10","18","17","臺中市","清水區","0","2","0","7","2","5","50","4","1","1","5","4","5","7","4","4","10","5","5","2","15","6","2","6","1","1","C03","7","9","1","10","2","11","","6","6","1","21","8","C03","24.26899","120.576904","2"
"2019","8","10","18","24","臺中市","潭子區","0","0","0","8","","","50","","","","","","","","","","","","","","","","","","","","B03","","","1","","2","","","16","","1","","","B03","24.210028","120.685492","3"
"2019","8","10","18","26","臺中市","南屯區","0","0","0","8","","","50","","","","","","","","","","","","","","","","","","","","B12","","","1","","2","","","9","","1","5","","B12","24.152342","120.649739","3"
"2019","8","10","18","31","臺中市","烏日區","0","0","0","8","","","50","","","","","","","","","","","","","","","","","","","","B03","","","1","","2","","","10","","1","","","B03","24.113865","120.616594","3"
"2019","8","10","18","33","臺中市","沙鹿區","0","1","0","8","3","5","50","5","1","1","5","4","5","7","4","4","10","5","5","2","16","6","3","10","1","1","B12","7","5","1","8","2","1","","6","6","1","21","8","B12","24.240923","120.564919","2"
"2019","8","10","18","42","臺中市","北區","0","1","0","8","1","5","50","3","1","1","5","4","5","7","4","4","10","5","5","2","16","6","3","10","1","1","B03","7","6","1","8","2","2","","6","6","1","21","8","B03","24.163013","120.683625","2"
"2019","8","10","18","42","臺中市","北屯區","0","2","0","8","3","5","50","4","1","1","5","4","5","7","2","1","10","5","5","2","16","6","2","9","3","4","C03","7","5","1","10","2","12","","6","6","1","22","8","C03","24.165841","120.694594","2"
"2019","8","10","18","50","臺中市","大肚區","0","2","0","8","3","5","50","14","9","1","5","4","5","7","4","4","5","4","5","1","17","11","3","10","1","1","B02","7","11","1","8","2","15","","11","11","1","3","8","B02","24.136102","120.553535","2"
"2019","8","10","18","55","臺中市","北區","0","1","0","8","3","5","50","14","9","1","5","4","5","7","4","4","1","4","5","2","13","16","2","9","1","1","C03","7","9","1","10","2","11","","16","16","1","22","8","C03","24.17303","120.678147","2"
"2019","8","10","19","10","臺中市","北屯區","0","0","0","6","","","80","","","","","","","","","","","","","","","","","","","","B12","","","1","","2","","","7","","1","","","B12","24.200791","120.666788","3"
"2019","8","10","19","22","臺中市","豐原區","0","0","0","8","","","50","","","","","","","","","","","","","","","","","","","","B03","","","1","","2","","","7","","","21","","B03","24.25446","120.70878","3"
"2019","8","10","19","36","臺中市","北屯區","0","0","0","8","","","50","","","","","","","","","","","","","","","6","","","","","B03","","","1","","2","","","6","6","1","5","","B03","24.178364","120.738344","3"
"2019","8","10","19","40","臺中市","梧棲區","0","0","0","6","","","60","","","","","","","","","","","","","","","","","","","","B03","","","1","","2","","","23","","1","5","","B03","24.246857","120.534796","3"
"2019","8","10","19","45","臺中市","北區","0","2","0","7","3","5","50","5","1","1","5","4","5","7","2","1","10","5","5","2","15","25","2","9","1","1","C03","7","9","1","10","2","11","","25","25","1","22","8","C03","24.155282","120.694302","2"
"2019","8","10","20","0","臺中市","霧峰區","0","0","0","7","3","5","50","14","9","1","5","4","5","7","4","4","9","4","5","1","17","17","3","10","1","1","B03","7","9","1","8","2","2","","17","17","1","19","8","B03","24.060823","120.700255","3"
"2019","8","10","20","0","臺中市","沙鹿區","0","2","0","8","3","5","50","14","9","1","5","4","5","7","4","4","5","4","5","1","13","16","2","9","1","1","C03","7","9","3","18","2","11","","16","16","1","9","8","C03","24.241954","120.56462","2"
"2019","8","10","20","2","臺中市","沙鹿區","0","0","0","8","","","40","","","","","","","","","","","","","","","44","","","","","B03","","","1","","2","","","23","44","","18","","B03","24.237097","120.569323","3"
"2019","8","10","20","6","臺中市","西區","0","1","0","8","3","5","40","14","8","1","5","4","5","7","4","4","1","4","4","2","17","40","3","10","1","1","B03","7","13","1","8","2","4","","40","40","1","5","5","B03","24.149591","120.669839","2"
"2019","8","10","20","12","臺中市","西區","0","2","0","8","3","5","50","4","1","2","5","4","5","7","4","4","10","5","5","2","3","43","2","9","1","1","C04","7","9","1","10","2","12","","43","43","1","20","8","C04","24.152319","120.653902","2"
"2019","8","10","20","16","臺中市","北區","0","1","0","7","3","5","50","4","1","1","4","4","5","7","1","1","10","5","5","2","16","6","3","10","1","1","B03","7","6","1","8","2","5","","6","6","1","21","8","B03","24.15916","120.669119","2"
"2019","8","10","20","20","臺中市","南屯區","0","2","0","6","3","5","40","14","9","1","3","4","5","7","4","4","5","4","5","2","9","23","2","9","4","5","F01","7","9","8","20","2","16","","23","23","1","21","8","F01","24.136702","120.64975","2"
"2019","8","10","20","25","臺中市","北屯區","0","0","0","8","","","40","","","","","","","","","","","","","","","23","","","","","A12","","","1","3","2","","","23","23","1","10","","A12","24.17625","120.670193","3"
"2019","8","10","20","34","臺中市","北屯區","0","1","0","8","3","5","50","14","9","1","5","4","5","7","4","4","5","5","5","2","12","7","3","10","1","1","B03","7","7","1","8","2","4","","7","7","1","21","8","B03","24.175749","120.718429","2"
"2019","8","10","20","35","臺中市","太平區","0","1","0","7","3","5","50","3","1","1","5","4","5","7","1","1","10","5","5","2","16","23","2","7","1","1","C03","7","5","1","10","2","12","","23","23","1","21","8","C03","24.144446","120.713475","2"
"2019","8","10","20","38","臺中市","潭子區","0","0","0","8","","","50","","","","","","","","","","","","","","","","","","","","B03","","","1","","2","","","16","","1","","","B03","24.214976","120.70517","3"
"2019","8","10","20","39","臺中市","西屯區","0","2","0","6","3","5","40","14","9","1","4","4","5","7","4","4","9","5","4","2","16","10","2","8","1","1","C03","7","11","1","10","2","14","","10","10","1","21","8","C03","24.185531","120.594551","2"
"2019","8","10","20","40","臺中市","大甲區","0","0","0","8","","","40","","","","","","","","","","","","","","","","","","","","B03","","","1","","2","","","12","","1","22","","B03","24.375395","120.652237","3"
"2019","8","10","20","50","臺中市","西區","0","0","0","8","","","50","","","","","","","","","","","","","","","","","","","","B03","","","1","","2","","","26","","1","21","","B03","24.148371","120.655132","3"
"2019","8","10","20","52","臺中市","大雅區","0","0","0","8","","","40","","","","","","","","","","","","","","","","","","","","A03","","","1","","2","","","16","","1","21","","A03","24.221709","120.648599","3"
"2019","8","10","20","54","臺中市","沙鹿區","0","0","0","8","","","60","","","","","","","","","","","","","","","","","","","","B03","","","1","","2","","","23","","1","","","B03","24.223565","120.568705","3"
"2019","8","10","21","5","臺中市","潭子區","0","3","0","7","3","5","50","5","1","1","4","4","5","7","3","3","10","5","5","2","15","43","2","9","1","1","B03","7","9","1","8","11","1","","43","43","2","21","8","B03","24.215031","120.70512","2"
"2019","8","10","21","9","臺中市","太平區","0","0","0","8","","","50","","","","","","","","","","","","","","","","","","","","B03","","","1","","2","","","10","","1","4","","B03","24.158111","120.719369","3"
"2019","8","10","21","10","臺中市","北區","0","0","0","6","","","40","","","","","","","","","","","","","","","","","","","","C03","","","1","","2","","","23","","1","22","","C03","24.168125","120.672957","3"
"2019","8","10","21","10","臺中市","西屯區","0","1","0","6","3","5","50","14","9","1","4","4","5","7","4","4","5","4","4","2","16","10","3","10","1","1","B03","7","11","1","8","2","4","","10","10","1","22","8","B03","24.166647","120.636265","2"
"2019","8","10","21","13","臺中市","北屯區","0","0","0","6","","","50","","","","","","","","","","","","","","","","","","","","B03","","","1","","2","","","12","","1","","","B03","24.174898","120.679755","3"
"2019","8","10","21","17","臺中市","清水區","0","1","0","7","3","5","40","14","8","1","5","4","5","7","1","1","1","4","4","1","18","23","2","9","1","1","C03","7","9","1","10","2","14","","23","23","1","21","8","C03","24.282325","120.581712","2"
"2019","8","10","21","18","臺中市","西區","0","0","0","6","","","50","","","","","","","","","","","","","","","","","","","","B12","","","1","","2","","","7","","1","22","","B12","24.141365","120.66664","3"
"2019","8","10","21","29","臺中市","西屯區","","","","6","","","50","","","","","","","","","","","","","","","","","","","","B12","","","1","","2","","","12","","1","22","","B12","24.172598","120.663666","3"
"2019","8","10","21","32","臺中市","東區","0","0","0","6","","","50","","","","","","","","","","","","","","","19","3","","","","B03","","","1","","2","","","19","19","","22","","B03","24.134503","120.700801","3"
"2019","8","10","21","33","臺中市","北屯區","0","0","0","6","","","50","","","","","","","","","","","","","","","7","","","","","B03","","","1","","2","","","7","7","1","5","","B03","24.172685","120.690694","3"
"2019","8","10","21","34","臺中市","龍井區","0","0","0","","","","","","","","","","","","","","","","","","","","","","","","B03","","","1","","2","","","23","","1","22","","B03","24.188677","120.580389","3"
"2019","8","10","21","40","臺中市","北屯區","0","1","0","6","3","5","50","4","1","1","4","4","5","7","2","1","10","5","5","2","17","6","3","10","3","4","B03","7","5","1","8","2","15","","6","6","1","21","8","B03","24.177383","120.685846","2"
"2019","8","10","22","6","臺中市","西區","0","1","0","8","3","5","50","14","8","1","5","4","5","7","4","4","5","5","4","2","17","6","3","10","1","1","B03","7","6","1","8","2","2","","6","6","1","19","7","B03","24.159141","120.658326","2"
"2019","8","10","22","9","臺中市","西屯區","0","1","0","6","3","5","40","4","1","1","4","4","5","7","2","1","1","5","5","2","16","6","3","10","1","1","B03","7","6","1","8","2","2","","6","6","1","22","8","B03","24.179908","120.621411","2"
"2019","8","10","22","13","臺中市","北區","0","0","0","8","","","50","","","","","","","","","","","","","","","","","","","","B03","","","1","","2","","","23","","1","5","","B03","24.16546","120.68103","3"