"年","月","日","時","分","縣市","區","死","受傷","2-30","天候","光線","道路類別","速限","道路型態","事故位置","路面鋪裝","路面狀態","路面缺陷","障礙物","視距","號誌種類","號誌動作","分向設施","快車道或一般車道間","快慢車道間","路面邊線","事故類型及型態","主要肇因","受傷程度","主要傷處","保護裝備","行動電話","當事者區分(類別)","車輛用途","當事者行動狀態","駕駛資格情形","駕駛執照種類","飲酒情形","車輛撞擊部位最初","車輛撞擊部位其他","肇事因素個別","肇事因素主要","肇事逃逸","職業","旅次目的","車種","GPS座標(緯度)","GPS座標(經度)","事故類別"
"2019","8","10","22","15","臺中市","神岡區","0","1","0","6","3","5","50","3","1","1","4","4","5","7","1","1","10","5","5","2","18","42","2","9","3","4","C03","7","9","1","10","2","14","","42","42","1","22","1","C03","24.248806","120.698483","2"
"2019","8","10","22","34","臺中市","北區","0","1","0","8","3","5","50","14","9","1","5","4","5","7","4","4","5","2","5","2","17","26","2","9","1","4","C03","7","11","1","10","2","12","","26","26","1","18","8","C03","24.151525","120.688357","2"
"2019","8","10","22","45","臺中市","北屯區","0","0","0","8","","","50","","","","","","","","","","","","","","","","","","","","B12","","","1","","2","","","23","","1","","","B12","24.171129","120.691028","3"
"2019","8","10","22","58","臺中市","北屯區","0","1","0","8","3","5","50","4","1","1","4","4","5","7","4","4","10","5","5","2","15","6","2","8","1","1","C03","7","9","1","10","2","11","","6","6","1","21","8","C03","24.172269","120.695346","2"
"2019","8","10","22","59","臺中市","東區","0","1","0","8","3","5","50","4","1","1","5","4","5","7","1","1","10","5","5","2","16","6","3","10","3","4","B03","7","5","1","8","2","8","","6","6","1","5","8","B03","24.13751","120.705323","2"
"2019","8","10","23","7","臺中市","潭子區","0","1","0","8","3","5","60","5","1","1","5","4","5","7","1","1","10","5","5","2","12","6","3","10","1","1","B03","7","6","1","8","2","5","","6","6","1","21","8","B03","24.200695","120.703375","2"
"2019","8","10","23","10","臺中市","西屯區","0","0","0","8","","","50","","","","","","","","","","","","","","","","","","","","B03","","","1","","2","","","19","","1","21","","B03","24.173523","120.634993","3"
"2019","8","10","23","13","臺中市","南屯區","0","0","0","8","","","50","","","","","","","","","","","","","","","","","","","","B02","","","1","","2","","","12","","1","22","","B02","24.151663","120.646782","3"
"2019","8","10","23","26","臺中市","西屯區","0","3","0","8","3","5","40","14","9","1","5","4","5","7","4","4","10","5","5","2","10","43","2","9","1","1","C03","7","9","1","10","2","11","","43","43","1","21","8","C03","24.175161","120.645595","2"
"2019","8","10","23","49","臺中市","北屯區","0","0","0","8","","","40","","","","","","","","","","","","","","","","","","","","C03","","","1","","2","","","8","","1","","","C03","24.180235","120.685977","3"
"2019","8","11","0","21","臺中市","神岡區","0","1","0","7","4","5","50","3","1","1","5","4","5","7","3","1","10","5","5","2","16","1","2","9","3","4","C03","7","4","1","10","2","14","","1","1","1","22","9","C03","24.26418","120.676658","2"
"2019","8","11","1","5","臺中市","大雅區","0","0","0","6","","","40","","","","","","","","","","","","","","","","","","","","B02","","","1","","2","","","6","","1","21","","B02","24.219156","120.650515","3"
"2019","8","11","1","8","臺中市","北區","0","0","0","8","","","50","","","","","","","","","","","","","","","","","","","","C03","","","1","","2","","","19","","1","22","","C03","24.159145","120.681003","3"
"2019","8","11","1","47","臺中市","西屯區","0","0","0","6","","","50","","","","","","","","","","","","","","","","","","","","B03","","","1","","2","","","12","","1","","","B03","24.192453","120.610262","3"
"2019","8","11","1","56","臺中市","西屯區","0","1","0","8","3","5","50","3","2","1","5","4","5","7","4","4","10","5","5","2","3","51","2","9","4","5","H01","8","16","8","20","10","16","","51","51","1","21","8","H01","24.17814","120.665876","2"
"2019","8","11","2","0","臺中市","北屯區","0","0","0","8","","","50","","","","","","","","","","","","","","","","","","","","B03","","","1","","2","","","23","","1","","","B03","24.17374","120.671456","3"
"2019","8","11","2","40","臺中市","潭子區","0","0","0","6","","","50","","","","","","","","","","","","","","","","","","","","B03","","","1","","9","","","23","","1","22","","B03","24.194669","120.698764","3"
"2019","8","11","4","1","臺中市","西屯區","0","1","0","6","3","7","80","14","7","1","4","4","5","7","4","4","1","4","4","2","13","23","2","9","1","1","C02","7","9","1","10","2","11","","23","23","1","21","8","C02","24.17602","120.634355","2"
"2019","8","11","4","3","臺中市","潭子區","0","1","0","6","3","5","50","5","1","1","4","4","5","6","3","1","5","5","5","2","15","6","3","10","1","1","B12","7","9","1","8","2","4","","6","6","1","23","8","B12","24.21517","120.709681","2"
"2019","8","11","5","49","臺中市","太平區","0","1","0","7","2","5","50","14","9","1","5","4","5","7","4","4","5","5","5","2","16","1","3","10","1","1","B03","7","4","3","18","2","5","","1","1","1","5","8","B03","24.154999","120.728333","2"
"2019","8","11","5","50","臺中市","豐原區","0","0","0","6","","","50","","","","","","","","","","","","","","","18","","","","","B03","","","1","","2","","","18","18","","12","","B03","24.251605","120.728753","3"
"2019","8","11","6","3","臺中市","豐原區","0","0","0","","","","","","","","","","","","","","","","","","","","","","","","B03","","","1","","2","","","12","","","","","B03","24.2529","120.705597","3"
"2019","8","11","6","33","臺中市","梧棲區","0","0","0","8","","","50","","","","","","","","","","","","","","","","","","","","B12","","","1","","2","","","6","","1","","","B12","24.255921","120.535638","3"
"2019","8","11","7","6","臺中市","沙鹿區","0","0","0","8","","","60","","","","","","","","","","","","","","","23","","","","","B03","","","1","","6","","","23","23","","","","B03","24.242616","120.571684","3"
"2019","8","11","7","10","臺中市","西屯區","0","1","0","8","1","5","50","14","7","1","4","4","5","7","4","4","3","4","4","2","11","4","2","9","1","1","C03","7","9","1","10","2","14","","4","4","1","22","9","C03","24.201425","120.654453","2"
"2019","8","11","7","22","臺中市","潭子區","0","2","0","6","1","5","30","14","9","1","4","4","5","7","4","4","10","5","5","1","20","43","2","9","1","4","C03","7","9","6","10","2","15","","43","43","1","22","8","C03","24.198411","120.712448","2"
"2019","8","11","7","38","臺中市","大里區","0","0","0","8","","","50","","","","","","","","","","","","","","","","","","","","A04","","","1","","11","","","23","","1","10","","A04","24.12012","120.691656","3"
"2019","8","11","7","55","臺中市","沙鹿區","0","1","0","8","1","5","50","14","13","1","5","4","5","7","4","4","5","5","5","1","17","42","2","9","2","1","C03","7","9","1","9","2","14","","42","42","1","10","8","C03","24.226275","120.567513","2"
"2019","8","11","7","56","臺中市","大里區","0","1","0","6","1","5","50","14","8","1","4","4","4","7","1","1","9","5","4","2","29","61","","","","","","","","","","","","","61","61","1","","","","24.098856","120.677146","2"
"2019","8","11","7","58","臺中市","北屯區","0","0","0","8","","","50","","","","","","","","","","","","","","","6","","","","","B03","","","1","","2","","","6","6","1","","","B03","24.170108","120.721006","3"
"2019","8","11","8","0","臺中市","大里區","0","0","0","6","","","40","","","","","","","","","","","","","","","","","","","","B03","","","1","","2","","","23","","1","5","","B03","24.101136","120.692141","3"
"2019","8","11","8","15","臺中市","南區","0","1","0","8","1","5","50","14","7","1","4","4","5","7","1","1","1","2","5","2","13","23","3","10","1","1","B03","7","9","1","8","2","8","","23","23","1","22","8","B03","24.117497","120.658279","2"
"2019","8","11","8","40","臺中市","潭子區","0","3","0","6","1","5","60","14","9","1","4","4","5","7","4","4","9","3","5","1","13","45","2","9","1","1","C03","7","9","1","10","2","11","","45","45","1","22","1","C03","24.224764","120.70728","2"
"2019","8","11","8","43","臺中市","梧棲區","0","0","0","8","","","60","","","","","","","","","","","","","","","","","","","","B03","","","1","","2","","","23","","1","9","","B03","24.242499","120.556586","3"
"2019","8","11","8","58","臺中市","西屯區","0","1","0","6","1","5","40","4","1","1","4","4","5","7","4","4","10","5","5","2","16","6","3","10","1","1","B03","7","9","1","8","2","8","","6","6","1","22","8","B03","24.16198","120.652381","2"
"2019","8","11","9","7","臺中市","潭子區","0","0","0","8","","","50","","","","","","","","","","","","","","","","","","","","B03","","","1","","2","","","23","","1","22","","B03","24.204943","120.709718","3"
"2019","8","11","9","10","臺中市","大肚區","0","1","0","7","1","5","40","13","9","1","5","4","5","7","4","4","10","5","5","2","16","6","2","8","1","1","C03","7","6","1","10","2","12","","6","6","1","19","8","C03","24.150356","120.549826","2"
"2019","8","11","9","10","臺中市","潭子區","0","1","0","7","1","5","50","14","9","1","5","4","5","7","1","1","5","5","5","1","12","23","2","8","1","1","C03","7","9","1","10","2","14","","23","23","1","22","9","C03","24.204412","120.707415","2"
"2019","8","11","9","28","臺中市","沙鹿區","0","1","0","8","1","5","50","3","1","1","5","4","5","7","4","4","10","5","5","2","16","42","4","11","1","1","C03","7","5","3","18","2","13","","42","42","1","21","8","C03","24.243866","120.607596","2"
"2019","8","11","9","28","臺中市","潭子區","0","2","0","7","1","5","60","14","8","1","5","4","5","7","4","4","1","4","4","1","18","42","2","9","1","1","C03","7","9","1","10","2","14","","42","42","1","22","8","C03","24.196535","120.702705","2"
"2019","8","11","9","35","臺中市","大甲區","0","2","0","7","1","5","50","3","1","1","5","4","5","7","1","1","10","5","5","2","17","43","2","8","1","1","C03","7","9","1","10","2","11","","43","43","1","23","8","C03","24.345398","120.619308","2"
"2019","8","11","9","39","臺中市","南屯區","0","1","0","7","1","5","50","3","1","1","4","4","5","7","1","1","5","2","4","2","16","9","3","10","1","1","B03","7","6","1","8","2","2","","9","9","1","19","8","B03","24.139135","120.613878","2"
"2019","8","11","9","49","臺中市","太平區","0","1","0","6","1","5","50","14","9","1","4","4","5","7","4","4","5","5","5","1","12","7","3","10","1","1","B03","7","8","1","8","2","5","","7","7","1","4","5","B03","24.13422","120.73458","2"
"2019","8","11","9","50","臺中市","霧峰區","0","1","0","7","1","5","50","4","1","1","4","4","5","7","1","1","10","5","5","2","16","6","3","10","1","1","B03","7","6","1","8","2","5","","6","6","1","5","5","B03","24.053706","120.686983","2"
"2019","8","11","9","55","臺中市","豐原區","0","0","0","6","","","50","","","","","","","","","","","","","","","10","","","","","B03","","","1","","2","","","10","10","1","18","","B03","24.244721","120.723613","3"
"2019","8","11","9","56","臺中市","烏日區","0","2","0","7","1","5","50","3","1","1","4","4","5","7","4","4","4","4","5","1","16","10","2","9","1","1","B12","7","11","1","8","2","8","","10","10","1","21","8","B12","24.065511","120.642421","2"
"2019","8","11","10","8","臺中市","后里區","0","1","0","6","1","5","40","4","1","1","4","4","5","7","4","4","10","5","5","1","16","6","3","10","1","1","B03","7","5","1","8","2","8","","6","6","1","5","8","B03","24.326855","120.698036","2"
"2019","8","11","10","18","臺中市","南屯區","0","0","0","8","","","50","","","","","","","","","","","","","","","","","","","","B03","","","1","","2","","","9","","1","","","B03","24.13919","120.614049","3"
"2019","8","11","10","20","臺中市","后里區","0","1","0","6","1","5","50","14","12","1","4","4","5","7","4","4","4","5","4","1","12","40","3","10","1","1","B03","7","15","1","8","2","4","","40","40","1","21","8","B03","24.310721","120.711989","2"
"2019","8","11","10","25","臺中市","北區","0","1","0","8","1","5","50","4","1","1","5","4","5","7","1","1","10","5","5","2","14","12","3","10","1","1","B03","7","2","1","8","2","7","","12","12","1","22","8","B03","24.152844","120.677356","2"
"2019","8","11","10","31","臺中市","西屯區","0","1","0","6","1","5","50","14","9","1","4","4","5","7","4","4","3","4","5","2","18","43","2","9","1","1","C03","7","9","1","10","2","14","","43","43","1","22","1","C03","24.16206","120.637498","2"
"2019","8","11","10","33","臺中市","中區","0","1","0","6","1","5","50","4","2","1","4","4","5","7","1","1","7","5","5","2","9","60","3","10","4","1","H01","8","16","8","20","1","16","","60","60","1","21","8","H01","24.143166","120.680212","2"
"2019","8","11","10","34","臺中市","北屯區","0","0","0","6","","","50","","","","","","","","","","","","","","","","","","","","B03","","","1","","2","","","40","","1","21","","B03","24.183602","120.6963","3"
"2019","8","11","10","40","臺中市","大肚區","0","1","0","7","1","5","50","4","2","1","4","4","5","7","4","4","5","5","4","2","17","14","2","8","1","1","C03","7","12","1","10","2","14","","14","14","1","5","8","C03","24.148335","120.546628","2"
"2019","8","11","10","52","臺中市","豐原區","0","0","0","6","","","50","","","","","","","","","","","","","","","","","","","","B03","","","1","","2","","","16","","1","21","","B03","24.277433","120.722361","3"
"2019","8","11","10","53","臺中市","西屯區","0","1","0","6","1","5","50","14","8","1","4","4","5","7","4","4","1","4","4","2","17","6","3","10","1","1","B03","7","6","1","8","2","5","","6","6","1","22","8","B03","24.164408","120.642723","2"
"2019","8","11","11","0","臺中市","大肚區","0","0","0","8","","","40","","","","","","","","","","","","","","","","","","","","B03","","","1","","2","","","12","","1","21","","B03","24.119818","120.578893","3"
"2019","8","11","11","3","臺中市","梧棲區","0","0","0","8","","","70","","","","","","","","","","","","","","","","","","","","B03","","","1","","2","","","23","","1","","","B03","24.249357","120.538128","3"
"2019","8","11","11","11","臺中市","北區","0","1","0","6","1","5","50","4","1","1","4","4","5","7","1","1","1","2","4","2","16","23","3","10","1","1","C03","7","9","1","10","2","11","","23","23","1","21","8","C03","24.155573","120.699023","2"
"2019","8","11","11","15","臺中市","北區","0","1","0","6","1","5","50","14","9","1","4","4","5","7","4","4","5","5","5","2","3","51","3","10","1","1","B03","7","9","1","8","2","2","","44","51","1","22","8","B03","24.158179","120.679955","2"
"2019","8","11","11","30","臺中市","南屯區","0","0","0","6","","","50","","","","","","","","","","","","","","","","","","","","B03","","","1","","2","","","19","","1","21","","B03","24.148415","120.634885","3"
"2019","8","11","11","30","臺中市","太平區","0","0","0","6","","","50","","","","","","","","","","","","","","","","","","","","B03","","","1","","2","","","17","","1","5","","B03","24.129071","120.730471","3"
"2019","8","11","11","35","臺中市","東區","0","1","0","6","1","5","50","4","1","1","4","4","5","7","3","1","10","5","5","2","12","44","3","10","1","1","B03","7","11","1","8","2","8","","44","44","1","22","8","B03","24.138798","120.694418","2"
"2019","8","11","11","37","臺中市","西屯區","0","0","0","6","","","40","","","","","","","","","","","","","","","","","","","","B03","","","1","","2","","","23","","1","","","B03","24.164803","120.645199","3"
"2019","8","11","11","38","臺中市","北區","0","1","0","6","1","5","50","14","9","1","4","4","5","7","4","4","10","5","5","2","13","23","2","9","1","1","B03","7","9","6","18","2","1","","23","23","1","22","8","B03","24.155021","120.689046","2"
"2019","8","11","11","40","臺中市","沙鹿區","0","0","0","8","","","50","","","","","","","","","","","","","","","","","","","","B03","","","1","","2","","","23","","1","4","","B03","24.228809","120.573906","3"
"2019","8","11","11","44","臺中市","北區","0","0","0","6","","","50","","","","","","","","","","","","","","","","","","","","B01","","","1","","2","","","23","","1","21","","B01","24.160355","120.66539","3"
"2019","8","11","11","49","臺中市","西屯區","0","2","0","6","1","5","50","14","9","1","4","4","5","7","4","4","9","4","5","2","16","19","2","9","1","1","C03","7","1","1","10","2","11","","19","19","1","22","9","C03","24.201158","120.627176","2"
"2019","8","11","11","50","臺中市","霧峰區","0","1","0","6","1","5","40","14","9","1","4","4","5","7","4","4","9","5","5","1","17","12","3","10","1","1","B03","7","2","1","8","2","15","","12","12","1","22","8","B03","24.065935","120.69003","2"
"2019","8","11","11","51","臺中市","石岡區","0","0","0","6","","","70","","","","","","","","","","","","","","","","","","","","B03","","","1","","2","","","23","","1","22","","B03","24.267778","120.803486","3"
"2019","8","11","11","54","臺中市","西屯區","0","0","0","6","","","50","","","","","","","","","","","","","","","17","","","","","B03","","","1","","2","","","23","17","1","22","","B03","24.165955","120.647118","3"
"2019","8","11","12","15","臺中市","大里區","0","0","0","6","","","50","","","","","","","","","","","","","","","","","","","","B03","","","1","","2","","","23","","1","19","","B03","24.102403","120.688393","3"
"2019","8","11","12","25","臺中市","西屯區","0","0","0","8","","","50","","","","","","","","","","","","","","","","","","","","B03","","","1","","2","","","23","","1","","","B03","24.160631","120.645196","4"
"2019","8","11","12","25","臺中市","東勢區","0","0","0","6","","","50","","","","","","","","","","","","","","","","","","","","B03","","","1","","2","","","23","","1","22","","B03","24.257576","120.829394","3"
"2019","8","11","12","26","臺中市","西區","0","0","0","6","","","50","","","","","","","","","","","","","","","","","","","","B03","","","1","","2","","","23","","1","22","","B03","24.154748","120.659782","3"
"2019","8","11","12","26","臺中市","北區","0","2","0","7","1","5","50","14","7","1","4","4","5","7","4","4","1","4","4","2","12","17","2","9","1","1","C03","7","9","1","10","2","14","","17","17","1","22","8","C03","24.16221","120.670123","2"
"2019","8","11","12","27","臺中市","西屯區","0","0","0","6","","","40","","","","","","","","","","","","","","","","","","","","B03","","","1","","2","","","23","","1","22","","B03","24.170916","120.636661","3"
"2019","8","11","12","28","臺中市","北區","0","0","0","8","","","50","","","","","","","","","","","","","","","","3","","","","B03","","","1","","2","","","16","","1","22","","B03","24.165385","120.680509","3"
"2019","8","11","12","40","臺中市","東區","0","1","0","6","1","5","50","14","7","1","4","4","5","7","4","4","9","4","4","2","16","19","3","10","1","1","B03","7","1","1","7","2","7","","19","19","1","22","8","B03","24.140349","120.705128","2"
"2019","8","11","12","43","臺中市","西區","0","1","0","7","1","5","50","4","1","1","4","4","5","7","4","4","10","5","5","2","15","26","3","10","3","4","B03","7","9","1","10","2","5","","26","26","1","21","8","B03","24.147113","120.674108","2"
"2019","8","11","12","50","臺中市","大里區","0","1","0","8","1","5","50","14","9","1","5","4","5","7","4","4","5","4","5","1","17","40","3","10","1","1","B03","7","13","1","3","2","4","","40","40","1","12","7","B03","24.115125","120.677256","2"
"2019","8","11","12","50","臺中市","東勢區","0","1","0","6","1","5","50","14","9","1","4","4","5","7","4","4","9","4","5","1","16","23","2","9","1","1","C03","7","9","1","10","1","11","","23","23","1","5","8","C03","24.261851","120.828818","2"
"2019","8","11","12","59","臺中市","西區","0","0","0","6","","","50","","","","","","","","","","","","","","","23","3","","","","B11","","","1","","2","","","23","23","","5","","B11","24.132158","120.664912","3"
"2019","8","11","13","0","臺中市","南區","0","2","0","6","1","5","50","14","7","1","4","4","5","7","4","4","10","5","5","2","13","23","3","10","1","1","B03","7","9","1","8","2","1","","23","23","1","4","8","B03","24.124733","120.657009","2"
"2019","8","11","13","7","臺中市","神岡區","0","2","0","8","1","5","50","14","9","1","5","4","5","7","4","4","5","5","5","1","16","19","2","8","3","4","F03","7","1","8","20","2","16","","19","19","1","22","7","F03","24.243781","120.682834","2"
"2019","8","11","13","13","臺中市","潭子區","0","0","0","8","1","5","50","11","9","1","5","4","5","7","1","1","9","4","5","1","12","16","3","10","1","1","C03","7","5","1","10","2","11","","16","16","1","21","8","C03","24.197128","120.701309","3"
"2019","8","11","13","14","臺中市","西區","0","1","0","6","1","5","50","4","1","1","4","4","5","7","1","1","10","5","5","2","16","42","3","10","1","1","B03","7","6","1","8","2","5","","42","42","1","21","8","B03","24.13164","120.667413","2"
"2019","8","11","13","14","臺中市","西區","0","1","0","7","1","5","50","4","1","1","4","4","5","7","1","1","10","5","5","2","18","23","2","9","1","1","C03","7","9","1","10","2","14","","23","23","1","21","8","C03","24.131546","120.667578","2"
"2019","8","11","13","25","臺中市","西區","0","0","0","8","","","50","","","","","","","","","","","","","","","42","3","","","","B03","","","1","","2","","","42","42","1","21","","B03","24.15488","120.660946","3"
"2019","8","11","13","26","臺中市","大里區","0","0","0","8","","","50","","","","","","","","","","","","","","","","","","","","B03","","","1","","2","","","23","","1","3","","B03","24.119705","120.688917","3"
"2019","8","11","13","41","臺中市","南屯區","0","0","0","8","","","40","","","","","","","","","","","","","","","","","","","","B03","","","1","","2","","","12","","1","21","","B03","24.137569","120.637402","3"
"2019","8","11","13","45","臺中市","大里區","0","1","0","8","1","5","50","3","1","1","4","4","5","7","1","1","9","2","5","1","16","18","3","10","1","1","B12","7","3","1","8","2","3","","18","18","1","22","8","B12","24.10843","120.6901","2"
"2019","8","11","13","53","臺中市","潭子區","0","0","0","8","1","5","50","14","7","1","4","4","5","7","4","4","8","3","4","2","12","","","","","","B03","","","1","","2","","","23","","1","","","B03","24.206346","120.679605","3"
"2019","8","11","14","16","臺中市","烏日區","0","0","0","8","","","50","","","","","","","","","","","","","","","","","","","","B12","","","1","","4","","","25","","1","21","","B12","24.09344","120.649068","3"
"2019","8","11","14","22","臺中市","沙鹿區","0","1","0","8","1","5","50","4","1","1","5","4","5","7","2","1","10","5","5","2","16","25","3","10","1","1","B03","7","9","1","8","2","1","","25","25","1","4","8","B03","24.2394","120.564638","2"
"2019","8","11","14","35","臺中市","北屯區","0","0","0","8","","","50","","","","","","","","","","","","","","","43","","","","","B03","","","1","8","2","","","43","43","1","21","","B03","24.164943","120.695286","3"
"2019","8","11","14","40","臺中市","大雅區","0","0","0","8","","","50","","","","","","","","","","","","","","","","","","","","B12","","","1","","2","","","16","","1","","","B12","24.213698","120.649815","3"
"2019","8","11","14","50","臺中市","南屯區","0","0","0","8","","","50","","","","","","","","","","","","","","","","","","","","B03","","","1","","2","","","12","","1","","","B03","24.159419","120.610864","3"
"2019","8","11","14","51","臺中市","大甲區","0","1","0","8","1","5","50","4","1","1","5","4","5","7","4","4","10","5","5","2","17","6","2","9","1","1","C03","7","9","1","10","7","12","","6","6","1","9","9","C03","24.375067","120.626434","2"
"2019","8","11","14","52","臺中市","沙鹿區","0","0","0","8","","","50","","","","","","","","","","","","","","","23","","","","","B03","","","1","","2","","","23","23","1","21","","B03","24.238171","120.559397","3"
"2019","8","11","14","55","臺中市","南屯區","0","0","0","8","","","40","","","","","","","","","","","","","","","","","","","","C03","","","7","","11","","","18","","2","","","C03","24.148602","120.636165","3"
"2019","8","11","14","57","臺中市","南區","0","0","0","6","1","5","50","14","7","1","4","4","5","7","1","1","1","2","4","2","13","23","3","10","1","1","B03","7","9","1","8","2","1","","23","23","1","22","8","B03","24.12637","120.671478","3"
"2019","8","11","15","2","臺中市","太平區","0","0","0","6","","","50","","","","","","","","","","","","","","","","","","","","G03","","","3","","2","","","26","","1","9","","G03","24.128059","120.731477","3"
"2019","8","11","15","8","臺中市","東區","0","0","0","6","","","40","","","","","","","","","","","","","","","42","3","","","","C03","","","1","","2","","","42","42","","22","","C03","24.144551","120.709328","3"
"2019","8","11","15","12","臺中市","西區","0","1","0","6","1","5","50","3","2","1","4","4","5","7","4","4","10","5","5","2","17","23","2","7","1","1","B03","7","6","1","8","2","1","","23","23","1","5","5","B03","24.144944","120.649892","2"
"2019","8","11","15","14","臺中市","西區","0","1","0","6","1","5","40","4","1","1","4","4","5","7","1","1","10","5","5","2","17","43","2","9","3","4","C03","7","9","1","10","2","12","","43","43","1","21","8","C03","24.15827","120.657928","2"
"2019","8","11","15","20","臺中市","清水區","0","1","0","8","1","5","50","4","2","1","5","4","5","7","1","1","5","4","5","1","15","25","2","9","1","1","C03","7","9","1","10","2","11","","25","25","1","7","7","C03","24.275416","120.57746","2"
"2019","8","11","15","27","臺中市","北屯區","0","0","0","6","","","50","","","","","","","","","","","","","","","","","","","","B03","","","1","","2","","","23","","1","5","","B03","24.174406","120.715195","3"
"2019","8","11","15","32","臺中市","西屯區","0","0","0","6","","","40","","","","","","","","","","","","","","","5","","","","","B12","","","1","","2","","","5","5","1","22","","B12","24.1782489","120.64153","3"
"2019","8","11","15","34","臺中市","梧棲區","0","3","0","8","1","5","70","4","1","1","5","4","5","7","1","1","10","5","5","2","12","23","2","9","3","4","C03","7","9","3","18","2","11","","23","23","1","21","8","C03","24.239032","120.549632","2"
"2019","8","11","15","39","臺中市","豐原區","0","0","0","6","","","50","","","","","","","","","","","","","","","","","","","","B03","","","1","","2","","","17","","1","21","","B03","24.249225","120.701072","3"
"2019","8","11","15","40","臺中市","大里區","0","2","0","7","1","5","50","3","1","1","5","4","5","7","1","1","10","5","5","2","16","6","3","10","1","1","A02","7","11","1","1","2","4","","6","6","1","10","8","A02","24.118961","120.683691","2"
"2019","8","11","15","40","臺中市","龍井區","0","0","0","","","","","","","","","","","","","","","","","","","","","","","","B03","","","1","","2","","","7","","1","22","","B03","24.183123","120.592685","3"
"2019","8","11","15","58","臺中市","北屯區","0","0","0","8","","","50","","","","","","","","","","","","","","","23","","","","","B03","","","1","8","2","","","23","23","1","21","","B03","24.173928","120.685696","3"
"2019","8","11","16","0","臺中市","豐原區","0","1","0","8","1","5","50","4","1","1","5","4","5","7","1","1","5","4","4","2","17","6","3","10","1","1","B03","7","6","1","8","2","6","","6","6","2","12","8","B03","24.25011","120.710081","2"
"2019","8","11","16","5","臺中市","神岡區","0","0","0","6","","","60","","","","","","","","","","","","","","","25","","","","","B12","","","1","","2","","","25","25","1","22","","B12","24.282435","120.674343","3"
"2019","8","11","16","7","臺中市","大雅區","0","2","0","6","1","5","50","3","1","1","4","4","5","7","1","1","1","4","4","1","17","19","2","9","1","1","C03","7","1","1","10","2","13","","19","19","1","21","8","C03","24.220379","120.657718","2"
"2019","8","11","16","12","臺中市","南屯區","0","0","0","8","","","50","","","","","","","","","","","","","","","","","","","","B12","","","1","","2","","","25","","1","","","B12","24.135909","120.646484","3"
"2019","8","11","16","12","臺中市","東勢區","0","0","0","6","","","50","","","","","","","","","","","","","","","","","","","","B03","","","1","","2","","","19","","","5","","B03","24.244718","120.837943","3"
"2019","8","11","16","14","臺中市","西區","0","0","0","8","","","50","","","","","","","","","","","","","","","","","","","","B03","","","1","","2","","","23","","1","21","","B03","24.148213","120.661659","3"
"2019","8","11","16","15","臺中市","北區","0","0","0","8","","","50","","","","","","","","","","","","","","","","","","","","B12","","","1","","2","","","23","","1","22","","B12","24.155284","120.685912","3"
"2019","8","11","16","18","臺中市","東區","0","1","0","6","1","5","50","4","1","1","4","4","5","7","3","1","10","5","5","2","15","6","3","10","1","1","B03","7","9","1","8","2","4","","6","6","1","22","8","B03","24.135082","120.704754","2"
"2019","8","11","16","34","臺中市","東區","0","2","0","6","1","5","50","3","1","1","4","4","5","7","4","4","10","5","5","2","17","23","3","10","1","1","B03","7","6","1","8","2","2","","23","23","1","5","8","B03","24.143855","120.709895","2"
"2019","8","11","16","38","臺中市","東區","0","1","0","7","1","5","50","4","1","1","4","4","5","7","1","1","10","5","5","2","16","6","3","10","1","1","B03","7","5","1","8","2","1","","6","6","1","4","5","B03","24.126396","120.688441","2"
"2019","8","11","16","45","臺中市","大甲區","0","1","0","8","1","5","50","14","9","1","5","4","5","7","4","4","5","5","5","1","17","19","3","10","1","1","B03","7","1","1","8","2","1","","19","19","1","22","9","B03","24.344126","120.625994","2"
"2019","8","11","16","48","臺中市","北區","0","1","0","7","1","5","50","14","9","1","4","4","5","7","4","4","9","5","5","2","16","10","3","10","1","1","B03","7","11","1","8","2","8","","10","10","1","22","8","B03","24.1667","120.6803","2"
"2019","8","11","16","50","臺中市","龍井區","0","1","0","8","1","5","50","11","9","1","5","4","5","7","4","4","5","5","5","1","17","23","3","10","3","4","B03","7","9","1","8","2","5","","23","23","1","22","9","B03","24.192559","120.579389","2"
"2019","8","11","17","0","臺中市","南屯區","0","2","0","6","1","5","40","14","8","1","4","4","5","7","4","4","1","4","1","2","18","13","2","9","1","1","C03","7","9","1","10","2","11","","13","13","1","21","8","C03","24.134636","120.623372","2"
"2019","8","11","17","5","臺中市","南區","0","1","0","8","1","5","50","3","1","1","5","4","5","7","4","4","10","5","5","2","16","6","3","10","1","1","C03","7","5","1","10","2","11","","6","6","1","5","8","C03","24.113778","120.656156","2"
"2019","8","11","17","5","臺中市","南屯區","0","0","0","6","","","50","","","","","","","","","","","","","","","","","","","","B03","","","1","","2","","","16","","1","","","B03","24.153982","120.646698","3"
"2019","8","11","17","15","臺中市","南屯區","0","0","0","8","","","50","","","","","","","","","","","","","","","","3","","","","B03","","","1","","2","","","23","","1","22","","B03","24.129878","120.634744","3"
"2019","8","11","17","15","臺中市","大雅區","0","0","0","8","","","50","","","","","","","","","","","","","","","","","","","","B03","","","1","","2","","","26","","1","","","B03","24.210099","120.650568","3"
"2019","8","11","17","23","臺中市","西區","0","1","0","8","1","5","50","4","1","1","5","4","5","7","4","4","5","4","4","1","16","6","3","10","1","1","B03","7","9","1","8","2","8","","6","6","1","21","8","B03","24.138513","120.655236","2"