"年","月","日","時","分","縣市","區","死","受傷","2-30","天候","光線","道路類別","速限","道路型態","事故位置","路面鋪裝","路面狀態","路面缺陷","障礙物","視距","號誌種類","號誌動作","分向設施","快車道或一般車道間","快慢車道間","路面邊線","事故類型及型態","主要肇因","受傷程度","主要傷處","保護裝備","行動電話","當事者區分(類別)","車輛用途","當事者行動狀態","駕駛資格情形","駕駛執照種類","飲酒情形","車輛撞擊部位最初","車輛撞擊部位其他","肇事因素個別","肇事因素主要","肇事逃逸","職業","旅次目的","車種","GPS座標(緯度)","GPS座標(經度)","事故類別"
"2019","8","11","17","23","臺中市","南區","0","1","0","7","1","5","50","3","1","1","4","4","5","7","1","1","10","5","5","2","13","23","3","10","1","1","B01","7","5","1","4","2","5","","23","23","1","10","4","B01","24.126233","120.68859","2"
"2019","8","11","17","25","臺中市","北屯區","0","1","0","7","2","5","50","3","1","1","4","4","5","6","4","4","10","5","5","2","15","6","2","9","1","1","C03","7","9","1","10","2","12","","6","6","1","5","8","C03","24.17017","120.700628","2"
"2019","8","11","17","28","臺中市","西屯區","0","0","0","6","","","50","","","","","","","","","","","","","","","","","","","","B03","","","1","","2","","","16","","1","22","","B03","24.167098","120.635265","3"
"2019","8","11","17","32","臺中市","大肚區","0","0","0","","","","","","","","","","","","","","","","","","","","","","","","B03","","","1","","2","","","7","","1","22","","B03","24.168193","120.583289","3"
"2019","8","11","17","53","臺中市","北區","0","2","0","7","1","5","50","4","1","1","5","4","5","7","2","1","10","5","5","2","16","6","3","10","1","1","B03","7","11","1","8","2","2","","6","6","1","22","8","B03","24.147936","120.684462","2"
"2019","8","11","17","55","臺中市","北屯區","0","0","0","7","","","50","","","","","","","","","","","","","","","16","","","","","B03","","","1","8","2","","","16","16","1","21","","B03","24.172451","120.685441","3"
"2019","8","11","17","58","臺中市","北屯區","0","0","0","8","","","50","","","","","","","","","","","","","","","","","","","","B03","","","1","","2","","","6","","1","","","B03","24.190492","120.686989","3"
"2019","8","11","18","5","臺中市","霧峰區","0","0","0","8","1","5","40","14","9","1","5","4","5","7","4","4","10","4","5","1","11","17","3","10","1","1","B01","7","9","1","4","2","4","","17","17","1","10","8","B01","24.072128","120.656661","3"
"2019","8","11","18","10","臺中市","西屯區","0","0","0","6","","","60","","","","","","","","","","","","","","","","","","","","B03","","","1","","2","","","9","","1","22","","B03","24.177315","120.626891","4"
"2019","8","11","18","16","臺中市","北區","0","0","0","8","","","50","","","","","","","","","","","","","","","","","","","","B03","","","1","","2","","","26","","1","22","","B03","24.1462","120.686","3"
"2019","8","11","18","18","臺中市","神岡區","0","0","0","8","","","50","","","","","","","","","","","","","","","","","","","","B03","","","1","","9","","","42","","2","","","B03","24.264425","120.657016","3"
"2019","8","11","18","23","臺中市","豐原區","0","0","0","8","","","50","","","","","","","","","","","","","","","7","","","","","A05","","","1","","9","","","44","7","2","21","","A05","24.274124","120.733063","3"
"2019","8","11","18","32","臺中市","潭子區","0","3","0","8","3","5","50","4","1","1","5","4","5","7","4","4","10","5","5","2","15","6","2","9","1","1","C04","7","9","1","10","11","11","","6","6","2","21","8","C04","24.203523","120.707076","2"
"2019","8","11","18","36","臺中市","西屯區","0","1","0","6","3","5","50","14","9","1","4","4","5","7","4","4","5","4","5","2","16","19","3","10","3","4","B03","7","1","1","8","2","8","","19","19","1","22","9","B03","24.165212","120.634723","2"
"2019","8","11","18","47","臺中市","龍井區","0","2","0","6","3","5","50","14","13","1","4","4","5","7","4","4","5","5","5","1","3","51","2","9","4","5","H01","8","16","8","20","10","16","","51","51","1","9","1","H01","24.186588","120.545459","2"
"2019","8","11","18","49","臺中市","梧棲區","0","0","0","6","","","40","","","","","","","","","","","","","","","","","","","","B12","","","1","","2","","","12","","1","9","","B12","24.259605","120.530858","4"
"2019","8","11","18","50","臺中市","大甲區","0","1","0","7","3","5","50","4","1","1","5","4","5","7","1","1","10","5","5","1","17","6","3","10","1","1","B03","7","5","1","8","2","4","","6","6","1","22","8","B03","24.351516","120.621115","2"
"2019","8","11","18","58","臺中市","南屯區","0","1","0","6","3","5","50","4","18","1","4","4","5","7","2","1","10","5","5","2","3","15","3","10","3","4","B03","7","5","1","8","2","1","","15","15","1","22","9","B03","24.144013","120.643288","2"
"2019","8","11","19","0","臺中市","南屯區","0","1","0","6","3","5","50","4","1","1","4","4","5","7","2","1","10","5","5","2","18","23","2","9","3","4","C03","7","9","1","10","2","14","","23","23","1","22","9","C03","24.155819","120.636409","2"
"2019","8","11","19","0","臺中市","大里區","0","1","0","6","3","5","40","4","1","1","4","4","5","7","4","4","10","5","5","2","17","6","2","9","1","1","C03","7","9","1","10","2","14","","6","6","1","21","5","C03","24.09773","120.70399","2"
"2019","8","11","19","3","臺中市","西屯區","0","0","0","8","","","50","","","","","","","","","","","","","","","","","","","","B03","","","1","","2","","","10","","1","4","","B03","24.185956","120.621733","3"
"2019","8","11","19","4","臺中市","潭子區","0","0","0","6","","","40","","","","","","","","","","","","","","","","","","","","B03","","","1","","2","","","12","","1","5","","B03","24.20384","120.679823","3"
"2019","8","11","19","14","臺中市","大甲區","0","0","0","6","4","2","50","14","1","1","4","4","5","7","1","1","1","3","4","1","15","21","3","10","1","1","B03","7","9","6","18","6","1","","21","21","1","22","3","B03","24.341649","120.618006","3"
"2019","8","11","19","18","臺中市","北區","0","0","0","6","","","50","","","","","","","","","","","","","","","","","","","","C03","","","1","","2","","","25","","1","22","","C03","24.155799","120.681524","3"
"2019","8","11","19","30","臺中市","南屯區","0","0","0","6","","","50","","","","","","","","","","","","","","","","","","","","C03","","","1","","2","","","23","","1","","","C03","24.149758","120.61317","3"
"2019","8","11","19","47","臺中市","西屯區","0","0","0","6","","","70","","","","","","","","","","","","","","","","","","","","B03","","","1","","2","","","42","","1","22","","B03","24.17782","120.626638","4"
"2019","8","11","20","4","臺中市","北區","0","0","0","8","","","50","","","","","","","","","","","","","","","","","","","","A02","","","1","","2","","","23","","1","22","","A02","24.1631","120.6746","3"
"2019","8","11","20","21","臺中市","沙鹿區","0","0","0","6","","","50","","","","","","","","","","","","","","","","","","","","B03","","","1","","2","","","12","","1","21","","B03","24.241637","120.564942","3"
"2019","8","11","20","27","臺中市","大雅區","0","2","0","8","1","5","50","4","1","1","5","4","5","7","1","1","10","5","5","2","16","16","3","10","1","1","C03","7","6","3","18","2","12","","27","16","1","22","9","C03","24.226087","120.646716","2"
"2019","8","11","20","40","臺中市","西屯區","0","0","0","6","","","50","","","","","","","","","","","","","","","","","","","","B03","","","1","","2","","","17","","1","22","","B03","24.188981","120.616063","3"
"2019","8","11","21","10","臺中市","西區","0","1","0","8","3","5","50","4","1","1","4","4","5","7","2","1","5","2","5","2","16","42","2","8","1","1","C03","7","9","1","10","2","11","","44","42","1","22","8","C03","24.140224","120.677184","2"
"2019","8","11","21","20","臺中市","梧棲區","0","1","0","8","3","5","50","4","1","1","5","4","5","7","4","4","10","5","5","2","11","4","2","9","1","1","C03","7","9","3","18","8","12","","4","4","1","5","8","C03","24.257179","120.536221","2"
"2019","8","11","21","24","臺中市","南屯區","0","1","0","8","3","5","40","3","2","1","5","4","5","7","4","4","5","5","4","2","16","26","3","10","3","4","B01","7","11","1","4","2","7","","26","26","1","10","9","B01","24.153622","120.652163","2"
"2019","8","11","21","35","臺中市","神岡區","0","0","0","8","","","50","","","","","","","","","","","","","","","17","","","","","B12","","","1","","2","","","17","17","1","22","","B12","24.271043","120.657303","3"
"2019","8","11","21","45","臺中市","潭子區","0","0","0","8","","","50","","","","","","","","","","","","","","","","","","","","B12","","","1","","2","","","8","","1","5","","B12","24.212083","120.711985","3"
"2019","8","11","21","46","臺中市","北屯區","0","2","0","8","3","5","50","4","1","1","5","4","5","7","2","1","10","5","5","2","17","6","3","10","3","4","B03","7","5","1","8","2","1","","6","6","1","21","8","B03","24.174828","120.685771","2"
"2019","8","11","22","39","臺中市","西屯區","0","1","0","8","3","5","50","4","2","1","5","4","5","7","3","1","5","5","5","2","15","6","2","9","3","4","C03","7","9","1","10","2","11","","6","6","1","22","9","C03","24.172801","120.647447","2"
"2019","8","11","22","45","臺中市","神岡區","0","1","0","7","3","5","50","4","2","1","4","4","5","7","1","1","5","5","4","2","13","16","3","10","1","1","B03","7","9","1","8","2","1","","16","16","1","22","9","B03","24.264091","120.69924","2"
"2019","8","11","23","3","臺中市","霧峰區","0","0","0","8","","","50","","","","","","","","","","","","","","","","","","","","B03","","","1","","2","","","10","","1","21","","B03","24.066102","120.691702","3"
"2019","8","11","23","48","臺中市","西區","0","0","0","8","","","50","","","","","","","","","","","","","","","","","","","","B03","","","1","","2","","","16","","1","22","","B03","24.159062","120.661037","3"
"2019","8","12","0","24","臺中市","潭子區","0","1","0","8","3","5","60","14","7","1","5","3","5","7","4","4","1","4","4","1","18","23","2","9","1","1","C03","7","9","1","10","2","14","","23","23","1","21","8","C03","24.216738","120.68844","2"
"2019","8","12","1","31","臺中市","外埔區","0","1","0","7","3","5","50","4","13","1","4","4","5","7","4","4","5","5","4","1","17","42","2","9","1","1","B03","7","9","1","8","2","1","","42","42","1","21","8","B03","24.325451","120.659666","2"
"2019","8","12","1","40","臺中市","潭子區","0","1","0","6","3","5","50","14","9","1","4","4","5","6","4","4","5","5","5","1","17","42","3","10","1","1","B12","7","9","1","8","2","1","","42","42","1","21","8","B12","24.218059","120.715075","2"
"2019","8","12","2","14","臺中市","中區","0","1","0","8","3","5","50","4","1","1","4","4","5","7","1","1","10","4","5","2","15","25","3","10","1","1","B03","7","9","1","8","2","7","","25","25","1","22","8","B03","24.140752","120.679818","2"
"2019","8","12","5","53","臺中市","北區","0","1","0","6","1","5","50","4","1","1","4","4","5","7","3","1","9","4","4","2","16","6","3","10","1","1","B03","7","9","1","8","2","8","","6","6","1","5","8","B03","24.15743","120.67567","2"
"2019","8","12","6","45","臺中市","烏日區","0","1","0","6","2","5","50","14","9","1","4","4","5","7","4","4","5","4","5","1","18","43","2","9","1","1","C04","7","12","1","10","2","12","","43","43","1","22","8","C04","24.064911","120.642315","2"
"2019","8","12","6","53","臺中市","北區","0","1","0","6","1","5","50","4","2","1","4","4","5","7","4","4","10","5","5","2","17","6","3","10","3","4","B03","7","6","3","18","2","15","","6","6","1","5","8","B03","24.15924","120.694316","2"
"2019","8","12","7","10","臺中市","大甲區","0","0","0","6","","","40","","","","","","","","","","","","","","","","","","","","B03","","","1","","2","","","12","","1","4","","B03","24.344413","120.62679","3"
"2019","8","12","7","16","臺中市","西屯區","0","0","0","8","","","50","","","","","","","","","","","","","","","48","","","","","B03","","","1","","2","","","23","48","1","","","B03","24.179643","120.619081","3"
"2019","8","12","7","17","臺中市","沙鹿區","0","0","0","8","","","40","","","","","","","","","","","","","","","","","","","","C03","","","1","","2","","","7","","1","21","","C03","24.235833","120.570599","3"
"2019","8","12","7","19","臺中市","北屯區","0","1","0","6","1","5","50","3","9","1","4","4","5","7","1","1","9","4","4","2","17","19","2","9","1","1","C03","7","1","1","10","2","13","","19","19","1","21","8","C03","24.164941","120.696763","2"
"2019","8","12","7","21","臺中市","潭子區","0","1","0","6","1","5","50","14","7","1","4","4","5","7","4","4","5","4","4","2","17","6","3","10","1","1","B03","7","1","1","8","2","1","","6","6","1","22","8","B03","24.213246","120.708203","2"
"2019","8","12","7","29","臺中市","西屯區","0","1","0","6","1","5","50","3","9","1","4","4","5","7","4","4","1","4","5","2","13","23","2","8","1","1","C03","7","9","1","10","2","11","","23","23","1","22","8","C03","24.185315","120.639351","2"
"2019","8","12","7","34","臺中市","北屯區","0","0","0","6","","","40","","","","","","","","","","","","","","","","","","","","B03","","","1","","2","","","25","","1","5","","B03","24.181768","120.682144","3"
"2019","8","12","7","36","臺中市","潭子區","0","0","0","6","","","50","","","","","","","","","","","","","","","","","","","","B01","","","1","","2","","","23","","1","","","B01","24.222435","120.692308","3"
"2019","8","12","7","40","臺中市","西區","0","0","0","6","","","50","","","","","","","","","","","","","","","23","","","","","C03","","","1","","9","","","23","23","2","","","C03","24.132162","120.661722","3"
"2019","8","12","7","40","臺中市","大甲區","0","1","0","6","1","5","40","3","1","1","4","4","5","7","4","4","10","5","5","1","16","6","3","10","1","1","B03","7","6","1","8","2","8","","6","6","1","4","8","B03","24.354923","120.63534","2"
"2019","8","12","7","40","臺中市","大雅區","0","0","0","6","","","40","","","","","","","","","","","","","","","","","","","","B03","","","1","","2","","","5","","1","22","","B03","24.23309","120.646","3"
"2019","8","12","7","45","臺中市","東區","0","0","0","6","1","5","50","3","1","1","4","4","5","7","1","1","10","5","5","2","12","17","3","10","1","1","B03","7","5","1","8","2","5","","17","17","1","22","8","B03","24.138641","120.69003","3"
"2019","8","12","7","45","臺中市","烏日區","0","0","0","6","","","80","","","","","","","","","","","","","","","","","","","","B03","","","1","","2","","","23","","1","","","B03","24.11104","120.620152","3"
"2019","8","12","7","47","臺中市","大里區","0","0","0","6","","","40","","","","","","","","","","","","","","","","","","","","B03","","","1","","2","","","23","","1","22","","B03","24.099883","120.691383","3"
"2019","8","12","7","48","臺中市","西屯區","0","0","0","6","","","50","","","","","","","","","","","","","","","19","","","","","B03","","","1","","2","","","23","19","1","","","B03","24.183688","120.645255","3"
"2019","8","12","7","53","臺中市","龍井區","0","1","0","6","1","5","40","14","9","1","4","4","5","7","4","4","10","5","5","1","17","19","3","10","1","1","B03","7","1","1","8","2","15","","19","19","2","12","1","B03","24.194605","120.535446","2"
"2019","8","12","7","53","臺中市","后里區","0","1","0","6","1","5","50","4","18","1","4","4","5","7","1","1","10","5","5","2","3","15","3","10","1","1","B03","7","5","1","8","2","1","","15","15","1","21","8","B03","24.309133","120.730533","2"
"2019","8","12","7","57","臺中市","大里區","0","1","0","6","1","5","50","14","9","1","4","4","5","7","4","4","9","4","5","1","17","3","3","10","2","1","F03","7","15","8","20","2","15","","3","3","1","12","8","F03","24.109996","120.713743","2"
"2019","8","12","8","0","臺中市","大里區","0","1","0","6","1","5","50","14","7","1","4","4","5","7","4","4","5","5","4","2","16","23","3","10","1","1","B03","7","6","1","8","2","4","","23","23","1","9","1","B03","24.094348","120.714735","2"
"2019","8","12","8","0","臺中市","神岡區","0","1","0","6","1","5","50","14","9","1","4","4","5","7","4","4","9","5","5","2","17","6","3","10","3","4","B03","7","5","1","8","2","5","","6","6","1","4","1","B03","24.262973","120.679696","2"
"2019","8","12","8","1","臺中市","龍井區","0","0","0","6","1","6","35","14","9","1","4","4","5","7","4","4","6","1","5","1","12","23","3","10","3","4","B03","7","9","1","8","2","2","2","23","23","1","5","1","B03","24.209796","120.548377","3"
"2019","8","12","8","2","臺中市","西屯區","0","1","0","6","1","5","40","14","22","1","4","4","5","7","4","4","1","4","5","2","13","23","2","9","3","4","C03","7","9","1","10","2","11","","23","23","1","21","8","C03","24.172635","120.626564","2"
"2019","8","12","8","2","臺中市","烏日區","0","0","0","","","","","","","","","","","","","","","","","","","23","","","","","","","","","","","","","","","","","","","24.0796","120.6433","3"
"2019","8","12","8","2","臺中市","潭子區","0","2","0","6","1","5","60","4","1","1","4","4","5","7","1","1","1","4","4","1","15","25","2","8","1","1","C03","7","9","1","10","2","11","","25","25","1","22","8","C03","24.227097","120.705867","2"
"2019","8","12","8","3","臺中市","大雅區","0","2","0","6","1","5","50","14","12","1","4","4","5","7","4","4","1","4","4","1","13","16","3","10","1","1","B12","7","6","1","8","2","15","","6","16","1","22","8","B12","24.2159","120.670569","2"
"2019","8","12","8","4","臺中市","大雅區","0","1","0","6","1","5","50","3","2","1","4","4","5","7","1","1","1","4","4","1","18","23","2","9","1","1","C03","7","9","1","10","2","12","","23","23","1","22","8","C03","24.215861","120.670783","2"
"2019","8","12","8","8","臺中市","西區","0","0","0","6","","","60","","","","","","","","","","","","","","","","","","","","B03","","","1","","2","","","17","","1","1","","B03","24.151925","120.668228","3"
"2019","8","12","8","10","臺中市","北區","0","1","0","6","1","5","50","14","9","1","4","3","5","7","4","4","5","4","5","2","18","23","2","9","1","1","C03","7","9","1","10","2","15","","23","23","1","22","8","C03","24.146637","120.674851","2"
"2019","8","12","8","10","臺中市","大里區","0","0","0","6","1","5","40","14","9","1","4","4","5","7","4","4","5","3","5","1","14","","","","","","B12","","","1","","2","","","18","","","","","B12","24.103357","120.710831","3"
"2019","8","12","8","15","臺中市","南屯區","0","0","0","6","","","50","","","","","","","","","","","","","","","","","","","","B03","","","1","","2","","","23","","1","22","","B03","24.119828","120.62678","3"
"2019","8","12","8","23","臺中市","潭子區","0","1","0","6","1","5","40","11","9","1","4","4","5","7","4","4","10","5","5","1","11","5","2","9","1","1","C03","7","9","1","10","2","14","","5","5","1","21","8","C03","24.191393","120.716318","2"
"2019","8","12","8","30","臺中市","西屯區","0","0","0","6","","","50","","","","","","","","","","","","","","","","","","","","B03","","","1","","2","","","23","","1","22","","B03","24.172036","120.635167","3"
"2019","8","12","8","31","臺中市","大肚區","0","0","0","6","","","40","","","","","","","","","","","","","","","","","","","","B12","","","1","","2","","","8","","1","21","","B12","24.169251","120.571469","3"
"2019","8","12","8","37","臺中市","東區","0","1","0","6","1","5","40","13","9","1","4","4","5","7","4","4","10","5","5","2","17","40","3","10","1","1","B03","7","13","1","8","2","4","","40","40","1","21","8","B03","24.143644","120.692954","2"
"2019","8","12","8","38","臺中市","北區","0","0","0","6","","","50","","","","","","","","","","","","","","","","3","","","","B03","","","1","","2","","","6","","1","22","","B03","24.159216","120.669156","3"
"2019","8","12","8","40","臺中市","大里區","0","0","0","6","1","5","50","4","2","1","4","4","5","7","2","1","5","2","5","1","13","16","3","10","1","1","B12","7","9","1","8","2","1","","16","16","1","21","8","B12","24.114922","120.674328","3"
"2019","8","12","8","42","臺中市","北屯區","0","0","0","6","1","5","50","4","1","1","4","4","5","7","1","1","9","5","5","2","12","1","3","9","1","1","B03","7","4","1","8","2","2","","1","1","1","21","8","B03","24.183653","120.682171","3"
"2019","8","12","8","43","臺中市","潭子區","0","0","0","6","","","60","","","","","","","","","","","","","","","17","","","","","B03","","","1","","2","","","17","17","1","22","","B03","24.197607","120.718146","3"
"2019","8","12","8","44","臺中市","太平區","0","1","0","6","1","5","50","14","9","1","4","4","5","7","4","4","5","5","5","1","17","23","2","9","1","1","C03","7","9","1","10","2","11","","23","23","1","21","8","C03","24.112935","120.729802","2"
"2019","8","12","8","48","臺中市","北屯區","0","0","0","6","","","70","","","","","","","","","","","","","","","","","","","","B03","","","1","","2","","","23","","1","5","","B03","24.172554","120.720893","3"
"2019","8","12","8","50","臺中市","大里區","0","0","0","6","","","50","","","","","","","","","","","","","","","","","","","","B03","","","1","","2","","","17","","1","22","","B03","24.099536","120.691226","3"
"2019","8","12","8","55","臺中市","大甲區","0","1","0","6","1","5","50","4","1","1","4","4","5","7","1","1","1","5","5","2","3","23","3","10","1","1","B03","7","5","1","7","2","1","","23","23","1","4","8","B03","24.381248","120.651268","2"
"2019","8","12","9","0","臺中市","霧峰區","0","0","0","6","","","40","","","","","","","","","","","","","","","","","","","","C03","","","1","","2","","","23","","1","22","","C03","24.078721","120.712491","3"
"2019","8","12","9","5","臺中市","北屯區","0","0","0","6","","","80","","","","","","","","","","","","","","","","","","","","B03","","","1","","2","","","16","","1","","","B03","24.169313","120.720818","3"
"2019","8","12","9","5","臺中市","霧峰區","0","0","0","6","","","40","","","","","","","","","","","","","","","","","","","","A11","","","1","","2","","","42","","1","10","","A11","24.069951","120.693323","3"
"2019","8","12","9","8","臺中市","北屯區","0","0","0","6","","","50","","","","","","","","","","","","","","","19","","","","","B03","","","1","","2","","","19","19","1","21","","B03","24.175091","120.719086","3"
"2019","8","12","9","8","臺中市","大里區","0","1","0","6","1","5","40","14","9","1","4","4","5","7","4","4","10","5","5","2","17","42","2","9","1","1","B03","7","9","1","8","2","5","","42","42","1","19","8","B03","24.12308","120.691739","2"
"2019","8","12","9","9","臺中市","北屯區","0","0","0","6","1","5","50","3","9","1","4","4","5","7","4","4","10","5","5","2","14","12","3","10","1","1","B03","7","2","1","8","2","3","","12","12","1","21","8","B03","24.187171","120.663495","3"
"2019","8","12","9","10","臺中市","南區","0","1","0","6","1","5","50","4","1","1","4","4","5","7","4","4","10","5","5","2","16","6","2","9","1","1","C03","7","5","1","10","2","12","","6","6","1","22","8","C03","24.120443","120.681131","2"
"2019","8","12","9","13","臺中市","后里區","0","0","0","6","","","50","","","","","","","","","","","","","","","","","","","","B12","","","1","","2","","","18","","1","","","B12","24.316543","120.718558","3"
"2019","8","12","9","15","臺中市","太平區","0","0","0","8","","","50","","","","","","","","","","","","","","","","","","","","B03","","","1","","2","","","16","","1","5","","B03","24.136063","120.716121","3"
"2019","8","12","9","16","臺中市","西屯區","0","0","0","6","","","40","","","","","","","","","","","","","","","19","","","","","B03","","","1","","2","","","23","19","1","","","B03","24.161974","120.651311","3"
"2019","8","12","9","22","臺中市","西區","0","1","0","6","1","5","50","3","1","1","4","4","5","7","4","4","1","5","1","2","16","6","3","10","1","1","B03","7","6","1","8","2","8","","6","6","1","21","8","B03","24.152162","120.668645","2"
"2019","8","12","9","24","臺中市","西屯區","0","0","0","6","","","50","","","","","","","","","","","","","","","","","","","","B03","","","1","","2","","","23","","1","","","B03","24.160392","120.607077","3"
"2019","8","12","9","25","臺中市","大雅區","0","0","0","6","","","50","","","","","","","","","","","","","","","","","","","","A05","","","1","","2","","","23","","1","22","","A05","24.2128","120.67109","3"
"2019","8","12","9","32","臺中市","西屯區","0","1","0","6","1","5","50","4","1","1","4","4","5","7","3","1","9","4","4","2","16","6","2","7","1","1","B01","7","9","1","8","2","2","","6","6","1","22","9","B01","24.175998","120.624929","2"
"2019","8","12","9","35","臺中市","神岡區","0","0","0","6","","","50","","","","","","","","","","","","","","","","","","","","A12","","","1","","2","","","23","","1","21","","A12","24.256105","120.671875","3"
"2019","8","12","9","47","臺中市","西區","0","0","0","6","","","50","","","","","","","","","","","","","","","12","3","","","","B12","","","1","","2","","","12","12","1","21","","B12","24.134092","120.662132","3"
"2019","8","12","9","47","臺中市","北屯區","0","0","0","6","","","40","","","","","","","","","","","","","","","","","","","","B12","","","1","","2","","","12","","1","5","","B12","24.173427","120.715971","3"
"2019","8","12","9","49","臺中市","后里區","0","1","0","6","1","5","50","4","1","1","4","4","5","7","1","1","10","5","5","2","18","43","2","8","1","1","C03","7","14","3","18","2","15","","43","43","1","21","8","C03","24.3119","120.703833","2"
"2019","8","12","9","56","臺中市","沙鹿區","0","1","0","6","1","5","50","14","7","1","4","4","5","7","4","4","1","4","4","2","16","19","3","10","1","1","B03","7","1","1","8","2","4","","19","19","1","21","8","B03","24.229691","120.558724","2"
"2019","8","12","9","57","臺中市","西屯區","0","0","0","6","","","40","","","","","","","","","","","","","","","","","","","","B03","","","1","","2","","","12","","1","","","B03","24.160763","120.63497","3"
"2019","8","12","10","5","臺中市","西屯區","0","1","0","6","1","5","40","14","8","1","4","4","5","7","4","4","1","4","5","2","18","42","2","9","1","1","C03","7","9","1","10","2","12","","42","42","1","22","8","C03","24.17069","120.637325","2"
"2019","8","12","10","5","臺中市","石岡區","0","0","0","6","","","40","","","","","","","","","","","","","","","","","","","","","","","8","","10","","","60","","","","","","24.267983","120.773171","3"
"2019","8","12","10","7","臺中市","西屯區","0","0","0","6","","","80","","","","","","","","","","","","","","","","","","","","B12","","","1","","2","","","23","","1","","","B12","24.1671","120.630886","3"
"2019","8","12","10","8","臺中市","大里區","0","0","0","6","1","5","40","14","9","1","4","4","5","7","4","4","10","5","5","2","14","12","3","10","1","1","B03","7","2","1","8","2","7","","12","12","1","21","8","B03","24.087479","120.702129","3"
"2019","8","12","10","20","臺中市","霧峰區","0","1","0","6","1","5","50","14","9","1","4","4","5","7","4","4","9","5","4","1","16","19","3","10","1","1","B03","7","1","1","8","2","4","","19","19","1","22","8","B03","24.069228","120.699243","2"
"2019","8","12","10","20","臺中市","太平區","0","0","0","","","","","","","","","","","","","","","","","","","","","","","","B03","","","1","","2","","","16","","1","","","B03","24.11829","120.723455","3"
"2019","8","12","10","20","臺中市","大甲區","0","0","0","6","","","50","","","","","","","","","","","","","","","12","","","","","B03","","","1","","2","","","12","12","1","4","","B03","24.34792","120.624671","3"
"2019","8","12","10","20","臺中市","大甲區","0","0","0","1","2","3","50","11","1","1","4","4","5","1","4","4","10","5","5","2","15","23","3","10","1","1","B03","","5","1","","3","5","","23","23","1","4","9","B03","24.398131","120.659349","3"
"2019","8","12","10","23","臺中市","北屯區","0","0","0","6","","","50","","","","","","","","","","","","","","","","","","","","B12","","","1","","2","","","16","","1","21","","B12","24.175248","120.719103","3"
"2019","8","12","10","23","臺中市","石岡區","0","0","0","6","","","50","","","","","","","","","","","","","","","43","","","","","B12","","","1","","2","","","43","43","1","9","","B12","24.277306","120.762235","3"
"2019","8","12","10","28","臺中市","北區","0","1","0","6","1","5","50","4","1","1","4","4","5","7","1","1","10","5","5","2","12","9","3","10","1","1","B02","7","6","7","19","2","2","","9","9","1","22","8","B02","24.155674","120.677051","2"
"2019","8","12","10","30","臺中市","霧峰區","0","0","0","6","","","50","","","","","","","","","","","","","","","","","","","","B03","","","1","","2","","","6","","1","12","","B03","24.062101","120.697512","3"
"2019","8","12","10","38","臺中市","東區","0","0","0","6","","","50","","","","","","","","","","","","","","","","3","","","","B03","","","1","","9","","","6","","2","21","","B03","24.130735","120.68483","3"
"2019","8","12","10","42","臺中市","北區","0","0","0","","","","","","","","","","","","","","","","","","","","3","","","","B02","","","1","","2","","","6","","1","22","","B02","24.149218","120.686071","3"
"2019","8","12","10","50","臺中市","南區","0","0","0","6","","","50","","","","","","","","","","","","","","","","3","","","","B03","","","1","","2","","","7","","1","21","","B03","24.133378","120.657408","3"
"2019","8","12","10","50","臺中市","大甲區","0","1","0","6","1","5","60","14","13","1","4","4","5","7","4","4","5","5","5","1","17","42","2","9","1","1","B03","7","9","1","8","2","1","5","42","42","1","22","8","B03","24.38955","120.635402","2"
"2019","8","12","10","58","臺中市","西區","0","1","0","6","1","5","50","4","1","1","4","4","5","7","4","4","10","5","5","2","18","23","2","9","1","1","C03","7","6","1","10","2","12","","23","23","1","21","8","C03","24.152304","120.653806","2"
"2019","8","12","10","59","臺中市","中區","0","0","0","6","","","40","","","","","","","","","","","","","","","","","","","","B03","","","1","","2","","","23","","1","21","","B03","24.139704","120.68337","3"
"2019","8","12","11","0","臺中市","北屯區","0","0","0","6","","","50","","","","","","","","","","","","","","","","","","","","B03","","","1","","2","","","23","","1","21","","B03","24.17382","120.673833","3"
"2019","8","12","11","1","臺中市","潭子區","0","0","0","6","1","5","50","4","1","1","4","4","5","7","1","1","8","3","4","2","16","","","","","","B01","","","1","","3","","","6","","1","","","B01","24.207403","120.70374","3"
"2019","8","12","11","9","臺中市","烏日區","0","0","0","6","","","70","","","","","","","","","","","","","","","","","","","","B01","","","1","","2","","","23","","1","21","","B01","24.115458","120.612909","3"
"2019","8","12","11","10","臺中市","北區","0","0","0","6","","","50","","","","","","","","","","","","","","","","3","","","","B03","","","1","","2","","","25","","1","22","","B03","24.15903","120.684678","3"
"2019","8","12","11","12","臺中市","北區","0","1","0","6","1","5","50","3","1","1","4","4","5","7","4","4","10","5","5","2","16","26","3","10","1","1","B03","7","5","1","8","2","15","","26","26","1","22","8","B03","24.155332","120.693508","2"
"2019","8","12","11","13","臺中市","神岡區","0","1","0","6","1","5","50","4","1","1","4","4","5","7","1","1","5","5","5","1","17","42","2","9","1","1","C03","7","9","1","10","2","14","","42","42","1","21","8","C03","24.261199","120.673985","2"