"年","月","日","時","分","縣市","區","死","受傷","2-30","天候","光線","道路類別","速限","道路型態","事故位置","路面鋪裝","路面狀態","路面缺陷","障礙物","視距","號誌種類","號誌動作","分向設施","快車道或一般車道間","快慢車道間","路面邊線","事故類型及型態","主要肇因","受傷程度","主要傷處","保護裝備","行動電話","當事者區分(類別)","車輛用途","當事者行動狀態","駕駛資格情形","駕駛執照種類","飲酒情形","車輛撞擊部位最初","車輛撞擊部位其他","肇事因素個別","肇事因素主要","肇事逃逸","職業","旅次目的","車種","GPS座標(緯度)","GPS座標(經度)","事故類別"
"2019","8","12","11","21","臺中市","太平區","0","0","0","6","1","5","50","14","9","1","4","4","5","7","4","4","5","5","5","1","13","23","3","10","1","1","B03","7","9","1","8","2","1","","23","23","1","19","8","B03","24.131486","120.723572","3"
"2019","8","12","11","25","臺中市","潭子區","0","0","0","6","","","50","","","","","","","","","","","","","","","","","","","","B12","","","1","","2","","","12","","1","22","","B12","24.20064","120.711504","3"
"2019","8","12","11","26","臺中市","西區","0","0","0","6","","","50","","","","","","","","","","","","","","","","","","","","B03","","","1","","2","","","17","","1","6","","B03","24.135086","120.673099","3"
"2019","8","12","11","31","臺中市","豐原區","0","1","0","6","1","5","50","14","7","1","4","4","5","7","4","4","5","2","4","2","17","42","2","9","1","1","C04","7","5","3","18","3","12","","42","42","1","22","8","C04","24.253756","120.719608","2"
"2019","8","12","11","34","臺中市","西屯區","0","0","0","6","","","40","","","","","","","","","","","","","","","23","","","","","B03","","","1","","2","","","23","23","1","","","B03","24.180231","120.64572","3"
"2019","8","12","11","37","臺中市","西區","0","1","0","6","1","5","50","14","9","1","4","4","5","7","4","4","4","4","5","2","13","42","3","10","1","1","B01","7","9","1","4","2","7","","42","42","1","10","8","B01","24.150895","120.66411","2"
"2019","8","12","11","48","臺中市","后里區","0","1","0","6","1","5","50","3","1","1","4","4","5","7","1","1","10","5","5","2","17","43","3","10","1","1","B03","7","8","1","8","2","15","","43","43","1","21","8","B03","24.316003","120.679706","2"
"2019","8","12","11","53","臺中市","西區","0","1","0","6","1","5","50","3","1","1","4","4","5","7","1","1","1","5","5","2","17","42","3","10","1","1","B12","7","6","1","8","2","15","","42","42","1","21","8","B12","24.152362","120.657281","2"
"2019","8","12","12","0","臺中市","大里區","0","1","0","6","1","5","50","3","9","1","4","4","5","7","1","1","9","5","4","1","18","43","2","9","1","1","C03","7","5","1","10","2","15","","43","43","1","22","8","C03","24.095731","120.704665","2"
"2019","8","12","12","1","臺中市","北區","0","0","0","8","","","50","","","","","","","","","","","","","","","","3","","","","B02","","","1","","2","","","23","","1","22","","B02","24.156768","120.690256","3"
"2019","8","12","12","6","臺中市","西屯區","0","0","0","6","","","50","","","","","","","","","","","","","","","","","","","","B03","","","1","","2","","","23","","1","","","B03","24.198441","120.653388","3"
"2019","8","12","12","10","臺中市","潭子區","0","0","0","6","","","50","","","","","","","","","","","","","","","","","","","","B03","","","1","","2","","","18","","1","22","","B03","24.207406","120.699926","3"
"2019","8","12","12","22","臺中市","潭子區","0","2","0","6","1","5","50","14","9","1","4","4","5","7","4","4","10","4","4","1","17","19","3","10","1","1","C03","7","1","1","10","2","13","","19","19","1","21","8","C03","24.211994","120.700641","2"
"2019","8","12","12","27","臺中市","南區","0","1","0","6","1","5","50","4","2","1","4","4","5","7","1","1","1","4","5","2","16","10","3","10","1","1","B03","7","11","1","8","2","5","","10","10","1","21","8","B03","24.12261","120.670321","2"
"2019","8","12","12","28","臺中市","霧峰區","0","0","0","8","","","40","","","","","","","","","","","","","","","","","","","","A41","","","1","","2","","","12","","1","10","","A41","24.059808","120.683078","3"
"2019","8","12","12","32","臺中市","北區","0","1","0","6","1","5","50","4","2","1","4","4","5","7","4","4","10","4","4","2","17","16","2","9","1","1","C03","7","12","1","10","2","15","","16","16","1","22","8","C03","24.158999","120.688605","2"
"2019","8","12","12","33","臺中市","北屯區","0","1","0","6","1","5","40","14","9","1","4","4","5","7","4","4","1","4","5","2","17","40","3","10","1","1","B12","7","13","1","8","2","4","","40","40","1","5","8","B12","24.182216","120.690428","2"
"2019","8","12","12","35","臺中市","西屯區","0","1","0","6","1","5","50","4","1","1","4","4","5","7","2","1","5","5","5","2","17","1","2","9","1","1","C03","7","9","1","10","2","14","","1","1","1","22","8","C03","24.158497","120.651634","2"
"2019","8","12","12","36","臺中市","龍井區","0","3","0","6","1","5","40","4","1","1","4","4","5","7","4","4","10","5","5","2","16","6","2","9","3","4","C03","7","5","1","10","2","11","","6","6","1","9","1","C03","24.197111","120.522981","2"
"2019","8","12","12","46","臺中市","北區","0","1","0","6","1","5","50","3","1","1","4","4","5","7","4","4","10","5","5","2","18","23","2","9","1","1","C03","7","9","1","10","2","14","","23","23","1","22","8","C03","24.167798","120.668285","2"
"2019","8","12","12","47","臺中市","北區","0","0","0","6","","","50","","","","","","","","","","","","","","","","","","","","B03","","","1","","2","","","6","","1","","","B03","24.153859","120.679046","3"
"2019","8","12","12","57","臺中市","西區","0","0","0","8","","","50","","","","","","","","","","","","","","","","","","","","A11","","","1","","2","","","12","","1","10","","A11","24.148387","120.673897","3"
"2019","8","12","12","57","臺中市","北屯區","0","0","0","6","","","50","","","","","","","","","","","","","","","","","","","","B03","","","1","","2","","","19","","1","","","B03","24.18782","120.662806","3"
"2019","8","12","13","0","臺中市","霧峰區","0","0","0","6","","","70","","","","","","","","","","","","","","","","","","","","A12","","","1","","2","","","12","","1","10","","A12","24.055598","120.695981","3"
"2019","8","12","13","0","臺中市","后里區","0","0","0","6","","","40","","","","","","","","","","","","","","","","","","","","B12","","","1","","2","","","8","","1","5","","B12","24.311296","120.719621","4"
"2019","8","12","13","8","臺中市","西區","0","1","0","6","1","5","50","14","7","1","4","4","5","7","4","4","3","4","4","2","18","42","2","9","1","1","C03","7","9","1","10","2","14","","42","42","1","21","8","C03","24.148796","120.657561","2"
"2019","8","12","13","8","臺中市","梧棲區","0","0","0","6","","","70","","","","","","","","","","","","","","","","","","","","A11","","","1","","2","","","25","","1","9","","A11","24.251261","120.53253","3"
"2019","8","12","13","12","臺中市","大雅區","0","0","0","6","","","40","","","","","","","","","","","","","","","","","","","","B03","","","1","","2","","","6","","1","21","","B03","24.233605","120.669017","3"
"2019","8","12","13","18","臺中市","梧棲區","0","2","0","6","1","5","50","14","20","5","4","4","5","7","4","4","10","5","5","2","25","43","2","1","1","1","B03","7","9","1","8","2","1","","43","43","1","5","1","B03","24.259235","120.535636","2"
"2019","8","12","13","20","臺中市","大甲區","0","1","0","8","1","5","50","14","7","1","4","4","5","7","4","4","1","4","4","1","29","23","2","3","1","1","B03","7","9","1","8","2","4","","23","23","1","22","9","B03","24.365684","120.64134","2"
"2019","8","12","13","25","臺中市","西屯區","0","1","0","6","1","5","40","3","1","1","4","4","5","7","4","4","1","4","4","2","16","6","3","10","3","4","A12","7","6","1","6","2","4","","6","6","1","21","8","A12","24.205634","120.6523","2"
"2019","8","12","13","31","臺中市","北區","0","0","0","6","","","50","","","","","","","","","","","","","","","","3","","","","B12","","","1","","2","","","16","","1","22","","B12","24.16324","120.676548","3"
"2019","8","12","13","40","臺中市","北屯區","0","1","0","6","1","5","50","4","1","1","4","4","5","7","4","4","10","5","5","2","15","6","2","9","1","1","C03","7","9","1","10","2","11","","6","6","1","21","8","C03","24.17409","120.68911","2"
"2019","8","12","13","40","臺中市","西屯區","0","1","0","8","1","5","40","4","1","1","1","4","5","7","4","4","10","5","5","2","15","6","3","10","1","1","B03","7","9","1","8","2","2","","6","6","1","22","5","B03","24.18575","120.610953","2"
"2019","8","12","13","44","臺中市","西區","0","1","0","7","1","5","50","14","7","1","4","4","5","7","4","4","1","4","4","2","18","42","2","9","1","1","C03","7","9","1","10","2","12","","42","42","1","5","1","C03","24.140168","120.658644","2"
"2019","8","12","13","46","臺中市","西屯區","0","0","0","6","","","50","","","","","","","","","","","","","","","","","","","","","","","7","","11","","","43","","1","","","","24.191821","120.609011","3"
"2019","8","12","13","49","臺中市","北屯區","0","0","0","6","1","5","50","14","9","1","4","4","5","7","4","4","4","4","5","2","13","23","3","10","1","1","B03","7","9","3","18","2","1","","23","23","1","21","8","B03","24.169121","120.681226","3"
"2019","8","12","13","58","臺中市","西屯區","0","1","0","8","1","5","50","14","7","1","5","4","5","7","4","4","5","5","4","2","13","23","3","10","1","1","B03","7","9","1","8","2","1","","23","23","1","22","8","B03","24.162784","120.633909","2"
"2019","8","12","14","0","臺中市","北屯區","0","1","0","8","1","5","50","4","1","1","5","4","5","7","4","4","10","5","5","2","15","6","3","10","1","1","C04","7","9","1","10","2","14","","6","6","1","5","8","C04","24.169229","120.688366","2"
"2019","8","12","14","5","臺中市","西屯區","0","0","0","8","","","50","","","","","","","","","","","","","","","23","","","","","B12","","","1","","2","","","23","23","1","","","B12","24.175776","120.6457","3"
"2019","8","12","14","5","臺中市","西屯區","0","0","0","6","1","5","50","3","1","1","4","4","5","7","4","4","10","5","5","2","17","23","3","10","3","4","A21","7","11","1","1","9","1","","23","23","1","22","9","A21","24.18222","120.640788","3"
"2019","8","12","14","10","臺中市","外埔區","0","0","0","6","1","5","50","3","1","1","4","4","5","7","3","1","5","5","5","2","16","6","3","10","1","1","B03","7","6","1","8","7","8","","6","6","1","5","5","B03","24.333145","120.65811","3"
"2019","8","12","14","10","臺中市","東勢區","0","0","0","6","","","60","","","","","","","","","","","","","","","","","","","","B03","","","1","","2","","","25","","1","","","B03","24.26449","120.826086","3"
"2019","8","12","14","13","臺中市","北區","0","0","0","6","","","50","","","","","","","","","","","","","","","","","","","","B03","","","1","","2","","","19","","1","","","B03","24.153611","120.678888","3"
"2019","8","12","14","15","臺中市","烏日區","0","1","0","7","1","5","40","4","1","1","4","4","5","7","1","1","10","5","5","2","16","6","3","10","1","1","B03","7","5","1","8","2","8","","6","6","1","21","8","B03","24.098219","120.633466","2"
"2019","8","12","14","22","臺中市","西區","0","2","0","6","1","5","50","3","1","1","4","4","5","7","4","4","10","5","5","2","16","6","2","9","1","1","C03","7","5","1","10","2","11","","6","6","1","21","8","C03","24.150855","120.668196","2"
"2019","8","12","14","22","臺中市","北區","0","0","0","8","","","50","","","","","","","","","","","","","","","","","","","","B03","","","1","","2","","","26","","1","22","","B03","24.170247","120.672082","3"
"2019","8","12","14","24","臺中市","太平區","0","1","0","8","1","5","50","3","1","1","4","4","5","7","4","4","10","5","5","2","18","42","2","9","1","1","C03","7","9","1","10","2","14","","42","42","1","21","8","C03","24.157236","120.713587","2"
"2019","8","12","14","33","臺中市","北區","0","1","0","8","1","5","50","4","1","1","5","4","5","7","1","1","10","5","5","2","16","25","3","10","1","1","B03","7","9","1","8","2","1","","25","25","1","22","8","B03","24.152786","120.685395","2"
"2019","8","12","14","33","臺中市","北區","0","0","0","8","","","50","","","","","","","","","","","","","","","","3","","","","B03","","","1","","2","","","23","","1","22","","B03","24.16327","120.67762","3"
"2019","8","12","14","35","臺中市","龍井區","0","1","0","8","1","5","50","14","9","1","5","4","5","7","4","4","5","5","5","1","26","23","2","9","3","4","B03","7","9","1","8","9","5","","23","23","1","20","9","B03","24.201173","120.531983","2"
"2019","8","12","14","36","臺中市","北區","0","1","0","6","1","5","50","14","7","1","4","4","5","7","4","4","5","5","5","2","13","23","3","10","1","1","B01","7","9","3","18","2","1","","23","23","1","21","8","B01","24.168611","120.681388","2"
"2019","8","12","14","37","臺中市","西屯區","0","0","0","8","","","50","","","","","","","","","","","","","","","","","","","","A12","","","1","","2","","","26","","1","22","","A12","24.166651","120.63752","3"
"2019","8","12","14","40","臺中市","大甲區","0","1","0","8","1","5","50","14","9","1","4","4","5","7","4","4","10","5","5","2","17","23","2","9","1","1","C03","7","9","1","10","2","11","","23","23","1","22","9","C03","24.344071","120.619427","2"
"2019","8","12","14","45","臺中市","北屯區","0","1","0","7","1","5","40","14","8","1","4","4","5","7","4","4","1","4","1","2","12","19","3","10","3","4","B03","7","1","1","8","2","7","","19","19","1","21","8","B03","24.161113","120.732","2"
"2019","8","12","14","51","臺中市","北區","0","1","0","7","1","5","50","5","1","1","4","4","5","7","1","1","10","5","5","2","12","26","3","10","1","1","B03","7","6","1","8","2","5","","26","26","1","22","8","B03","24.155064","120.686213","2"
"2019","8","12","14","53","臺中市","西區","0","2","0","6","1","5","60","14","7","1","4","4","5","7","4","4","1","4","1","2","13","16","2","1","2","1","B03","7","9","1","8","2","1","","16","16","1","2","9","B03","24.156468","120.660399","2"
"2019","8","12","14","55","臺中市","西屯區","0","0","0","8","","","50","","","","","","","","","","","","","","","","","","","","B03","","","1","","2","","","23","","1","22","","B03","24.187319","120.619838","3"
"2019","8","12","15","0","臺中市","西屯區","0","1","0","6","1","5","50","14","8","1","4","4","5","7","4","4","1","4","4","2","17","42","2","9","1","1","C03","7","9","1","10","2","15","","42","42","1","22","8","C03","24.205015","120.6528","2"
"2019","8","12","15","0","臺中市","大里區","0","0","0","6","","","60","","","","","","","","","","","","","","","","","","","","B12","","","1","","2","","","19","","1","10","","B12","24.105236","120.667316","3"
"2019","8","12","15","6","臺中市","大里區","0","0","0","6","","","50","","","","","","","","","","","","","","","","","","","","B03","","","1","","11","","","38","","1","4","","B03","24.080358","120.697685","3"
"2019","8","12","15","27","臺中市","潭子區","0","0","0","6","1","5","60","3","2","1","4","4","5","7","1","1","1","3","4","1","13","","","","","","B03","","","1","","2","","","16","","1","","","B03","24.230751","120.708766","3"
"2019","8","12","15","28","臺中市","神岡區","0","1","0","6","1","5","50","14","9","1","4","4","5","7","4","4","5","4","5","2","17","7","3","10","3","4","B03","7","7","1","8","2","8","","7","7","1","22","9","B03","24.251544","120.675389","2"
"2019","8","12","15","34","臺中市","大雅區","0","1","0","6","1","5","50","10","8","1","4","4","5","7","4","4","3","4","4","1","17","23","2","9","1","1","C03","7","9","1","10","2","11","","23","23","1","21","8","C03","24.216553","120.674519","2"
"2019","8","12","15","36","臺中市","南區","0","0","0","","","","","","","","","","","","","","","","","","","","","","","","B03","","","1","","11","","","42","","1","21","","B03","24.120699","120.662325","3"
"2019","8","12","15","37","臺中市","霧峰區","0","1","0","6","1","5","50","3","2","1","4","4","5","7","4","4","5","5","5","1","11","26","2","9","1","1","C03","7","9","1","10","2","11","","26","26","1","5","8","C03","24.049794","120.686366","2"
"2019","8","12","15","40","臺中市","潭子區","0","0","0","8","","","50","","","","","","","","","","","","","","","","","","","","B12","","","1","","2","","","12","","1","9","","B12","24.21659","120.68811","3"
"2019","8","12","15","41","臺中市","西區","0","0","0","6","1","5","50","14","7","1","4","4","5","7","1","1","5","2","4","2","13","","","","","","B03","","","1","","2","","","23","","1","5","","B03","24.133632","120.670554","3"
"2019","8","12","15","45","臺中市","霧峰區","0","1","0","6","1","5","40","14","9","1","4","4","5","7","4","4","5","5","5","1","16","26","3","10","1","1","B03","7","11","1","2","2","6","","26","26","1","12","5","B03","24.059906","120.663933","2"
"2019","8","12","15","45","臺中市","梧棲區","0","0","0","6","","","40","","","","","","","","","","","","","","","","","","","","B03","","","1","","2","","","8","","1","9","","B03","24.226995","120.526501","3"
"2019","8","12","15","48","臺中市","北區","0","0","0","6","","","50","","","","","","","","","","","","","","","23","","","","","B03","","","1","","2","","","44","23","1","5","","B03","24.155179","120.686538","3"
"2019","8","12","15","50","臺中市","東區","0","1","0","6","1","5","50","4","1","1","4","4","5","7","1","1","10","5","5","2","17","23","3","10","1","1","B03","7","5","1","8","2","1","","23","23","1","22","8","B03","24.130666","120.704762","2"
"2019","8","12","15","50","臺中市","西屯區","0","0","0","6","1","5","50","14","9","1","4","4","5","7","4","4","10","5","5","2","17","23","3","10","3","4","B11","7","9","1","2","9","1","","23","23","2","22","9","B11","24.182289","120.645623","3"
"2019","8","12","15","52","臺中市","東區","0","0","0","","","","","","","","","","","","","","","","","","","","","","","","C03","","","1","","2","","","23","","1","5","","C03","24.143196","120.686063","3"
"2019","8","12","15","56","臺中市","西區","0","1","0","6","1","5","50","4","1","1","4","4","5","7","4","4","10","5","5","2","15","6","2","9","1","1","C03","7","9","1","10","2","11","","14","6","1","5","9","C03","24.153665","120.662558","2"
"2019","8","12","15","56","臺中市","大雅區","0","0","0","6","","","50","","","","","","","","","","","","","","","","","","","","B03","","","1","","2","","","23","","1","22","","B03","24.212","120.65012","3"
"2019","8","12","15","58","臺中市","北屯區","0","1","0","6","1","5","50","4","1","1","4","4","5","7","1","1","10","5","5","2","18","42","2","9","1","1","C03","7","9","1","10","2","15","","42","42","1","21","8","C03","24.18223","120.71031","2"
"2019","8","12","16","0","臺中市","北區","0","1","0","6","1","5","50","3","1","1","4","4","5","7","4","4","10","5","5","2","18","23","2","9","1","1","C03","7","9","1","10","2","14","","23","23","1","22","8","C03","24.152428","120.688678","2"
"2019","8","12","16","0","臺中市","石岡區","0","0","0","8","","","70","","","","","","","","","","","","","","","","","","","","B03","","","1","","2","","","23","","1","","","B03","24.274863","120.774001","3"
"2019","8","12","16","3","臺中市","北屯區","0","1","0","8","1","5","50","4","1","1","5","4","5","7","4","4","10","5","5","2","15","6","2","9","1","1","C03","7","9","1","10","2","11","","6","6","1","21","8","C03","24.174581","120.680795","2"
"2019","8","12","16","7","臺中市","北區","0","0","0","8","","","50","","","","","","","","","","","","","","","","","","","","B03","","","1","","2","","","23","","1","22","","B03","24.1645","120.6848","3"
"2019","8","12","16","8","臺中市","西屯區","0","0","0","8","","","40","","","","","","","","","","","","","","","","","","","","C03","","","1","","2","","","7","","1","22","","C03","24.171973","120.661783","3"
"2019","8","12","16","10","臺中市","大雅區","0","0","0","8","","","40","","","","","","","","","","","","","","","","","","","","B12","","","1","","2","","","12","","1","","","B12","24.21456","120.650454","3"
"2019","8","12","16","27","臺中市","霧峰區","0","0","0","7","1","5","30","14","9","1","5","4","5","7","4","4","5","4","5","1","16","43","3","10","3","1","B12","7","9","1","8","2","5","","43","43","1","4","3","B12","24.043918","120.68861","3"
"2019","8","12","16","31","臺中市","大雅區","0","0","0","8","","","40","","","","","","","","","","","","","","","","","","","","B03","","","1","","2","","","5","","1","21","","B03","24.238057","120.68058","3"
"2019","8","12","16","32","臺中市","北屯區","0","0","0","8","","","50","","","","","","","","","","","","","","","","","","","","B12","","","1","","2","","","23","","1","5","","B12","24.173155","120.693914","3"
"2019","8","12","16","37","臺中市","北屯區","0","0","0","8","","","50","","","","","","","","","","","","","","","","","","","","B03","","","1","","2","","","7","","1","22","","B03","24.173016","120.667803","3"
"2019","8","12","16","41","臺中市","西屯區","0","0","0","8","","","40","","","","","","","","","","","","","","","","","","","","C03","","","1","","2","","","43","","1","22","","C03","24.171553","120.660955","3"
"2019","8","12","16","55","臺中市","北區","0","0","0","8","","","50","","","","","","","","","","","","","","","","","","","","B03","","","1","","2","","","25","","1","22","","B03","24.1615","120.663","3"
"2019","8","12","16","55","臺中市","南屯區","0","0","0","8","","","50","","","","","","","","","","","","","","","","","","","","","","","8","","10","","","61","","1","","","","24.152835","120.619844","3"
"2019","8","12","16","57","臺中市","太平區","0","0","0","8","","","50","","","","","","","","","","","","","","","","","","","","B12","","","1","","2","","","23","","1","4","","B12","24.138413","120.714624","3"
"2019","8","12","16","58","臺中市","北區","0","0","0","8","","","50","","","","","","","","","","","","","","","","","","","","B03","","","1","","2","","","12","","1","22","","B03","24.157192","120.669631","3"
"2019","8","12","17","4","臺中市","南區","0","1","0","8","2","5","50","4","1","1","4","4","5","6","2","1","3","4","4","2","13","23","3","10","1","1","B12","7","9","1","8","2","5","","23","23","1","4","5","B12","24.119158","120.672016","2"
"2019","8","12","17","5","臺中市","北屯區","0","0","0","8","","","50","","","","","","","","","","","","","","","","","","","","B03","","","1","","2","","","12","","1","5","","B03","24.183416","120.671695","3"
"2019","8","12","17","5","臺中市","北屯區","0","2","0","8","1","5","40","14","12","1","5","4","5","7","4","4","3","4","4","2","13","16","2","9","1","1","C03","7","9","1","10","2","11","","16","16","1","21","8","C03","24.16311","120.693114","2"
"2019","8","12","17","9","臺中市","西區","0","1","0","7","1","5","50","3","1","1","4","4","5","7","1","1","10","5","5","2","18","42","2","9","1","1","C03","7","9","1","10","2","14","","42","42","1","3","1","C03","24.155369","120.658582","2"
"2019","8","12","17","9","臺中市","北區","0","0","0","8","","","50","","","","","","","","","","","","","","","","","","","","C03","","","1","","1","","","23","","1","5","","C03","24.146824","120.686236","3"
"2019","8","12","17","14","臺中市","神岡區","0","1","0","8","1","5","50","3","1","1","5","4","5","7","4","4","5","5","4","2","16","19","3","10","1","1","B03","7","1","1","8","2","8","","19","19","1","21","8","B03","24.26173","120.70433","2"
"2019","8","12","17","15","臺中市","北屯區","0","1","0","8","1","5","50","4","1","1","5","4","5","7","1","1","10","5","5","2","16","26","3","10","3","4","B12","7","9","1","8","2","2","","26","26","1","21","8","B12","24.17173","120.685541","2"
"2019","8","12","17","17","臺中市","龍井區","0","1","0","8","1","5","50","4","1","1","5","4","5","7","2","1","10","5","5","2","16","26","3","10","1","1","C03","7","9","1","10","2","12","","26","26","1","12","8","C03","24.210845","120.540105","2"
"2019","8","12","17","23","臺中市","北屯區","0","0","0","8","","","50","","","","","","","","","","","","","","","","","","","","","","","7","","11","","","43","","1","","","","24.183904","120.66501","3"
"2019","8","12","17","25","臺中市","大甲區","0","1","0","8","1","5","50","14","9","1","5","4","5","7","4","4","5","4","5","1","13","17","3","10","1","4","B03","7","12","1","8","2","5","","17","17","1","21","1","B03","24.35004","120.621611","2"
"2019","8","12","17","29","臺中市","太平區","0","0","0","8","","","50","","","","","","","","","","","","","","","","","","","","B03","","","1","","2","","","23","","1","21","","B03","24.148164","120.703207","3"
"2019","8","12","17","30","臺中市","北區","0","0","0","8","","","50","","","","","","","","","","","","","","","67","","","","","B03","","","1","","2","","","38","67","1","5","","B03","24.160309","120.67633","3"
"2019","8","12","17","30","臺中市","梧棲區","0","0","0","8","","","50","","","","","","","","","","","","","","","","","","","","B03","","","1","","2","","","26","","1","","","B03","24.239824","120.522237","3"
"2019","8","12","17","30","臺中市","潭子區","0","1","0","8","1","5","50","3","2","1","5","4","5","7","1","1","4","2","5","1","16","10","3","10","1","1","B03","7","11","6","8","9","8","","10","10","1","21","8","B03","24.221688","120.724238","2"
"2019","8","12","17","32","臺中市","北區","0","0","0","8","","","50","","","","","","","","","","","","","","","","","","","","B03","","","1","","2","","","23","","1","22","","B03","24.1643","120.6739","3"
"2019","8","12","17","38","臺中市","沙鹿區","0","0","0","8","","","50","","","","","","","","","","","","","","","","","","","","B12","","","1","","2","","","23","","1","22","","B12","24.233644","120.571851","3"
"2019","8","12","17","38","臺中市","大雅區","0","0","0","8","","","40","","","","","","","","","","","","","","","23","","","","","B03","","","1","","2","","","23","23","1","","","B03","24.228472","120.651357","3"
"2019","8","12","17","43","臺中市","太平區","0","1","0","8","1","5","50","14","7","1","5","4","5","7","4","4","5","4","4","1","12","42","2","8","1","1","C03","7","9","1","10","2","14","","42","42","1","18","8","C03","24.149235","120.721626","2"
"2019","8","12","17","44","臺中市","大雅區","0","1","0","8","1","5","50","14","9","1","5","4","5","7","4","4","5","2","5","1","16","19","3","10","1","1","B03","7","1","1","8","2","8","","19","19","1","22","9","B03","24.218796","120.649593","2"
"2019","8","12","17","45","臺中市","西區","0","0","0","8","","","50","","","","","","","","","","","","","","","","","","","","B03","","","1","","2","","","6","","1","21","","B03","24.150847","120.668209","3"
"2019","8","12","17","47","臺中市","南區","0","1","0","7","1","5","50","14","7","1","5","4","5","7","2","1","5","4","4","2","17","23","2","9","1","1","C03","7","15","1","10","2","14","","23","23","1","21","8","C03","24.132782","120.678618","2"
"2019","8","12","17","48","臺中市","西屯區","0","0","0","8","","","50","","","","","","","","","","","","","","","","","","","","B03","","","1","","2","","","23","","1","4","","B03","24.174378","120.590054","3"
"2019","8","12","17","52","臺中市","北屯區","0","0","0","8","","","50","","","","","","","","","","","","","","","","","","","","B03","","","1","","2","","","26","","1","21","","B03","24.191006","120.68633","3"
"2019","8","12","17","54","臺中市","北區","0","0","0","8","","","50","","","","","","","","","","","","","","","","","","","","B03","","","1","","2","","","23","","1","22","","B03","24.162811","120.66957","3"
"2019","8","12","17","55","臺中市","中區","0","1","0","8","1","5","50","14","7","1","5","4","5","7","4","4","5","4","4","2","17","43","2","8","3","4","C03","7","9","1","10","2","11","","43","43","1","21","8","C03","24.142662","120.674498","2"
"2019","8","12","18","8","臺中市","大雅區","0","1","0","8","1","5","50","4","1","1","5","4","5","7","1","1","10","5","5","2","13","23","2","9","1","1","C03","7","9","3","18","2","11","","23","23","1","22","9","C03","24.230523","120.640775","2"
"2019","8","12","18","17","臺中市","大甲區","0","0","0","8","","","20","","","","","","","","","","","","","","","","","","","","B03","","","1","","2","","","12","","1","22","","B03","24.361952","120.622862","3"
"2019","8","12","18","23","臺中市","西屯區","0","2","0","8","1","5","50","14","9","1","5","4","5","7","4","4","1","3","4","1","16","7","2","9","1","1","C03","7","8","1","10","2","12","","7","7","1","4","8","C03","24.175083","120.638645","2"
"2019","8","12","18","25","臺中市","豐原區","0","0","0","8","","","40","","","","","","","","","","","","","","","","","","","","B12","","","1","","2","","","23","","1","21","","B12","24.23582","120.723018","3"
"2019","8","12","18","25","臺中市","潭子區","0","1","0","7","1","5","50","3","9","1","4","4","5","7","4","4","10","5","5","1","16","6","3","10","1","1","B03","7","5","1","8","2","2","","6","6","1","21","8","B03","24.224966","120.691406","2"
"2019","8","12","18","35","臺中市","北區","0","0","0","8","","","50","","","","","","","","","","","","","","","23","","","","","B12","","","1","","2","","","26","23","1","5","","B12","24.166907","120.673338","3"
"2019","8","12","18","43","臺中市","北區","0","0","0","8","","","50","","","","","","","","","","","","","","","","","","","","B03","","","1","","2","","","19","","1","22","","B03","24.1647","120.6741","3"
"2019","8","12","18","54","臺中市","豐原區","0","0","0","7","","","40","","","","","","","","","","","","","","","17","","","","","B03","","","1","","2","","","17","17","","","","B03","24.235803","120.718016","3"
"2019","8","12","18","55","臺中市","大里區","0","2","0","8","3","5","40","14","9","1","5","4","5","7","4","4","5","4","5","1","17","43","2","9","1","1","F03","7","9","8","20","2","16","","43","43","1","4","8","F03","24.107604","120.694563","2"
"2019","8","12","18","55","臺中市","大里區","0","0","0","8","","","40","","","","","","","","","","","","","","","","","","","","B03","","","1","","1","","","40","","1","21","","B03","24.091362","120.704023","3"
"2019","8","12","18","55","臺中市","大雅區","0","1","0","8","3","5","50","14","9","1","5","4","5","7","4","4","5","5","5","1","13","23","3","10","1","1","B03","7","9","1","8","2","1","","23","23","1","21","8","B03","24.226349","120.656342","2"
"2019","8","12","18","57","臺中市","烏日區","0","0","0","8","","","50","","","","","","","","","","","","","","","","","","","","B03","","","1","","2","","","23","","1","","","B03","24.1063","120.622901","3"
"2019","8","12","19","0","臺中市","神岡區","0","1","0","8","3","5","50","14","9","1","5","4","5","7","4","4","5","5","5","1","18","23","2","9","1","1","C03","7","9","1","10","2","12","","23","23","1","22","9","C03","24.235975","120.696196","2"
"2019","8","12","19","2","臺中市","北區","0","0","0","8","","","40","","","","","","","","","","","","","","","","","","","","C03","","","1","","2","","","23","","1","22","","C03","24.163267","120.676419","3"
"2019","8","12","19","5","臺中市","北屯區","0","0","0","8","3","5","50","14","9","1","5","4","5","7","4","4","5","5","5","2","29","21","3","10","3","4","B03","7","15","3","18","8","5","","21","21","1","21","8","B03","24.177884","120.69668","3"
"2019","8","12","19","7","臺中市","新社區","0","0","0","8","","","50","","","","","","","","","","","","","","","","","","","","B03","","","1","","2","","","18","","1","22","","B03","24.240334","120.807864","3"