"年","月","日","時","分","縣市","區","死","受傷","2-30","天候","光線","道路類別","速限","道路型態","事故位置","路面鋪裝","路面狀態","路面缺陷","障礙物","視距","號誌種類","號誌動作","分向設施","快車道或一般車道間","快慢車道間","路面邊線","事故類型及型態","主要肇因","受傷程度","主要傷處","保護裝備","行動電話","當事者區分(類別)","車輛用途","當事者行動狀態","駕駛資格情形","駕駛執照種類","飲酒情形","車輛撞擊部位最初","車輛撞擊部位其他","肇事因素個別","肇事因素主要","肇事逃逸","職業","旅次目的","車種","GPS座標(緯度)","GPS座標(經度)","事故類別"
"2019","8","12","19","16","臺中市","后里區","0","0","0","8","3","5","60","14","7","1","5","4","5","7","4","4","1","4","4","1","13","42","3","10","1","1","B03","7","9","1","8","2","1","","42","42","1","21","8","B03","24.288805","120.723151","3"
"2019","8","12","19","18","臺中市","太平區","0","0","0","8","","","50","","","","","","","","","","","","","","","","","","","","B03","","","1","","2","","","12","","1","","","B03","24.133333","120.735555","3"
"2019","8","12","19","18","臺中市","神岡區","0","0","0","8","","","60","","","","","","","","","","","","","","","23","","","","","B12","","","1","","2","","","23","23","1","21","","B12","24.232395","120.693784","3"
"2019","8","12","19","23","臺中市","北屯區","0","0","0","8","","","50","","","","","","","","","","","","","","","","","","","","B03","","","1","","2","","","16","","1","5","","B03","24.190146","120.663563","3"
"2019","8","12","19","28","臺中市","西屯區","0","0","0","8","","","40","","","","","","","","","","","","","","","12","","","","","B01","","","1","","2","","","12","12","1","10","","B01","24.163918","120.651423","3"
"2019","8","12","19","29","臺中市","太平區","0","1","0","8","3","5","40","14","11","1","4","4","5","7","4","4","5","5","4","2","13","43","3","10","1","1","C03","7","9","3","18","2","11","","43","43","1","21","8","C03","24.145728","120.700782","2"
"2019","8","12","19","35","臺中市","西屯區","0","0","0","8","","","40","","","","","","","","","","","","","","","","","","","","C03","","","1","","2","","","23","","1","22","","C03","24.17811","120.665665","3"
"2019","8","12","19","48","臺中市","神岡區","0","0","0","8","","","50","","","","","","","","","","","","","","","23","","","","","B03","","","1","","2","","","23","23","1","","","B03","24.24846","120.696209","3"
"2019","8","12","19","49","臺中市","北屯區","0","0","0","8","","","50","","","","","","","","","","","","","","","","","","","","B03","","","1","","2","","","16","","1","5","","B03","24.172631","120.722616","3"
"2019","8","12","19","50","臺中市","西屯區","0","1","0","8","3","5","50","14","7","1","5","4","5","7","4","4","1","4","5","2","13","23","3","10","3","4","B03","7","9","1","8","2","1","","23","23","1","22","8","B03","24.200873","120.645991","2"
"2019","8","12","20","10","臺中市","大雅區","0","1","0","8","3","5","50","14","8","1","5","4","5","7","4","4","1","4","4","1","18","23","2","9","1","1","C03","7","9","1","10","2","12","","23","23","1","22","1","C03","24.221016","120.655912","2"
"2019","8","12","20","19","臺中市","西區","0","1","0","8","3","5","50","4","1","1","5","4","5","7","1","1","10","5","5","2","3","23","3","10","1","1","B03","7","5","1","8","2","1","","23","23","1","3","7","B03","24.15253","120.661695","2"
"2019","8","12","20","41","臺中市","北屯區","0","1","0","7","3","5","50","4","2","1","4","4","5","7","2","1","5","4","5","2","12","26","3","10","1","1","B03","7","8","1","8","2","5","","26","26","1","5","8","B03","24.17573","120.719443","2"
"2019","8","12","20","53","臺中市","大里區","0","0","0","8","","","50","","","","","","","","","","","","","","","","","","","","B03","","","1","","2","","","23","","1","4","","B03","24.116973","120.679332","3"
"2019","8","12","20","57","臺中市","潭子區","0","1","0","7","3","5","50","3","1","1","4","4","5","7","1","1","10","5","5","1","16","9","3","10","1","1","B03","7","6","1","8","2","5","","9","9","1","21","8","B03","24.216023","120.693148","2"
"2019","8","12","21","7","臺中市","南區","0","0","0","8","","","50","","","","","","","","","","","","","","","","3","","","","C03","","","1","","11","","","23","","2","21","","C03","24.125141","120.663946","3"
"2019","8","12","21","12","臺中市","中區","0","1","0","8","3","5","50","5","1","1","5","4","5","7","1","1","10","5","5","2","16","25","3","10","1","1","B03","7","11","1","8","2","4","","25","25","1","21","5","B03","24.143974","120.679352","2"
"2019","8","12","21","23","臺中市","西區","0","0","0","8","","","50","","","","","","","","","","","","","","","","","","","","B03","","","1","","2","","","23","","1","22","","B03","24.146713","120.656336","3"
"2019","8","12","21","25","臺中市","神岡區","0","0","0","","","","","","","","","","","","","","","","","","","","","","","","B03","","","1","","2","","","23","","1","21","","B03","","","3"
"2019","8","12","21","34","臺中市","西屯區","0","0","0","8","3","5","40","14","8","1","5","4","5","7","4","4","8","4","4","2","13","23","3","10","3","4","C03","7","9","1","10","2","11","","23","23","1","22","9","C03","24.173835","120.647778","3"
"2019","8","12","21","43","臺中市","南屯區","0","0","0","","","","","","","","","","","","","","","","","","","17","","","","","B03","","","1","","2","","","17","17","1","22","","B03","24.146323","120.634163","3"
"2019","8","12","22","10","臺中市","霧峰區","0","1","0","8","3","5","50","4","1","1","5","4","5","7","1","1","10","5","5","2","15","25","3","10","1","1","B03","7","9","1","4","2","8","","14","25","1","12","1","B03","24.070785","120.680166","2"
"2019","8","12","22","51","臺中市","西區","0","1","0","8","3","5","50","3","7","1","5","4","5","7","4","4","3","4","4","2","17","19","3","10","1","1","B02","7","1","1","8","2","4","","19","19","1","10","1","B02","24.152329","120.657244","2"
"2019","8","12","22","57","臺中市","西區","0","1","0","6","3","5","50","3","1","1","4","4","5","7","4","4","10","5","4","2","16","6","3","10","1","1","B03","7","11","1","8","2","4","","6","6","1","21","5","B03","24.156913","120.663425","2"
"2019","8","12","23","16","臺中市","潭子區","0","1","0","6","3","5","50","4","1","1","4","4","5","7","3","1","10","5","5","2","16","6","2","9","1","1","B03","7","9","1","8","2","8","","6","6","1","21","8","B03","24.207281","120.702888","2"
"2019","8","12","23","35","臺中市","西屯區","0","3","0","6","3","5","50","4","1","1","4","4","5","7","1","1","10","5","5","2","16","43","2","9","3","4","C03","7","6","1","10","2","12","","43","43","1","22","9","C03","24.166596","120.65256","2"
"2019","8","12","23","54","臺中市","南區","0","1","0","8","4","5","50","14","7","1","4","4","4","7","4","4","9","4","4","2","29","61","","","","","","","","","","","","","61","61","1","","","","24.130776","120.68117","2"
"2019","8","13","0","8","臺中市","北屯區","0","1","0","6","3","5","50","4","1","1","4","4","5","7","3","1","10","5","5","2","15","6","3","10","1","1","B03","7","9","1","8","2","1","","6","6","1","5","8","B03","24.179021","120.684023","2"
"2019","8","13","1","37","臺中市","太平區","0","1","0","8","3","5","50","4","1","1","5","4","5","7","2","1","10","5","5","2","15","25","2","9","3","4","C03","7","9","3","18","2","12","","25","25","1","20","8","C03","24.131572","120.71684","2"
"2019","8","13","1","45","臺中市","太平區","0","0","0","8","","","40","","","","","","","","","","","","","","","","","","","","B03","","","1","","2","","","12","","2","21","","B03","24.151273","120.70689","3"
"2019","8","13","2","50","臺中市","北區","0","1","0","7","3","5","40","5","1","1","4","4","5","7","1","1","10","5","5","2","18","23","2","8","4","5","F01","7","6","8","20","3","16","","23","23","1","22","7","F01","24.158304","120.674003","2"
"2019","8","13","3","24","臺中市","中區","0","0","0","8","","","50","","","","","","","","","","","","","","","","","","","","B02","","","1","","2","","","6","","1","22","","B02","24.1422","120.681343","3"
"2019","8","13","6","34","臺中市","東區","0","1","0","6","1","5","50","4","1","1","4","4","5","7","1","1","10","5","5","2","29","25","2","9","1","1","C03","7","9","1","10","2","11","","25","25","1","22","8","C03","24.130516","120.704766","2"
"2019","8","13","6","55","臺中市","潭子區","0","0","0","6","","","50","","","","","","","","","","","","","","","","","","","","B03","","","1","","2","","","23","","1","22","","B03","24.201733","120.702468","3"
"2019","8","13","6","57","臺中市","外埔區","0","2","0","6","1","5","50","11","9","1","4","4","5","1","4","4","5","5","5","1","10","26","2","9","1","1","B03","7","9","1","8","2","1","","26","26","1","21","8","B03","24.344268","120.679758","2"
"2019","8","13","7","1","臺中市","北區","0","0","0","6","","","50","","","","","","","","","","","","","","","67","","","","","B12","","","1","","10","","","38","67","1","","","B12","24.153273","120.685705","3"
"2019","8","13","7","2","臺中市","北屯區","0","2","0","6","1","5","50","4","1","1","4","4","5","7","1","1","10","5","5","2","15","25","2","9","1","1","C03","7","9","1","10","2","12","","25","25","1","21","8","C03","24.176191","120.72495","2"
"2019","8","13","7","3","臺中市","西區","0","2","0","6","1","5","50","4","1","1","4","4","5","7","4","4","10","5","5","2","15","6","2","9","1","1","C03","7","9","1","10","2","15","","6","6","1","22","9","C03","24.148026","120.660878","2"
"2019","8","13","7","6","臺中市","北屯區","0","1","0","6","1","5","50","4","1","1","4","4","5","7","1","1","10","5","5","2","17","6","3","10","1","1","B03","7","6","1","8","2","6","","6","6","1","21","8","B03","24.174006","120.67154","2"
"2019","8","13","7","10","臺中市","大雅區","0","0","0","6","","","50","","","","","","","","","","","","","","","","","","","","B03","","","1","","1","","","23","","1","22","","B03","24.221342","120.647399","3"
"2019","8","13","7","15","臺中市","霧峰區","0","0","0","6","","","70","","","","","","","","","","","","","","","","","","","","B03","","","1","","2","","","23","","1","5","","B03","24.079935","120.664024","3"
"2019","8","13","7","15","臺中市","龍井區","0","1","0","6","1","5","40","4","8","1","4","4","5","7","1","2","1","2","1","1","12","42","3","10","1","4","B03","7","9","1","2","2","5","","42","42","1","22","8","B03","24.176896","120.576943","2"
"2019","8","13","7","15","臺中市","大安區","0","1","0","6","1","5","50","3","1","1","4","4","5","7","1","1","10","5","5","2","16","25","2","1","1","1","C03","7","9","3","18","2","11","","25","25","1","7","8","C03","24.364939","120.602725","2"
"2019","8","13","7","18","臺中市","大里區","0","1","0","6","1","5","50","14","9","1","4","4","5","7","4","4","5","5","5","1","17","6","2","9","1","1","C03","7","9","1","10","2","12","","23","6","1","21","8","C03","24.10129","120.68992","2"
"2019","8","13","7","21","臺中市","梧棲區","0","0","0","6","","","40","","","","","","","","","","","","","","","","","","","","A11","","","1","","2","","","17","","1","10","","A11","24.246959","120.535757","3"
"2019","8","13","7","23","臺中市","潭子區","0","0","0","6","","","40","","","","","","","","","","","","","","","","","","","","B03","","","1","","2","","","12","","1","22","","B03","24.213524","120.710805","3"
"2019","8","13","7","26","臺中市","太平區","0","0","0","6","","","50","","","","","","","","","","","","","","","","","","","","C03","","","1","","2","","","23","","1","21","","C03","24.144198","120.712199","3"
"2019","8","13","7","30","臺中市","大肚區","0","0","0","6","","","60","","","","","","","","","","","","","","","","","","","","B03","","","1","","2","","","16","","1","21","","B03","24.163743","120.542816","3"
"2019","8","13","7","36","臺中市","西屯區","0","0","0","6","1","5","60","","","","","","","","","","","","","","","23","","","","","B03","","","1","","2","1","","23","23","1","22","","B03","24.168535","120.640031","3"
"2019","8","13","7","37","臺中市","大里區","0","0","0","6","1","5","40","14","7","1","4","4","5","7","4","","5","5","4","2","13","23","3","10","1","1","C03","7","9","1","10","2","11","","23","23","1","21","1","C03","24.098673","120.698212","3"
"2019","8","13","7","38","臺中市","神岡區","0","2","0","6","1","5","40","3","1","1","4","4","5","7","4","4","10","5","5","2","13","23","2","8","1","1","C03","7","9","1","10","2","11","","23","23","1","22","8","C03","24.244816","120.683242","2"
"2019","8","13","7","40","臺中市","北屯區","0","1","0","6","1","5","50","4","2","1","4","4","5","7","1","1","1","2","4","2","29","67","","","","","","","","","","","","","67","67","1","","","","24.162763","120.693255","2"
"2019","8","13","7","45","臺中市","北屯區","0","0","0","8","","","50","","","","","","","","","","","","","","","","","","","","B03","","","1","","2","","","16","","1","22","","B03","24.178501","120.670693","3"
"2019","8","13","7","45","臺中市","霧峰區","0","2","0","6","1","5","50","4","9","1","4","4","5","7","3","1","9","5","4","2","16","8","2","9","1","1","C03","7","5","1","10","2","12","","8","8","1","22","8","C03","24.044766","120.672856","2"
"2019","8","13","7","45","臺中市","大肚區","0","0","0","6","","","50","","","","","","","","","","","","","","","","","","","","B03","","","1","","2","","","7","","1","21","","B03","24.121931","120.567791","3"
"2019","8","13","7","46","臺中市","北屯區","0","0","0","6","","","50","","","","","","","","","","","","","","","","","","","","B03","","","1","","2","","","23","","1","21","","B03","24.172108","120.711226","3"
"2019","8","13","7","50","臺中市","大里區","0","1","0","6","1","5","50","14","7","1","4","4","5","7","4","4","9","4","5","1","16","10","3","10","1","1","B03","7","11","1","8","2","8","","10","10","1","4","1","B03","24.082498","120.698473","2"
"2019","8","13","7","50","臺中市","梧棲區","0","1","0","6","1","5","50","14","9","1","4","4","5","7","4","4","5","5","5","1","11","1","2","8","1","1","F03","7","4","8","20","2","16","","1","1","1","2","1","F03","24.238214","120.51969","2"
"2019","8","13","7","50","臺中市","大雅區","0","1","0","6","1","5","50","5","1","1","4","4","5","7","1","1","5","5","5","1","18","23","2","9","1","1","C03","7","9","1","10","2","12","","23","23","1","21","8","C03","24.21576","120.667585","2"
"2019","8","13","7","55","臺中市","沙鹿區","0","0","0","","","","","","","","","","","","","","","","","","","","","","","","B12","","","1","","2","","","23","","1","","","B12","24.220771","120.555968","4"
"2019","8","13","7","58","臺中市","南區","0","0","0","","","","","","","","","","","","","","","","","","","18","","","","","B03","","","1","","2","","","18","18","1","5","","B03","24.12098","120.684196","3"
"2019","8","13","8","0","臺中市","南區","0","0","0","6","","","50","","","","","","","","","","","","","","","6","","","","","B03","","","1","","2","","","6","6","1","21","","B03","24.130715","120.677061","3"
"2019","8","13","8","0","臺中市","霧峰區","0","0","0","6","","","40","","","","","","","","","","","","","","","","","","","","B12","","","1","","2","","","12","","1","12","","B12","24.066555","120.691278","3"
"2019","8","13","8","2","臺中市","南屯區","0","0","0","6","","","50","","","","","","","","","","","","","","","44","","","","","B03","","","1","","2","","","8","44","1","21","","B03","24.142925","120.643569","3"
"2019","8","13","8","2","臺中市","潭子區","0","1","0","6","1","5","30","14","9","1","4","4","5","7","4","4","10","5","5","1","17","16","2","9","1","1","C03","7","9","1","10","2","14","","16","16","1","22","8","C03","24.203301","120.713521","2"
"2019","8","13","8","4","臺中市","后里區","0","0","0","6","","","50","","","","","","","","","","","","","","","","","","","","B03","","","1","","2","","","6","","1","","","B03","24.323611","120.723676","3"
"2019","8","13","8","5","臺中市","北屯區","0","1","0","6","1","5","50","14","9","1","4","4","5","7","4","4","4","3","5","2","18","23","2","9","1","1","C03","7","9","1","10","2","15","","23","23","1","21","8","C03","24.177216","120.690441","2"
"2019","8","13","8","5","臺中市","大雅區","0","1","0","6","1","5","50","4","2","1","4","4","5","7","2","1","3","4","4","1","12","17","2","9","1","1","C03","7","9","1","10","2","14","","17","17","1","22","9","C03","24.225295","120.613626","2"
"2019","8","13","8","10","臺中市","西屯區","0","0","0","6","","","50","","","","","","","","","","","","","","","","","","","","B03","","","1","","2","","","17","","1","","","B03","24.159361","120.610938","3"
"2019","8","13","8","10","臺中市","太平區","0","1","0","6","1","5","40","14","12","1","4","4","5","7","4","4","4","5","4","2","17","23","2","9","1","1","C03","7","9","1","10","2","11","","23","23","1","5","5","C03","24.120322","120.7338","2"
"2019","8","13","8","12","臺中市","梧棲區","0","0","0","6","","","60","","","","","","","","","","","","","","","","","","","","B03","","","1","","2","","","25","","1","2","","B03","24.250192","120.536142","3"
"2019","8","13","8","12","臺中市","豐原區","0","0","0","6","1","5","50","14","9","1","4","4","5","7","1","1","3","5","","1","13","","","","","","A11","","","1","","2","","","23","","1","22","","A11","24.249023","120.700535","3"
"2019","8","13","8","13","臺中市","北屯區","0","0","0","6","","","40","","","","","","","","","","","","","","","23","","","","","B03","","","1","8","2","","","23","23","1","21","","B03","24.161095","120.718756","3"
"2019","8","13","8","15","臺中市","梧棲區","0","2","0","6","1","5","50","4","1","1","4","4","5","7","4","4","10","5","5","2","15","6","2","9","1","1","B03","7","9","1","8","2","2","","6","6","1","2","1","B03","24.235598","120.526265","2"
"2019","8","13","8","24","臺中市","大安區","0","1","0","6","1","5","50","14","8","1","4","4","5","7","4","4","9","5","5","1","16","10","3","10","1","1","B03","7","11","1","8","2","4","","10","10","1","4","8","B03","24.347445","120.608288","2"
"2019","8","13","8","25","臺中市","北屯區","0","0","0","","","","","","","","","","","","","","","","","","","","","","","","B03","","","1","","2","","","6","","","","","B03","24.186783","120.682958","3"
"2019","8","13","8","25","臺中市","西屯區","0","0","0","6","","","60","","","","","","","","","","","","","","","","","","","","B03","","","1","","2","","","26","","1","22","","B03","24.206676","120.626333","3"
"2019","8","13","8","25","臺中市","烏日區","0","0","0","6","","","40","","","","","","","","","","","","","","","","","","","","B03","","","1","","2","","","16","","1","21","","B03","24.111146","120.618138","3"
"2019","8","13","8","26","臺中市","北區","0","1","0","6","1","5","50","14","7","1","4","4","5","7","4","4","3","4","4","2","16","19","3","10","1","1","A02","7","1","1","2","2","8","","19","19","1","22","8","A02","24.143898","120.685828","2"
"2019","8","13","8","27","臺中市","豐原區","0","0","0","6","","","50","","","","","","","","","","","","","","","","","","","","A31","","","1","","2","","","6","","1","22","","A31","24.277253","120.726775","3"
"2019","8","13","8","30","臺中市","大甲區","0","1","0","6","1","5","50","4","1","1","4","4","5","7","4","4","10","5","5","2","15","6","2","8","1","1","C03","7","9","1","10","2","13","","6","6","1","4","8","C03","24.346182","120.62246","2"
"2019","8","13","8","36","臺中市","霧峰區","0","2","0","6","1","5","50","14","9","1","4","4","5","7","4","4","5","5","5","2","3","23","2","9","1","1","C03","7","9","1","10","2","14","","23","23","1","21","8","C03","24.06848","120.700846","2"
"2019","8","13","8","39","臺中市","西屯區","0","0","0","8","","","50","","","","","","","","","","","","","","","","","","","","B03","","","1","","2","","","23","","1","22","","B03","24.164109","120.632883","3"
"2019","8","13","8","39","臺中市","大雅區","0","0","0","6","","","50","","","","","","","","","","","","","","","","","","","","B03","","","1","","1","","","23","","1","22","","B03","24.225535","120.645267","3"
"2019","8","13","8","40","臺中市","西區","0","1","0","6","1","5","50","14","9","1","4","4","5","7","4","4","9","5","5","2","17","6","3","10","1","1","B03","7","5","1","8","2","8","","6","6","1","22","9","B03","24.153299","120.664945","2"
"2019","8","13","8","42","臺中市","西屯區","0","1","0","6","1","5","40","14","8","1","4","4","5","7","4","4","5","4","4","2","17","42","2","9","1","1","C03","7","9","1","9","2","12","","42","42","1","22","8","C03","24.172982","120.637226","2"
"2019","8","13","8","48","臺中市","大里區","0","0","0","6","1","5","50","4","2","1","4","4","5","7","3","1","5","5","4","2","11","9","3","10","4","1","B03","7","6","1","8","9","8","","9","9","2","9","8","B03","24.102445","120.695984","3"
"2019","8","13","8","50","臺中市","南區","0","1","0","6","1","5","50","14","8","1","4","4","5","7","4","4","5","4","4","2","16","19","3","10","1","1","B03","7","1","1","8","2","4","","19","19","1","22","8","B03","24.133928","120.681028","2"
"2019","8","13","8","53","臺中市","龍井區","0","0","0","6","","","50","","","","","","","","","","","","","","","","","","","","A04","","","1","","9","","","23","","1","10","","A04","24.214778","120.525908","3"
"2019","8","13","8","55","臺中市","西屯區","0","0","0","6","","","50","","","","","","","","","","","","","","","","","","","","B03","","","1","","2","","","23","","1","","","B03","24.166566","120.650588","3"
"2019","8","13","8","56","臺中市","豐原區","0","0","0","6","","","50","","","","","","","","","","","","","","","","","","","","B03","","","1","","2","","","23","","1","21","","B03","24.244068","120.729068","3"
"2019","8","13","9","2","臺中市","西屯區","0","1","0","6","1","5","40","14","9","1","4","4","5","7","4","4","10","5","5","2","12","23","2","9","1","1","C03","7","9","1","10","2","11","","23","23","1","22","8","C03","24.180268","120.644216","2"
"2019","8","13","9","4","臺中市","外埔區","0","1","0","6","1","5","50","14","9","1","4","4","5","7","4","4","9","5","5","1","26","43","2","9","3","4","B03","7","9","1","8","2","5","","43","43","1","21","8","B03","24.332095","120.645973","2"
"2019","8","13","9","5","臺中市","西屯區","0","0","0","6","","","80","","","","","","","","","","","","","","","","","","","","B02","","","1","","2","","","16","","1","","","B02","24.175595","120.634023","3"
"2019","8","13","9","6","臺中市","北屯區","0","1","0","6","1","5","50","14","7","1","4","4","5","7","4","4","1","3","5","2","18","67","","","","","","","","","","","","","67","67","1","","","","24.177808","120.721393","2"
"2019","8","13","9","7","臺中市","西區","0","1","0","6","1","5","50","4","1","1","4","4","5","7","1","1","10","5","5","2","17","6","3","10","1","1","B03","7","6","1","8","2","2","","6","6","1","22","9","B03","24.139375","120.676255","2"
"2019","8","13","9","7","臺中市","西區","0","0","0","6","","","50","","","","","","","","","","","","","","","","","","","","B03","","","1","","2","","","16","","1","21","","B03","24.1413","120.673006","3"
"2019","8","13","9","9","臺中市","清水區","0","1","0","6","1","5","50","4","1","1","4","4","5","7","4","4","9","4","5","2","15","6","3","10","1","1","B03","7","9","1","8","2","2","","6","6","1","3","1","B03","24.275598","120.562755","2"
"2019","8","13","9","10","臺中市","清水區","0","0","0","6","1","5","40","14","9","1","4","4","5","7","4","4","10","5","5","2","14","12","3","10","1","1","B12","7","2","1","8","2","3","","12","12","1","5","1","B12","24.272828","120.575161","3"
"2019","8","13","9","18","臺中市","烏日區","0","2","0","6","1","5","50","4","2","1","4","4","5","7","1","1","1","4","4","2","12","6","2","9","1","1","C03","7","5","1","10","2","12","","14","6","1","21","8","C03","24.106133","120.615753","2"
"2019","8","13","9","21","臺中市","南屯區","0","0","0","6","","","50","","","","","","","","","","","","","","","","","","","","B03","","","1","","2","","","10","","1","","","B03","24.156399","120.652395","3"
"2019","8","13","9","26","臺中市","大里區","0","0","0","6","","","40","","","","","","","","","","","","","","","","","","","","B03","","","1","","2","","","23","","1","22","","B03","24.103355","120.708953","3"
"2019","8","13","9","26","臺中市","神岡區","0","0","0","6","","","40","","","","","","","","","","","","","","","","","","","","B12","","","1","","2","","","12","","1","22","","B12","24.258356","120.695489","3"
"2019","8","13","9","28","臺中市","大安區","0","0","0","8","","","70","","","","","","","","","","","","","","","16","","","","","B03","","","1","","2","","","16","16","1","22","","B03","24.379199","120.589005","3"
"2019","8","13","9","30","臺中市","烏日區","0","1","0","6","1","5","40","4","1","1","4","4","5","7","4","4","10","5","5","2","15","5","2","9","1","1","C04","7","9","1","10","2","14","12","5","5","1","21","8","C04","24.11043","120.635027","2"
"2019","8","13","9","30","臺中市","豐原區","0","0","0","","","","","","","","","","","","","","","","","","","","","","","","A11","","","1","","2","","","17","","","","","A11","","","3"
"2019","8","13","9","45","臺中市","西區","0","0","0","6","","","50","","","","","","","","","","","","","","","","","","","","B03","","","1","","2","","","26","","1","21","","B03","24.147825","120.657388","3"
"2019","8","13","9","45","臺中市","西屯區","0","0","0","6","1","5","40","","","","","","","","","","","","","","","17","","","","","B01","","","1","","2","4","","17","17","1","22","","B01","24.18353","120.649076","3"
"2019","8","13","9","47","臺中市","后里區","0","1","0","6","1","5","60","3","2","1","4","4","5","7","1","1","10","4","5","1","12","23","3","10","3","4","C03","7","9","1","10","2","11","","23","23","1","21","8","C03","24.284595","120.722665","2"
"2019","8","13","9","48","臺中市","北區","0","1","0","6","1","5","50","4","3","1","4","4","5","7","1","1","10","5","5","2","18","23","2","9","1","1","C03","7","9","1","10","2","14","","23","23","1","21","8","C03","24.159118","120.684959","2"
"2019","8","13","9","50","臺中市","南屯區","0","0","0","6","","","50","","","","","","","","","","","","","","","","","","","","B03","","","1","","2","","","7","","1","19","","B03","24.118458","120.638965","3"
"2019","8","13","9","50","臺中市","大雅區","0","0","0","6","","","40","","","","","","","","","","","","","","","","","","","","B03","","","1","","2","","","16","","1","21","","B03","24.208363","120.673894","3"
"2019","8","13","9","55","臺中市","潭子區","0","0","0","6","","","60","","","","","","","","","","","","","","","","","","","","B12","","","1","","2","","","7","","1","22","","B12","24.19978","120.715061","3"
"2019","8","13","10","1","臺中市","梧棲區","0","0","0","6","","","50","","","","","","","","","","","","","","","","","","","","B03","","","1","","2","","","23","","1","2","","B03","24.252974","120.550678","3"
"2019","8","13","10","2","臺中市","北區","0","0","0","8","","","40","","","","","","","","","","","","","","","","3","","","","B03","","","1","","2","","","43","","1","22","","B03","24.163851","120.674248","3"
"2019","8","13","10","6","臺中市","烏日區","0","1","0","6","1","5","70","4","1","1","4","4","5","7","2","1","10","5","5","2","16","6","3","10","1","1","B12","7","6","1","8","2","5","","6","6","1","21","8","B12","24.113744","120.590012","2"
"2019","8","13","10","6","臺中市","大甲區","0","1","0","6","1","5","50","4","1","1","4","4","5","7","4","4","10","5","5","2","16","6","3","10","1","1","B03","7","5","1","8","2","8","","6","6","1","4","8","B03","24.344786","120.622106","2"
"2019","8","13","10","10","臺中市","北屯區","0","0","0","6","","","50","","","","","","","","","","","","","","","","","","","","B12","","","1","","2","","","23","","1","","","B12","24.164849","120.708343","3"
"2019","8","13","10","15","臺中市","大里區","0","0","0","6","","","50","","","","","","","","","","","","","","","","","","","","C03","","","1","","2","","","25","","1","18","","C03","24.102863","120.674693","3"
"2019","8","13","10","15","臺中市","太平區","0","0","0","8","","","40","","","","","","","","","","","","","","","6","","","","","B12","","","1","","2","","","6","6","1","","","B12","24.156363","120.708349","3"
"2019","8","13","10","19","臺中市","北屯區","0","0","0","6","","","50","","","","","","","","","","","","","","","","","","","","B03","","","1","","2","","","23","","1","21","","B03","24.201346","120.666055","3"
"2019","8","13","10","23","臺中市","西屯區","0","2","0","6","1","5","40","14","9","1","4","4","5","7","4","4","10","5","5","2","3","23","2","9","1","1","C03","7","9","1","10","2","11","","23","23","1","22","9","C03","24.1746","120.64829","2"
"2019","8","13","10","32","臺中市","烏日區","0","1","0","6","1","5","40","4","1","1","4","4","5","7","4","4","10","5","5","2","15","6","2","9","1","1","C03","7","9","1","10","2","11","","6","6","1","21","8","C03","24.108021","120.603528","2"
"2019","8","13","10","37","臺中市","南屯區","0","1","0","6","1","5","50","4","1","1","4","4","5","7","2","1","5","5","5","2","13","23","2","9","1","1","C03","7","9","1","10","2","11","","23","23","1","4","3","C03","24.149388","120.650485","2"
"2019","8","13","10","38","臺中市","北屯區","0","0","0","6","1","5","50","14","9","1","5","4","5","7","4","4","1","3","5","2","13","23","3","10","1","1","A12","7","9","1","6","2","1","","23","23","1","21","8","A12","24.163367","120.693022","3"
"2019","8","13","10","40","臺中市","大里區","0","0","0","6","","","50","","","","","","","","","","","","","","","","","","","","B03","","","1","","2","","","6","","1","5","","B03","24.094624","120.716891","3"
"2019","8","13","11","0","臺中市","東區","0","1","0","6","1","5","50","4","1","1","4","4","5","7","1","1","10","5","5","2","12","6","3","10","1","1","B03","7","6","1","8","2","2","","6","6","1","22","8","B03","24.133221","120.68042","2"
"2019","8","13","11","14","臺中市","西屯區","0","0","0","6","","","50","","","","","","","","","","","","","","","","","","","","B12","","","1","","2","","","16","","1","22","","B12","24.182966","120.632133","3"
"2019","8","13","11","15","臺中市","霧峰區","0","1","0","8","1","5","70","3","1","1","5","4","5","1","2","1","10","5","5","2","16","25","2","9","1","1","C03","7","9","1","10","2","11","","25","25","1","21","8","C03","24.034219","120.694007","2"
"2019","8","13","11","16","臺中市","大雅區","0","0","0","8","","","50","","","","","","","","","","","","","","","","","","","","B03","","","2","","2","","","23","","1","","","B03","24.228267","120.651517","3"
"2019","8","13","11","20","臺中市","大里區","0","1","0","7","1","5","50","5","2","1","4","4","5","7","3","1","5","5","5","1","17","26","3","10","1","1","C03","7","11","4","8","11","15","","26","26","1","11","5","C03","24.082636","120.696583","2"
"2019","8","13","11","20","臺中市","霧峰區","0","0","0","8","","","40","","","","","","","","","","","","","","","","","","","","B12","","","1","","2","","","23","","1","9","","B12","24.062318","120.662893","3"
"2019","8","13","11","20","臺中市","潭子區","0","0","0","6","","","50","","","","","","","","","","","","","","","","","","","","B12","","","1","","2","","","12","","1","6","","B12","24.21068","120.708796","3"
"2019","8","13","11","20","臺中市","大雅區","0","0","0","6","","","50","","","","","","","","","","","","","","","","","","","","B03","","","1","","2","","","23","","1","22","","B03","24.213646","120.649691","3"