"年","月","日","時","分","縣市","區","死","受傷","2-30","天候","光線","道路類別","速限","道路型態","事故位置","路面鋪裝","路面狀態","路面缺陷","障礙物","視距","號誌種類","號誌動作","分向設施","快車道或一般車道間","快慢車道間","路面邊線","事故類型及型態","主要肇因","受傷程度","主要傷處","保護裝備","行動電話","當事者區分(類別)","車輛用途","當事者行動狀態","駕駛資格情形","駕駛執照種類","飲酒情形","車輛撞擊部位最初","車輛撞擊部位其他","肇事因素個別","肇事因素主要","肇事逃逸","職業","旅次目的","車種","GPS座標(緯度)","GPS座標(經度)","事故類別"
"2019","8","13","11","22","臺中市","大里區","0","1","0","6","1","5","50","3","9","1","4","4","5","7","4","4","9","5","4","2","16","8","3","10","1","1","B12","7","5","1","8","2","6","","8","8","1","22","8","B12","24.100025","120.694705","2"
"2019","8","13","11","25","臺中市","南屯區","0","0","0","8","","","40","","","","","","","","","","","","","","","","","","","","B11","","","1","","2","","","12","","1","4","","B11","24.133496","120.640096","3"
"2019","8","13","11","35","臺中市","西屯區","0","1","0","7","1","5","50","14","9","1","5","4","5","7","4","4","1","4","5","2","13","16","2","9","1","1","C03","7","9","1","10","2","11","","16","16","1","22","9","C03","24.171755","120.662211","2"
"2019","8","13","11","40","臺中市","北區","0","1","0","8","1","5","50","11","7","1","4","4","5","7","4","4","10","4","4","2","12","23","3","10","1","1","B03","7","9","6","8","2","5","","23","23","1","22","8","B03","24.153628","120.679023","2"
"2019","8","13","11","40","臺中市","西屯區","0","1","0","6","1","5","50","3","1","1","4","3","5","7","4","4","1","5","5","2","29","23","2","9","1","1","C03","7","9","1","10","2","14","","23","23","1","22","8","C03","24.173701","120.623573","2"
"2019","8","13","11","45","臺中市","南區","0","1","0","6","1","5","50","4","1","1","4","4","5","7","1","1","10","5","5","2","18","23","2","9","1","1","C03","7","9","1","10","2","15","","23","23","1","21","8","C03","24.127066","120.662801","2"
"2019","8","13","11","59","臺中市","西區","0","1","0","8","1","5","50","14","9","1","4","4","5","7","4","4","5","4","5","2","17","23","2","9","1","1","C03","7","9","1","10","2","11","","23","23","1","4","5","C03","24.146734","120.653446","2"
"2019","8","13","12","1","臺中市","中區","0","1","0","7","1","5","50","4","1","1","4","4","5","7","4","4","10","5","5","2","18","42","2","9","1","1","C03","7","9","1","10","2","14","","42","42","1","21","8","C03","24.14659","120.679235","2"
"2019","8","13","12","1","臺中市","新社區","0","0","0","8","","","50","","","","","","","","","","","","","","","","","","","","B12","","","1","","2","","","23","","1","21","","B12","24.219369","120.802096","3"
"2019","8","13","12","4","臺中市","大雅區","0","1","0","7","1","5","50","14","9","1","5","4","5","7","4","4","5","5","5","1","16","19","3","10","1","1","B03","7","1","1","8","2","7","","19","19","1","21","8","B03","24.218697","120.662177","2"
"2019","8","13","12","8","臺中市","南屯區","0","1","0","8","1","5","50","4","1","1","5","4","5","7","2","1","1","2","5","2","16","27","3","10","1","1","B03","7","6","1","8","2","5","","27","27","1","4","8","B03","24.137526","120.646415","2"
"2019","8","13","12","11","臺中市","太平區","0","1","0","6","1","5","50","3","1","1","4","4","5","7","4","4","5","5","5","2","18","43","2","9","1","1","C03","7","9","1","10","2","11","","43","43","1","21","8","C03","24.154122","120.704082","2"
"2019","8","13","12","15","臺中市","西區","0","0","0","8","","","50","","","","","","","","","","","","","","","","","","","","B03","","","1","","2","","","26","","1","22","","B03","24.137638","120.68505","3"
"2019","8","13","12","15","臺中市","西區","0","0","0","","1","5","50","14","8","1","4","4","5","7","4","4","5","4","4","2","14","","","","","","B03","","","1","","2","","","12","","1","19","","B03","24.163074","120.66204","3"
"2019","8","13","12","20","臺中市","北區","0","0","0","8","","","50","","","","","","","","","","","","","","","","","","","","B03","","","1","","2","","","23","","1","","","B03","24.162755","120.681079","3"
"2019","8","13","12","22","臺中市","西區","0","1","0","6","1","5","50","3","1","1","4","4","5","7","4","4","10","5","5","2","16","9","3","10","1","1","B12","7","6","1","8","2","8","","9","9","1","2","9","B12","24.137968","120.654579","2"
"2019","8","13","12","23","臺中市","東區","0","1","0","6","1","5","50","4","1","1","4","4","5","7","1","1","10","5","5","2","17","10","3","10","1","1","B03","7","11","1","8","2","8","","10","10","1","21","8","B03","24.133513","120.687935","2"
"2019","8","13","12","25","臺中市","神岡區","0","0","0","8","","","50","","","","","","","","","","","","","","","","","","","","A12","","","1","","2","","","12","","1","","","A12","24.262914","120.664463","3"
"2019","8","13","12","55","臺中市","北區","0","1","0","8","1","5","50","14","7","1","4","4","5","7","4","4","10","5","4","2","13","23","3","10","1","1","B02","7","9","1","8","2","1","","23","23","1","22","8","B02","24.152811","120.678923","2"
"2019","8","13","13","0","臺中市","大里區","0","1","0","8","1","5","50","5","9","1","5","4","5","7","1","1","9","5","5","1","16","26","3","10","1","1","B12","7","5","1","8","2","4","","26","26","1","22","8","B12","24.105028","120.672161","2"
"2019","8","13","13","0","臺中市","大里區","0","3","0","8","1","5","50","14","7","1","5","4","5","7","4","4","5","4","5","1","16","19","2","9","4","5","F03","7","1","8","20","2","16","","19","19","1","9","1","F03","24.092885","120.692135","2"
"2019","8","13","13","6","臺中市","北區","0","0","0","","","","","","","","","","","","","","","","","","","","3","","","","B03","","","1","","2","","","23","","1","22","","B03","24.159128","120.665996","3"
"2019","8","13","13","10","臺中市","大里區","0","1","0","8","1","5","50","14","9","1","5","4","5","7","4","4","5","4","5","1","17","19","2","9","1","1","C03","7","1","1","10","2","14","","19","19","1","4","8","C03","24.107143","120.689822","2"
"2019","8","13","13","11","臺中市","大雅區","0","0","0","8","","","50","","","","","","","","","","","","","","","","","","","","B03","","","1","","2","","","23","","1","","","B03","24.235426","120.666996","3"
"2019","8","13","13","18","臺中市","龍井區","0","1","0","8","1","5","40","4","1","1","5","4","5","7","4","4","10","5","5","2","15","6","3","10","1","1","B12","7","9","1","8","2","1","","6","6","1","12","8","B12","24.217831","120.532236","2"
"2019","8","13","13","26","臺中市","西屯區","0","2","0","8","","","40","","","","","","","","","","","","","","","","","","","","","","","7","","11","","","43","","1","","","","24.17629","120.615637","3"
"2019","8","13","13","27","臺中市","西屯區","0","1","0","7","1","5","50","3","8","1","5","4","5","7","4","4","5","4","5","2","16","26","3","10","1","1","B03","7","9","1","8","2","8","","26","26","1","22","9","B03","24.165579","120.636219","2"
"2019","8","13","13","30","臺中市","大雅區","0","1","0","7","1","5","50","5","1","1","5","4","5","7","1","1","10","5","5","2","11","6","3","10","1","1","B03","7","5","1","8","2","1","","6","6","1","22","9","B03","24.218015","120.648875","2"
"2019","8","13","13","45","臺中市","烏日區","0","2","0","8","1","5","50","5","1","1","5","4","5","7","2","1","5","5","5","2","17","42","2","9","1","1","C04","7","14","3","18","2","12","","42","42","1","21","8","C04","24.075666","120.643018","2"
"2019","8","13","13","47","臺中市","南屯區","0","1","0","8","1","5","50","14","9","1","5","4","5","7","4","4","5","4","5","2","17","44","3","10","1","1","B01","7","9","1","4","2","2","","44","44","1","10","4","B01","24.134636","120.644438","2"
"2019","8","13","13","55","臺中市","潭子區","0","1","0","8","1","5","50","3","1","1","5","4","5","7","4","4","5","4","5","1","16","19","3","10","1","1","B12","7","1","1","8","2","8","","19","19","1","9","8","B12","24.203125","120.722705","2"
"2019","8","13","14","0","臺中市","太平區","0","0","0","8","","","40","","","","","","","","","","","","","","","","","","","","B12","","","1","","2","","","17","","2","21","","B12","24.132007","120.70846","3"
"2019","8","13","14","6","臺中市","南屯區","0","0","0","8","","","50","","","","","","","","","","","","","","","","","","","","B03","","","1","","2","","","23","","1","22","","B03","24.148671","120.615429","3"
"2019","8","13","14","12","臺中市","神岡區","0","0","0","","","","","","","","","","","","","","","","","","","","","","","","B01","","","1","","1","","","16","","1","21","","B01","","","3"
"2019","8","13","14","16","臺中市","西屯區","0","1","0","8","1","5","40","14","8","1","4","4","5","7","4","4","1","4","4","2","16","7","3","10","1","1","B01","7","7","1","4","2","8","","7","7","1","22","8","B01","24.165538","120.643859","2"
"2019","8","13","14","22","臺中市","龍井區","0","1","0","8","1","5","50","3","1","1","5","4","5","7","4","4","10","5","5","2","16","26","3","10","1","1","C03","7","4","1","9","2","11","","26","26","1","22","8","C03","24.181147","120.590953","2"
"2019","8","13","14","29","臺中市","北區","0","0","0","8","","","50","","","","","","","","","","","","","","","","","","","","B11","","","1","","2","","","23","","1","22","","B11","24.1521","120.6781","3"
"2019","8","13","14","30","臺中市","北屯區","0","2","0","8","1","5","50","4","1","1","5","4","5","7","1","1","10","5","5","2","16","4","2","9","1","1","C03","7","9","1","10","2","11","","4","4","1","4","8","C03","24.185857","120.677005","2"
"2019","8","13","14","32","臺中市","北屯區","0","0","0","8","","","50","","","","","","","","","","","","","","","","","","","","B03","","","1","","2","","","23","","1","","","B03","24.183163","120.697605","3"
"2019","8","13","14","40","臺中市","霧峰區","0","0","0","8","","","70","","","","","","","","","","","","","","","","","","","","B03","","","1","","2","","","26","","1","22","","B03","24.053813","120.696241","3"
"2019","8","13","14","40","臺中市","大甲區","0","0","0","8","","","80","","","","","","","","","","","","","","","","","","","","A41","","","1","","2","","","23","","1","10","","A41","24.410097","120.615381","3"
"2019","8","13","14","45","臺中市","大里區","0","0","0","8","","","40","","","","","","","","","","","","","","","","","","","","B12","","","1","","2","","","19","","1","9","","B12","24.107658","120.666246","3"
"2019","8","13","14","58","臺中市","北區","0","0","0","8","","","50","","","","","","","","","","","","","","","","","","","","B03","","","1","","2","","","23","","1","22","","B03","24.162448","120.664495","3"
"2019","8","13","15","0","臺中市","清水區","0","1","0","8","1","5","40","14","8","1","5","4","5","7","4","4","1","4","4","2","17","40","2","7","1","1","B11","7","15","1","4","2","4","","40","40","1","21","8","B11","24.270338","120.576188","2"
"2019","8","13","15","24","臺中市","梧棲區","0","1","0","8","1","5","40","14","8","1","5","4","5","7","4","4","1","4","1","1","23","43","2","1","1","4","C03","7","9","1","10","2","11","","43","43","1","21","8","C03","24.228726","120.513919","2"
"2019","8","13","15","31","臺中市","南區","0","2","0","8","1","5","50","3","1","1","5","4","5","7","4","4","10","5","5","2","16","6","3","10","1","1","B12","7","5","1","8","2","1","","6","6","1","22","8","B12","24.126298","120.661003","2"
"2019","8","13","15","32","臺中市","北區","0","0","0","8","","","50","","","","","","","","","","","","","","","","","","","","B12","","","1","","2","","","12","","1","5","","B12","24.15907","120.682798","3"
"2019","8","13","15","36","臺中市","潭子區","0","0","0","8","","","60","","","","","","","","","","","","","","","","","","","","C03","","","1","","2","","","17","","1","22","","C03","24.220921","120.704019","3"
"2019","8","13","15","41","臺中市","北區","0","0","0","8","","","50","","","","","","","","","","","","","","","","","","","","B03","","","1","","2","","","7","","1","20","","B03","24.1576","120.6806","3"
"2019","8","13","15","42","臺中市","潭子區","0","1","0","8","1","5","50","14","7","1","5","4","5","7","4","4","1","4","4","1","16","16","2","9","1","1","C03","7","9","1","10","2","11","","16","16","1","19","8","C03","24.216525","120.701976","2"
"2019","8","13","15","52","臺中市","西屯區","0","0","0","8","","","40","","","","","","","","","","","","","","","","","","","","B03","","","1","","2","","","23","","1","21","","B03","24.163156","120.62885","3"
"2019","8","13","15","52","臺中市","潭子區","0","0","0","8","","","50","","","","","","","","","","","","","","","","","","","","C03","","","1","","9","","","26","","2","22","","C03","24.211456","120.704763","3"
"2019","8","13","15","59","臺中市","豐原區","0","0","0","8","1","5","50","14","9","1","5","4","5","7","4","4","10","5","5","2","12","","","","","","B03","","","1","","9","","","17","","1","22","","B03","24.24869","120.71859","3"
"2019","8","13","16","0","臺中市","南屯區","0","0","0","8","","","50","","","","","","","","","","","","","","","","","","","","B03","","","1","","2","","","23","","1","","","B03","24.148762","120.625858","3"
"2019","8","13","16","9","臺中市","西屯區","0","0","0","8","","","50","","","","","","","","","","","","","","","","","","","","B03","","","1","","2","","","23","","1","22","","B03","24.17453","120.631686","3"
"2019","8","13","16","12","臺中市","西屯區","0","0","0","8","","","40","","","","","","","","","","","","","","","","","","","","B03","","","1","","2","","","23","","1","4","","B03","24.175625","120.634289","3"
"2019","8","13","16","20","臺中市","神岡區","0","0","0","8","","","50","","","","","","","","","","","","","","","","","","","","A12","","","1","","2","","","17","","","","","A12","24.263608","120.660487","3"
"2019","8","13","16","20","臺中市","大雅區","0","1","0","8","1","5","40","4","1","1","5","4","5","7","4","4","10","5","5","2","17","6","2","8","1","1","C03","7","5","1","10","2","11","","6","6","1","22","1","C03","24.227294","120.655817","2"
"2019","8","13","16","24","臺中市","潭子區","0","0","0","8","","","50","","","","","","","","","","","","","","","","","","","","B12","","","1","","2","","","16","","1","9","","B12","24.218308","120.723725","3"
"2019","8","13","16","30","臺中市","太平區","0","0","0","8","","","50","","","","","","","","","","","","","","","","","","","","B02","","","1","","2","","","38","","1","21","","B02","24.149602","120.713364","3"
"2019","8","13","16","30","臺中市","神岡區","0","1","0","8","1","5","50","3","1","1","5","4","5","7","1","1","1","1","5","1","16","42","2","8","1","1","C03","7","15","1","10","2","11","","42","42","1","21","8","C03","24.248353","120.694751","2"
"2019","8","13","16","35","臺中市","潭子區","0","1","0","8","1","5","50","4","2","1","5","4","5","7","1","1","5","5","5","1","11","23","3","10","1","1","B12","7","5","1","8","2","4","","23","23","1","22","7","B12","24.202958","120.67481","2"
"2019","8","13","16","40","臺中市","梧棲區","0","1","0","8","1","5","40","5","1","1","5","4","5","7","1","1","10","5","5","2","16","23","2","9","3","4","C03","7","9","3","18","2","11","","23","23","1","21","8","C03","24.221653","120.524386","2"
"2019","8","13","16","45","臺中市","西屯區","0","0","0","8","","","50","","","","","","","","","","","","","","13","23","","","","","B03","","","1","","2","1","","23","23","1","22","","B03","24.167641","120.587806","3"
"2019","8","13","16","45","臺中市","烏日區","0","0","0","8","","","70","","","","","","","","","","","","","","","","","","","","B02","","","1","","2","","","23","","1","","","B02","24.109335","120.604423","3"
"2019","8","13","16","48","臺中市","西屯區","0","0","0","8","","","40","","","","","","","","","","","","","","","","","","","","B12","","","1","","2","","","12","","1","","","B12","24.169258","120.619636","3"
"2019","8","13","16","53","臺中市","清水區","0","1","0","8","1","5","50","4","1","1","5","4","5","7","3","1","10","5","5","1","16","26","2","9","1","1","C03","7","9","1","10","2","14","","26","26","1","18","8","C03","24.269223","120.56991","2"
"2019","8","13","16","59","臺中市","大甲區","0","0","0","8","","","40","","","","","","","","","","","","","","","","","","","","B03","","","1","","2","","","43","","1","21","","B03","24.346295","120.614544","3"
"2019","8","13","17","0","臺中市","西區","0","2","0","8","1","5","50","15","20","2","5","4","5","7","4","4","10","5","5","2","9","42","2","9","1","1","C03","7","9","1","10","1","11","","42","42","1","22","8","C03","24.140369","120.660608","2"
"2019","8","13","17","3","臺中市","南屯區","0","2","0","8","1","5","50","4","1","1","5","4","5","7","1","1","3","4","2","2","16","7","2","9","1","1","C03","7","7","1","10","2","12","","7","7","1","22","8","C03","24.139026","120.612776","2"
"2019","8","13","17","5","臺中市","太平區","0","1","0","8","1","5","40","14","12","1","5","4","5","7","4","4","5","5","4","1","14","4","2","9","1","1","C03","7","9","1","10","2","14","","4","4","1","5","8","C03","24.111666","120.730555","2"
"2019","8","13","17","5","臺中市","清水區","0","2","0","8","1","5","60","4","2","1","5","4","5","7","3","1","1","4","5","1","13","23","2","3","1","1","C03","7","5","1","10","2","13","","26","23","1","22","8","C03","24.262488","120.5481","2"
"2019","8","13","17","6","臺中市","潭子區","0","1","0","8","1","5","50","14","8","1","5","4","5","7","4","4","1","4","4","1","16","23","2","9","1","1","C03","7","9","1","10","2","11","","23","23","1","18","8","C03","24.215841","120.691731","2"
"2019","8","13","17","7","臺中市","北屯區","0","0","0","8","","","50","","","","","","","","","","","","","","","","","","","","","","","7","","10","","","17","","","","","","24.187257","120.686127","3"
"2019","8","13","17","7","臺中市","西屯區","0","0","0","8","","","50","","","","","","","","","","","","","","","","","","","","B03","","","1","","2","","","23","","1","21","","B03","24.155653","120.647085","3"
"2019","8","13","17","10","臺中市","東區","0","1","0","8","2","5","50","4","1","1","5","4","5","7","1","1","10","5","5","2","16","6","3","10","1","1","B03","7","6","1","7","2","5","","6","6","1","22","8","B03","24.143128","120.685996","2"
"2019","8","13","17","15","臺中市","南區","0","0","0","8","1","5","50","3","1","1","5","4","5","7","4","4","10","5","5","2","16","6","","","","","B03","","","1","8","2","","","6","6","1","5","","B03","24.108385","120.65029","3"
"2019","8","13","17","24","臺中市","霧峰區","0","0","0","8","","","50","","","","","","","","","","","","","","","","","","","","B03","","","1","","2","","","42","","1","4","","B03","24.072677","120.692726","3"
"2019","8","13","17","29","臺中市","西屯區","0","0","0","8","","","50","","","","","","","","","","","","","","","","","","","","B03","","","1","","2","","","23","","1","22","","B03","24.162003","120.650873","3"
"2019","8","13","17","30","臺中市","大肚區","0","0","0","8","","","70","","","","","","","","","","","","","","","","","","","","B03","","","1","","2","","","23","","1","21","","B03","24.168373","120.542318","3"
"2019","8","13","17","31","臺中市","大甲區","0","0","0","8","","","","","","","","","","","","","","","","","","","","","","","","","","7","","11","","","43","","","","","","24.354217","120.630838","3"
"2019","8","13","17","35","臺中市","大雅區","0","1","0","8","1","5","50","4","1","1","5","4","5","7","1","1","10","5","5","2","16","6","3","10","1","1","B03","7","6","1","8","2","2","","6","6","1","22","9","B03","24.231134","120.653784","2"
"2019","8","13","17","40","臺中市","北屯區","0","1","0","8","1","5","40","4","1","1","5","4","5","7","1","1","10","5","5","2","16","8","2","9","1","1","C03","7","5","6","10","2","14","13","8","8","1","5","8","C03","24.169469","120.705989","2"
"2019","8","13","17","40","臺中市","北屯區","0","0","0","8","","","50","","","","","","","","","","","","","","","","","","","","B03","","","1","","2","","","7","","1","21","","B03","24.181778","120.682097","3"
"2019","8","13","17","43","臺中市","大里區","0","0","0","8","2","5","40","14","9","1","5","4","5","7","4","4","8","3","5","1","13","","","","","","B03","","","1","","2","","","16","","","","","B03","24.094527","120.707499","3"
"2019","8","13","17","47","臺中市","西區","0","4","0","8","1","5","50","14","8","1","5","4","5","7","4","4","1","5","4","2","17","7","2","9","1","1","C03","7","8","1","10","2","11","","7","7","1","22","9","C03","24.139931","120.6646","2"
"2019","8","13","17","48","臺中市","大肚區","0","0","0","","","","","","","","","","","","","","","","","","","","","","","","B03","","","1","","2","","","17","","1","5","","B03","24.152035","120.548544","3"
"2019","8","13","17","48","臺中市","豐原區","0","0","0","8","","","40","","","","","","","","","","","","","","","17","","","","","B03","","","1","","2","","","17","17","","12","","B03","24.255576","120.706896","3"
"2019","8","13","18","9","臺中市","北區","0","2","0","8","1","5","50","14","9","1","5","4","5","7","4","4","9","5","5","2","13","23","2","9","1","1","C03","7","9","1","10","2","11","","23","23","1","22","8","C03","24.1674","120.672","2"
"2019","8","13","18","17","臺中市","南區","0","2","0","8","2","5","40","14","8","1","5","4","5","7","4","4","3","4","4","2","16","23","2","9","3","4","C03","7","9","1","10","2","14","","23","23","1","5","8","C03","24.11263","120.65181","2"
"2019","8","13","18","22","臺中市","北區","0","2","0","8","3","5","50","4","2","1","5","4","5","7","2","1","5","5","5","2","13","23","2","9","3","4","C03","7","9","1","10","2","11","","23","23","1","22","9","C03","24.165581","120.685393","2"
"2019","8","13","18","22","臺中市","大雅區","0","0","0","8","","","50","","","","","","","","","","","","","","","","","","","","B03","","","1","","2","","","12","","1","","","B03","24.226243","120.645182","3"
"2019","8","13","18","31","臺中市","西區","0","2","0","8","3","5","50","4","1","4","5","4","5","7","1","1","10","5","5","2","15","25","2","9","1","1","C04","7","9","3","18","2","11","","25","25","1","19","7","C04","24.136536","120.662614","2"
"2019","8","13","18","35","臺中市","南屯區","0","0","0","8","","","40","","","","","","","","","","","","","","","","","","","","B12","","","1","","2","","","12","","1","","","B12","24.149259","120.61546","3"
"2019","8","13","18","39","臺中市","霧峰區","0","1","0","8","1","5","50","3","2","1","5","4","5","7","1","1","5","5","4","2","16","23","3","10","1","1","B03","7","6","1","8","2","8","","23","23","1","20","8","B03","24.06487","120.697245","2"
"2019","8","13","18","46","臺中市","大甲區","0","1","0","8","2","5","50","14","9","1","5","4","5","7","4","4","5","4","5","1","17","8","2","9","1","1","C03","7","5","1","10","2","11","","8","8","1","21","8","C03","24.349731","120.626686","2"
"2019","8","13","18","47","臺中市","大里區","0","0","0","8","","","50","","","","","","","","","","","","","","","","","","","","B03","","","1","","2","","","18","","1","4","","B03","24.105296","120.696737","3"
"2019","8","13","18","55","臺中市","西區","0","0","0","8","","","50","","","","","","","","","","","","","","","","","","","","B03","","","1","","2","","","7","","1","22","","B03","24.146758","120.664566","3"
"2019","8","13","19","3","臺中市","北屯區","0","1","0","8","3","5","50","14","9","1","5","4","5","7","4","4","5","5","4","2","3","51","2","9","4","5","H01","8","20","8","20","10","16","","51","51","1","22","8","H01","24.176622","120.691125","2"
"2019","8","13","19","3","臺中市","西屯區","0","0","0","8","","","60","","","","","","","","","","","","","","","16","","","","","B03","","","1","","2","","","16","16","1","21","","B03","24.160725","120.652936","3"
"2019","8","13","19","4","臺中市","西屯區","0","2","0","8","1","5","50","4","1","1","5","4","5","7","1","1","5","4","5","2","16","25","2","9","1","1","C03","7","9","1","10","2","11","","25","25","1","22","8","C03","24.179826","120.624969","2"
"2019","8","13","19","11","臺中市","西屯區","0","0","0","8","","","50","","","","","","","","","","","","","","","","","","","","B03","","","1","","2","","","12","","1","","","B03","24.181388","120.627238","3"
"2019","8","13","19","20","臺中市","烏日區","0","0","0","8","","","70","","","","","","","","","","","","","","","23","","","","","B12","","","1","","8","","","23","23","2","22","","B12","24.107605","120.611815","3"
"2019","8","13","19","27","臺中市","烏日區","0","2","0","8","3","5","50","3","2","1","5","4","5","7","1","1","1","3","5","2","13","21","3","10","1","1","B03","7","9","1","3","8","1","","21","21","1","22","8","B03","24.107618","120.61111","2"
"2019","8","13","19","34","臺中市","南屯區","0","0","0","8","","","50","","","","","","","","","","","","","","","","","","","","B03","","","1","","2","","","23","","1","5","","B03","24.150151","120.622295","3"
"2019","8","13","19","36","臺中市","南屯區","0","1","0","8","3","5","50","14","9","1","5","4","5","7","4","4","1","2","5","2","13","16","2","3","3","4","C03","7","9","1","10","2","11","","16","16","1","22","9","C03","24.151004","120.652781","2"
"2019","8","13","19","41","臺中市","潭子區","0","0","0","8","1","5","60","14","7","1","5","4","5","7","4","4","3","4","4","1","13","","","","","","B03","","","1","","2","","","23","","1","22","","B03","24.190027","120.702527","3"
"2019","8","13","19","43","臺中市","北區","0","1","0","8","1","5","50","4","1","1","5","4","5","7","1","1","10","5","5","2","15","25","2","9","1","1","F02","7","9","8","20","2","16","","25","25","1","22","8","F02","24.1649","120.6675","2"
"2019","8","13","19","46","臺中市","西屯區","","","","8","","","50","","","","","","","","","","","","","","","","","","","","B03","","","1","","2","","","16","","1","22","","B03","24.170566","120.644648","3"
"2019","8","13","19","50","臺中市","潭子區","0","0","0","8","","","50","","","","","","","","","","","","","","","","","","","","B03","","","1","","2","","","42","","","21","","B03","24.200744","120.703675","3"
"2019","8","13","20","4","臺中市","西屯區","0","0","0","8","","","70","","","","","","","","","","","","","","12","43","","","","","B03","","","1","","2","2","","43","43","1","22","","B03","24.18155","120.618901","3"
"2019","8","13","20","10","臺中市","太平區","0","1","0","8","1","5","50","14","9","1","5","4","5","7","4","4","5","5","5","2","13","16","2","9","1","1","C03","7","9","1","10","2","12","","16","16","1","21","8","C03","24.148975","120.714118","2"
"2019","8","13","20","14","臺中市","西區","0","0","0","8","3","5","50","5","1","1","5","4","5","7","1","1","10","5","5","2","17","","","","","","B03","","","1","","2","","","23","","1","4","","B03","24.130996","120.667793","3"
"2019","8","13","21","0","臺中市","大甲區","0","0","0","8","","","50","","","","","","","","","","","","","","","","","","","","B03","","","1","","2","","","12","","1","4","","B03","24.36251","120.638978","3"
"2019","8","13","21","38","臺中市","梧棲區","0","0","0","8","","","50","","","","","","","","","","","","","","","","","","","","B03","","","1","","2","","","16","","1","3","","B03","24.255798","120.561753","3"
"2019","8","13","21","40","臺中市","北區","0","1","0","8","1","5","50","5","1","1","5","4","5","7","1","1","10","5","5","2","13","23","2","9","1","1","C03","7","9","1","10","2","11","","23","23","1","5","8","C03","24.154821","120.686252","2"
"2019","8","13","21","51","臺中市","西屯區","0","1","0","8","3","5","50","4","1","1","5","4","5","7","4","4","9","4","4","2","16","14","3","10","1","1","B03","7","9","1","8","2","1","","14","14","1","12","8","B03","24.182835","120.64629","2"
"2019","8","13","21","56","臺中市","北區","0","0","0","8","","","50","","","","","","","","","","","","","","","","","","","","B03","","","1","","2","","","12","","1","22","","B03","24.1716","120.6682","3"
"2019","8","13","22","3","臺中市","北區","0","1","0","8","3","5","50","4","1","1","5","4","5","7","1","1","10","5","5","2","13","13","2","9","1","1","C03","7","9","2","18","2","11","","13","13","1","22","1","C03","24.165326","120.682946","2"
"2019","8","13","22","3","臺中市","太平區","0","1","0","8","3","5","50","4","2","1","5","4","5","7","2","1","5","5","4","2","13","23","3","10","1","1","B03","7","9","1","8","2","1","","23","23","1","18","9","B03","24.148304","120.734187","2"
"2019","8","13","22","5","臺中市","東區","0","1","0","7","3","5","50","4","1","1","5","4","5","7","1","1","10","5","5","2","16","6","3","10","1","1","B03","7","5","1","8","2","5","","6","6","1","22","8","B03","24.142793","120.691308","2"
"2019","8","13","22","15","臺中市","西屯區","0","2","0","8","1","5","50","14","9","1","5","4","5","7","2","1","1","4","5","2","13","23","2","9","1","1","C03","7","9","3","18","2","11","","23","23","1","22","8","C03","24.165676","120.65174","2"
"2019","8","13","22","20","臺中市","北區","0","0","0","8","","","50","","","","","","","","","","","","","","","","","","","","B01","","","1","","2","","","23","","1","10","","B01","24.15866","120.69119","3"
"2019","8","13","23","6","臺中市","烏日區","0","0","0","8","","","50","","","","","","","","","","","","","","","","","","","","B03","","","1","","2","","","23","","1","22","","B03","24.108195","120.62816","3"
"2019","8","13","23","8","臺中市","潭子區","0","2","0","8","3","5","20","14","9","5","5","4","5","7","4","4","10","5","5","1","17","16","2","9","1","1","C03","7","9","1","10","2","14","","16","16","1","22","8","C03","24.199188","120.712135","2"
"2019","8","13","23","10","臺中市","潭子區","0","0","0","8","3","5","50","11","9","1","5","4","5","7","4","4","5","5","5","2","25","23","3","10","1","1","C03","7","15","6","18","8","14","","23","23","1","22","9","C03","24.198076","120.698079","3"
"2019","8","14","0","16","臺中市","太平區","0","1","0","8","3","5","50","14","9","1","5","4","5","7","4","4","5","5","5","2","18","23","2","9","3","4","C03","7","9","1","10","8","14","","23","23","1","5","8","C03","24.112913","120.71752","2"
"2019","8","14","6","21","臺中市","大甲區","0","0","0","6","","","50","","","","","","","","","","","","","","","","","","","","B12","","","1","","2","","","12","","1","4","","B12","24.351171","120.624371","3"
"2019","8","14","6","41","臺中市","西屯區","0","1","0","6","1","5","50","14","9","1","4","4","5","7","4","4","9","4","5","2","16","19","3","10","3","4","B03","7","1","1","8","2","7","","19","19","1","22","9","B03","24.156515","120.654273","2"
"2019","8","14","6","59","臺中市","太平區","0","1","0","7","1","5","40","14","11","1","4","4","5","7","4","4","5","5","4","1","18","42","2","9","1","1","C03","7","9","1","10","2","12","","42","42","1","21","8","C03","24.154249","120.703785","2"
"2019","8","14","7","3","臺中市","北屯區","0","0","0","8","","","50","","","","","","","","","","","","","","","","","","","","C03","","","1","","2","","","23","","1","21","","C03","24.182075","120.691678","3"
"2019","8","14","7","10","臺中市","西屯區","0","1","0","6","1","5","40","3","2","1","4","4","5","7","4","4","1","4","4","2","17","42","2","9","1","1","C03","7","15","1","10","2","14","11","42","42","1","22","8","C03","24.201285","120.660603","2"
"2019","8","14","7","13","臺中市","南區","0","1","0","7","1","5","50","4","1","1","4","4","5","7","4","4","10","5","5","2","17","43","3","10","3","4","B03","7","5","1","8","2","15","","43","43","1","5","8","B03","24.128945","120.66369","2"