"年","月","日","時","分","縣市","區","死","受傷","2-30","天候","光線","道路類別","速限","道路型態","事故位置","路面鋪裝","路面狀態","路面缺陷","障礙物","視距","號誌種類","號誌動作","分向設施","快車道或一般車道間","快慢車道間","路面邊線","事故類型及型態","主要肇因","受傷程度","主要傷處","保護裝備","行動電話","當事者區分(類別)","車輛用途","當事者行動狀態","駕駛資格情形","駕駛執照種類","飲酒情形","車輛撞擊部位最初","車輛撞擊部位其他","肇事因素個別","肇事因素主要","肇事逃逸","職業","旅次目的","車種","GPS座標(緯度)","GPS座標(經度)","事故類別"
"2019","8","14","7","19","臺中市","南屯區","0","2","0","7","1","5","40","14","8","1","5","4","5","7","4","4","5","5","4","2","12","17","2","9","4","1","F01","7","9","8","20","2","16","","17","17","1","20","8","F01","24.138911","120.644241","2"
"2019","8","14","7","24","臺中市","潭子區","0","1","0","8","1","5","50","3","1","1","5","4","5","7","4","4","10","5","5","2","16","6","3","10","1","1","B03","7","5","1","1","2","8","","6","6","1","22","8","B03","24.223193","120.701235","2"
"2019","8","14","7","26","臺中市","北屯區","0","1","0","6","1","5","50","3","1","1","4","4","5","7","1","1","10","5","4","2","16","6","3","10","3","4","B01","7","5","1","4","2","5","","6","6","1","21","8","B01","24.1827","120.66568","2"
"2019","8","14","7","29","臺中市","烏日區","0","0","0","8","","","40","","","","","","","","","","","","","","","","","","","","B03","","","1","","2","","","16","","1","21","","B03","24.088327","120.644485","3"
"2019","8","14","7","31","臺中市","潭子區","0","0","0","8","","","50","","","","","","","","","","","","","","","","","","","","C03","","","1","","2","","","23","","1","21","","C03","24.211618","120.704538","4"
"2019","8","14","7","36","臺中市","潭子區","0","1","0","8","1","5","60","4","1","1","5","4","5","7","2","1","10","5","5","2","13","16","3","10","1","1","B12","7","6","1","6","2","1","","16","16","1","22","8","B12","24.215926","120.705233","2"
"2019","8","14","7","40","臺中市","大甲區","0","1","0","8","1","5","50","3","1","1","5","4","5","7","4","4","10","5","5","2","16","6","3","10","1","1","B12","7","6","1","8","2","5","","6","6","1","9","1","B12","24.34444","120.619723","2"
"2019","8","14","7","43","臺中市","北屯區","0","0","0","8","","","50","","","","","","","","","","","","","","","","","","","","B03","","","1","","2","","","43","","1","21","","B03","24.180253","120.721798","3"
"2019","8","14","7","45","臺中市","大甲區","0","1","0","6","1","5","70","5","1","1","4","4","5","7","1","1","10","5","5","2","16","9","3","10","1","1","B12","7","6","1","8","2","6","","9","9","1","9","8","B12","24.363309","120.639262","2"
"2019","8","14","7","50","臺中市","大雅區","0","2","0","6","1","5","50","3","2","1","4","4","5","7","1","1","1","4","5","1","13","16","2","9","1","1","C03","7","9","1","10","2","11","","16","16","1","22","9","C03","24.221113","120.655615","2"
"2019","8","14","7","58","臺中市","北區","0","0","0","8","","","50","","","","","","","","","","","","","","","","","","","","B03","","","1","","2","","","19","","1","","","B03","24.170107","120.673947","3"
"2019","8","14","8","0","臺中市","南區","0","0","0","8","","","50","","","","","","","","","","","","","","","","3","","","","B03","","","1","","2","","","7","","1","21","","B03","24.114803","120.670345","3"
"2019","8","14","8","1","臺中市","潭子區","0","0","0","6","","","50","","","","","","","","","","","","","","","","","","","","B03","","","1","","2","","","6","","","21","","B03","24.190695","120.701091","3"
"2019","8","14","8","2","臺中市","西屯區","0","1","0","6","1","5","40","3","1","1","4","4","5","7","4","4","5","5","4","2","17","6","2","9","1","1","B03","7","9","1","10","2","15","","13","6","1","21","8","B03","24.182975","120.632073","2"
"2019","8","14","8","2","臺中市","豐原區","0","0","0","8","1","5","50","5","9","1","5","4","5","7","2","1","3","5","5","2","16","","","","","","B03","","","1","","2","","","25","","1","22","","B03","24.243765","120.729691","3"
"2019","8","14","8","5","臺中市","清水區","0","1","0","7","1","5","40","4","2","1","4","4","5","7","4","4","10","5","5","1","16","6","3","10","1","1","B03","7","6","1","8","2","5","","6","6","1","21","8","B03","24.260378","120.548403","2"
"2019","8","14","8","11","臺中市","太平區","0","1","0","8","1","5","50","3","1","1","5","4","5","7","3","1","5","5","4","1","16","23","3","10","1","1","B03","7","5","1","8","2","8","","23","23","1","21","8","B03","24.118421","120.733327","2"
"2019","8","14","8","13","臺中市","大里區","0","0","0","8","","","40","","","","","","","","","","","","","","","","","","","","B03","","","1","","2","","","7","","1","22","","B03","24.101528","120.691939","3"
"2019","8","14","8","15","臺中市","大里區","0","0","0","8","1","5","40","3","2","1","5","4","5","7","4","4","10","5","5","2","12","17","3","10","1","1","B03","7","6","1","8","2","6","","17","17","1","21","8","B03","24.088784","120.701193","3"
"2019","8","14","8","15","臺中市","大肚區","0","1","0","8","1","5","50","3","1","1","5","4","5","7","4","4","5","4","4","1","16","6","3","10","1","1","B03","7","5","1","8","2","2","","6","6","1","19","1","B03","24.123533","120.569389","2"
"2019","8","14","8","19","臺中市","西屯區","0","0","0","6","","","50","","","","","","","","","","","","","","","","","","","","B03","","","1","","2","","","7","","2","22","","B03","24.177422","120.627007","3"
"2019","8","14","8","25","臺中市","西區","0","1","0","8","1","5","40","5","1","1","5","4","5","7","1","1","10","5","5","2","17","25","2","9","1","1","C03","7","9","1","4","2","14","","25","25","1","22","9","C03","24.153801","120.670501","2"
"2019","8","14","8","26","臺中市","龍井區","0","2","0","8","1","5","50","4","2","1","5","4","5","7","4","4","5","5","5","1","16","6","2","7","3","4","C03","7","9","1","10","2","11","","14","6","1","22","9","C03","24.183539","120.584715","2"
"2019","8","14","8","30","臺中市","大里區","0","3","0","8","1","5","50","4","9","1","5","4","5","7","4","4","10","5","5","2","16","23","2","9","1","1","C03","7","9","1","10","2","14","","23","23","1","22","8","C03","24.103996","120.680605","2"
"2019","8","14","8","30","臺中市","清水區","0","0","0","8","","","40","","","","","","","","","","","","","","","","","","","","A41","","","1","","2","","","12","","1","10","","A41","24.273952","120.631328","4"
"2019","8","14","8","30","臺中市","大甲區","0","1","0","8","","","50","","","","","","","","","","","","","","","","","","","","","","","7","","11","","","42","","1","","","","24.345894","120.622903","3"
"2019","8","14","8","31","臺中市","潭子區","0","0","0","8","","","60","","","","","","","","","","","","","","","","","","","","B12","","","1","","2","","","42","","1","22","","B12","24.199685","120.715291","3"
"2019","8","14","8","32","臺中市","南屯區","0","1","0","7","1","5","50","3","1","1","5","4","5","7","4","4","10","5","5","1","16","10","3","10","1","1","B03","7","11","1","8","2","2","","10","10","1","20","8","B03","24.126421","120.607148","2"
"2019","8","14","8","35","臺中市","大里區","0","1","0","8","1","5","50","3","1","1","5","4","5","7","4","4","10","5","5","1","16","19","3","10","1","1","B03","7","1","1","8","2","4","","19","19","1","4","8","B03","24.11157","120.686169","2"
"2019","8","14","8","38","臺中市","西區","0","0","0","8","","","50","","","","","","","","","","","","","","","","","","","","B03","","","1","","2","","","23","","1","2","","B03","24.150539","120.663746","4"
"2019","8","14","8","39","臺中市","西屯區","0","0","0","6","1","5","50","14","8","1","4","4","5","7","4","4","9","4","4","2","14","43","3","10","3","4","B03","7","2","1","8","2","3","","43","43","1","22","9","B03","24.161984","120.652335","3"
"2019","8","14","8","45","臺中市","清水區","0","0","0","8","1","5","50","","","","","","","","","","","","","","","19","","","","","B12","","","1","","9","","","19","19","2","21","","B12","24.270568","120.574684","3"
"2019","8","14","8","52","臺中市","北屯區","0","1","0","8","1","5","50","4","1","1","4","4","5","7","1","1","10","5","5","2","18","23","2","9","1","1","C03","7","5","1","10","2","12","","23","23","1","21","8","C03","24.163161","120.690836","2"
"2019","8","14","8","52","臺中市","太平區","0","1","0","8","1","5","40","3","9","1","4","4","5","7","4","4","10","5","5","2","16","5","2","9","1","1","C03","7","6","1","10","2","11","","23","5","1","5","5","C03","24.147349","120.735906","2"
"2019","8","14","8","56","臺中市","南屯區","0","1","0","7","1","5","50","4","1","1","5","4","5","7","1","1","10","5","5","2","15","25","3","10","1","1","B03","7","9","1","8","2","8","","25","25","1","22","9","B03","24.140338","120.642061","2"
"2019","8","14","9","7","臺中市","豐原區","0","0","0","8","","6","50","14","9","1","5","4","5","7","4","4","10","5","5","2","12","","","","","","B03","","","1","","2","","","17","","1","22","","B03","24.248581","120.718108","3"
"2019","8","14","9","9","臺中市","北屯區","0","1","0","8","1","5","50","4","5","1","5","4","5","7","4","4","10","5","5","2","16","6","3","10","1","1","B12","7","5","1","7","2","5","","6","6","1","5","8","B12","24.164933","120.693944","2"
"2019","8","14","9","10","臺中市","潭子區","0","0","0","8","","","50","","","","","","","","","","","","","","","","","","","","B03","","","1","","2","","","12","","","21","","B03","24.223897","120.692199","3"
"2019","8","14","9","11","臺中市","潭子區","0","0","0","8","","","50","","","","","","","","","","","","","","","","","","","","B03","","","1","","2","","","16","","","21","","B03","24.22347","120.692327","3"
"2019","8","14","9","18","臺中市","龍井區","0","1","0","8","1","5","40","3","1","1","5","4","5","7","1","1","10","5","5","2","17","23","2","8","3","4","C03","7","9","1","10","2","12","","23","23","1","22","9","C03","24.188045","120.581103","2"
"2019","8","14","9","22","臺中市","北屯區","0","0","0","8","","","50","","","","","","","","","","","","","","","","","","","","B03","","","1","","2","","","23","","1","22","","B03","24.188303","120.685918","3"
"2019","8","14","9","22","臺中市","霧峰區","0","1","0","8","1","5","40","4","2","1","5","4","5","7","3","1","5","5","5","1","18","43","2","9","1","1","C03","7","9","1","10","2","14","","43","43","1","18","8","C03","24.0793","120.664155","2"
"2019","8","14","9","27","臺中市","梧棲區","0","2","0","8","1","5","50","14","5","1","5","4","5","7","4","4","10","5","5","2","16","23","2","9","1","1","C03","7","9","1","10","2","12","","23","23","1","5","1","C03","24.237333","120.553476","2"
"2019","8","14","9","29","臺中市","西區","0","1","0","8","1","5","50","14","9","1","5","4","5","7","4","4","5","4","5","2","12","17","2","9","1","1","C03","7","9","1","10","2","14","","17","17","1","21","8","C03","24.152783","120.669817","2"
"2019","8","14","9","30","臺中市","大里區","0","1","0","8","1","5","50","11","9","1","5","4","5","7","4","4","5","5","5","1","12","17","3","10","1","1","B12","7","9","1","8","2","2","","17","17","1","10","3","B12","24.088716","120.702111","2"
"2019","8","14","9","30","臺中市","潭子區","0","1","0","7","1","5","50","5","1","1","5","4","5","7","1","1","10","5","5","1","16","6","3","10","1","1","B03","7","6","1","8","2","2","","6","6","1","21","8","B03","24.204655","120.715423","2"
"2019","8","14","9","35","臺中市","豐原區","0","0","0","","","","","","","","","","","","","","","","","","","","","","","","B12","","","1","","2","","","33","","","","","B12","","","3"
"2019","8","14","9","40","臺中市","潭子區","0","0","0","8","","","50","","","","","","","","","","","","","","","","","","","","A02","","","1","","2","","","12","","","21","","A02","24.223663","120.692371","3"
"2019","8","14","9","40","臺中市","大雅區","0","1","0","8","1","5","40","11","9","1","5","4","5","7","4","4","10","5","5","2","18","23","2","9","1","1","C03","7","9","1","10","2","12","","23","23","1","22","9","C03","24.218218","120.615065","2"
"2019","8","14","9","41","臺中市","北區","0","0","0","8","","","50","","","","","","","","","","","","","","","","","","","","B03","","","1","","2","","","23","","1","","","B03","24.153988","120.682335","3"
"2019","8","14","9","45","臺中市","大安區","0","3","0","8","1","5","60","14","9","1","5","4","5","7","4","4","5","4","4","1","13","23","2","9","1","4","C03","7","9","1","8","2","11","","23","23","1","21","8","C03","24.365041","120.602563","2"
"2019","8","14","9","45","臺中市","石岡區","0","1","0","8","1","5","40","14","9","1","5","4","5","7","4","4","4","5","5","1","12","1","3","10","1","1","B03","7","4","1","8","2","2","","1","1","1","22","9","B03","24.266648","120.797878","2"
"2019","8","14","10","0","臺中市","大里區","0","2","0","8","1","5","50","4","2","1","5","4","5","7","4","4","9","5","5","1","16","26","2","8","1","1","C03","7","11","1","10","2","14","","26","26","1","22","8","C03","24.085815","120.711141","2"
"2019","8","14","10","5","臺中市","沙鹿區","0","1","0","8","1","5","50","4","1","1","5","4","5","7","4","4","10","5","5","2","16","23","3","10","1","1","B03","7","9","1","8","2","5","","23","23","1","22","9","B03","24.237015","120.560795","2"
"2019","8","14","10","6","臺中市","大里區","0","1","0","8","1","5","50","4","1","1","5","4","5","7","1","1","10","5","4","1","16","25","3","10","1","1","B03","7","1","1","8","2","4","","44","25","1","4","8","B03","24.115107","120.681072","2"
"2019","8","14","10","19","臺中市","太平區","0","0","0","8","","","40","","","","","","","","","","","","","","","","","","","","B03","","","1","","2","","","17","","1","21","","B03","24.132846","120.712814","3"
"2019","8","14","10","20","臺中市","太平區","0","1","0","8","1","5","40","4","1","1","5","4","5","7","4","4","10","5","5","2","17","19","3","10","1","1","B03","7","1","1","8","2","8","","19","19","1","19","8","B03","24.150406","120.720174","2"
"2019","8","14","10","22","臺中市","南區","0","1","0","8","1","5","50","3","1","1","5","4","5","7","4","4","10","5","5","2","16","6","2","9","1","1","B12","7","5","1","8","2","2","","6","6","1","21","8","B12","24.113836","120.655828","2"
"2019","8","14","10","34","臺中市","潭子區","0","2","0","8","1","5","50","15","9","1","5","4","5","7","4","4","5","5","5","1","16","19","2","9","1","1","C03","7","1","1","10","2","15","","19","19","1","22","8","C03","24.20419","120.717656","2"
"2019","8","14","10","36","臺中市","北屯區","0","1","0","8","1","5","50","14","9","1","5","4","5","7","4","4","1","4","5","2","13","23","3","10","1","1","B03","7","9","6","18","2","1","","23","23","1","21","8","B03","24.163058","120.720178","2"
"2019","8","14","10","38","臺中市","大里區","0","1","0","8","1","5","50","4","1","1","5","4","5","7","1","1","10","5","5","2","16","6","2","8","1","1","C03","7","5","4","11","2","11","","6","6","1","21","8","C03","24.087915","120.69577","2"
"2019","8","14","10","52","臺中市","大雅區","0","0","0","8","","","50","","","","","","","","","","","","","","","","","","","","B03","","","1","","2","","","23","","1","","","B03","24.224307","120.649526","3"
"2019","8","14","10","56","臺中市","西屯區","0","2","0","8","1","5","50","4","1","1","5","4","5","7","2","1","1","4","1","2","16","7","2","9","3","4","C03","7","7","1","10","2","11","","7","7","1","21","8","C03","24.162918","120.649615","2"
"2019","8","14","11","0","臺中市","太平區","0","1","0","8","1","5","50","3","2","1","5","4","5","7","4","4","5","5","5","2","17","26","2","9","1","1","C03","7","5","1","10","2","11","","26","26","1","21","8","C03","24.12653","120.718633","2"
"2019","8","14","11","0","臺中市","外埔區","0","1","0","8","1","5","50","12","9","1","5","4","5","7","4","4","5","5","5","1","25","45","2","9","1","1","A12","7","9","1","7","2","4","","45","45","1","4","8","A12","24.305411","120.709319","2"
"2019","8","14","11","4","臺中市","北區","0","0","0","8","","","50","","","","","","","","","","","","","","","","","","","","B03","","","1","","2","","","23","","1","","","B03","24.160277","120.694444","3"
"2019","8","14","11","20","臺中市","大肚區","0","0","0","","","","","","","","","","","","","","","","","","","","","","","","C03","","","1","","2","","","23","","1","22","","C03","24.168929","120.578846","3"
"2019","8","14","11","20","臺中市","大甲區","0","0","0","8","","","50","","","","","","","","","","","","","","","","","","","","B12","","","1","","2","","","6","","1","21","","B12","24.345886","120.632655","3"
"2019","8","14","11","20","臺中市","大甲區","0","2","0","8","1","5","50","4","1","1","5","4","5","7","4","4","10","5","5","2","16","23","3","10","1","1","B03","7","5","1","8","2","4","","23","23","1","9","8","B03","24.352237","120.622167","2"
"2019","8","14","11","21","臺中市","北屯區","0","1","0","8","1","5","40","14","7","1","5","4","5","7","4","4","5","4","4","2","16","26","3","10","3","4","B12","7","11","1","8","2","8","","26","26","1","21","8","B12","24.180195","120.719491","2"
"2019","8","14","11","22","臺中市","大里區","0","0","0","8","1","5","40","4","2","1","5","4","5","7","1","1","10","5","5","2","11","17","3","10","1","1","B12","7","8","1","8","2","6","","17","17","1","9","8","B12","24.095476","120.70668","3"
"2019","8","14","11","24","臺中市","太平區","0","1","0","8","1","5","40","4","1","1","5","4","5","7","4","4","5","5","5","2","15","6","2","9","1","1","C03","7","9","1","10","2","11","","6","6","1","21","8","C03","24.150944","120.705624","2"
"2019","8","14","11","33","臺中市","潭子區","0","0","0","8","","","60","","","","","","","","","","","","","","","","","","","","B12","","","1","","2","","","6","","","21","","B12","24.227104","120.708146","3"
"2019","8","14","11","40","臺中市","潭子區","0","1","0","8","1","5","50","4","1","1","5","4","5","7","2","1","10","5","5","2","16","25","3","10","1","1","B12","7","5","1","8","2","4","","44","25","1","22","8","B12","24.213951","120.700991","2"
"2019","8","14","11","46","臺中市","南區","0","1","0","8","1","5","50","14","7","1","5","4","5","7","4","4","5","4","4","2","16","6","3","10","3","4","B03","7","1","1","8","2","8","","6","6","1","5","8","B03","24.12236","120.655466","2"
"2019","8","14","11","50","臺中市","龍井區","0","0","0","","","","","","","","","","","","","","","","","","","","","","","","B03","","","1","","2","","","40","","1","22","","B03","24.182838","120.58938","3"
"2019","8","14","12","0","臺中市","中區","0","0","0","8","","","50","","","","","","","","","","","","","","","","","","","","B03","","","1","","2","","","9","","1","20","","B03","24.142729","120.67777","3"
"2019","8","14","12","0","臺中市","北屯區","0","0","0","8","","","50","","","","","","","","","","","","","","","","","","","","B03","","","1","","2","","","23","","1","","","B03","24.16903","120.689683","3"
"2019","8","14","12","0","臺中市","烏日區","0","0","0","8","","","50","","","","","","","","","","","","","","","","","","","","B03","","","1","","2","","","12","","1","","","B03","24.057262","120.656607","3"
"2019","8","14","12","6","臺中市","北區","0","0","0","8","","","50","","","","","","","","","","","","","","","","","","","","B03","","","1","","2","","","23","","","22","","B03","24.155744","120.687301","3"
"2019","8","14","12","9","臺中市","大雅區","0","1","0","8","1","5","50","3","12","1","5","4","5","7","4","4","5","4","4","1","12","6","3","10","1","1","B03","7","6","1","8","2","2","","6","6","1","22","9","B03","24.218618","120.650667","2"
"2019","8","14","12","10","臺中市","太平區","0","1","0","8","1","5","50","3","1","1","5","4","5","7","4","4","5","5","4","2","16","42","2","1","1","1","B03","7","9","1","8","2","1","","42","42","1","21","8","B03","24.131062","120.721921","2"
"2019","8","14","12","30","臺中市","北屯區","0","0","0","8","","","50","","","","","","","","","","","","","","","","","","","","","","","7","","11","","","43","","","","","","24.192013","120.666588","3"
"2019","8","14","12","30","臺中市","大里區","0","1","0","8","1","5","40","4","1","1","5","4","5","7","4","4","10","5","5","1","15","6","2","9","1","1","C03","7","9","1","10","2","11","","6","6","1","4","8","C03","24.102453","120.681131","2"
"2019","8","14","12","30","臺中市","大甲區","0","0","0","8","","","50","","","","","","","","","","","","","","","","","","","","B03","","","1","","2","","","12","","1","21","","B03","24.346888","120.618506","3"
"2019","8","14","12","30","臺中市","大雅區","0","2","0","8","1","5","50","3","1","1","5","4","5","7","3","1","10","4","5","1","16","16","2","9","1","1","C03","7","9","1","10","2","12","","16","16","1","22","9","C03","24.229266","120.650171","2"
"2019","8","14","12","31","臺中市","中區","0","0","0","8","1","5","50","14","9","1","5","4","5","7","4","4","10","5","5","2","12","","3","","","","B03","","","1","","2","","","23","","1","21","","B03","24.140823","120.679235","3"
"2019","8","14","12","54","臺中市","北屯區","0","0","0","8","","","50","","","","","","","","","","","","","","","","","","","","A12","","","1","","2","","","23","","1","5","","A12","24.175112","120.696958","3"
"2019","8","14","12","56","臺中市","西屯區","0","1","0","8","1","5","40","3","1","1","5","4","5","7","4","4","10","5","5","2","17","6","3","10","1","1","B03","7","5","1","8","2","8","","6","6","1","22","9","B03","24.180948","120.616469","2"
"2019","8","14","12","59","臺中市","北區","0","2","0","8","1","5","50","5","1","1","5","4","5","7","1","1","10","5","5","2","17","9","2","9","1","1","C03","7","6","1","10","2","12","","9","9","1","21","8","C03","24.158299","120.676191","2"
"2019","8","14","13","0","臺中市","霧峰區","0","0","0","8","","","50","","","","","","","","","","","","","","","","","","","","B12","","","1","","2","","","23","","1","22","","B12","24.012698","120.695381","3"
"2019","8","14","13","2","臺中市","北屯區","0","0","0","","","","","","","","","","","","","","","","","","","","","","","","B03","","","1","","2","","","23","","1","22","","B03","24.195725","120.685521","3"
"2019","8","14","13","10","臺中市","西屯區","0","0","0","8","1","5","50","","","","","","","","","","","","","","","12","","","","","B03","","","1","","2","3","","12","12","1","22","","B03","24.159458","120.634936","3"
"2019","8","14","13","15","臺中市","西區","0","1","0","8","1","5","40","14","8","1","5","4","5","7","1","1","1","4","5","2","17","23","3","10","1","1","B03","7","9","1","8","2","2","","23","23","1","22","9","B03","24.157763","120.658163","2"
"2019","8","14","13","20","臺中市","清水區","0","0","0","8","","","50","","","","","","","","","","","","","","","","","","","","B12","","","1","","2","","","23","","1","12","","B12","24.271276","120.574774","3"
"2019","8","14","13","39","臺中市","神岡區","0","0","0","8","","","50","","","","","","","","","","","","","","","","","","","","B03","","","1","","2","","","10","","1","21","","B03","24.247173","120.685158","3"
"2019","8","14","14","10","臺中市","西區","0","0","0","8","1","5","50","4","1","1","5","4","5","7","2","1","10","5","5","2","13","","","","","","B03","","","1","","2","","","23","","1","20","","B03","24.155403","120.662377","3"
"2019","8","14","14","12","臺中市","北區","0","1","0","8","1","5","50","4","1","1","5","4","5","7","4","4","10","5","5","2","15","6","2","9","1","1","C03","7","9","1","10","2","12","","6","6","1","21","8","C03","24.159166","120.6775","2"
"2019","8","14","14","12","臺中市","大雅區","0","0","0","8","","","70","","","","","","","","","","","","","","","","","","","","B03","","","1","","2","","","6","","1","","","B03","24.240119","120.631976","3"
"2019","8","14","14","15","臺中市","大甲區","0","0","0","8","","","50","","","","","","","","","","","","","","","","","","","","A11","","","6","","2","","","18","","1","10","","A11","24.399483","120.65346","3"
"2019","8","14","14","19","臺中市","南屯區","0","1","0","8","1","5","50","14","7","1","5","4","5","7","4","4","10","5","5","2","16","23","2","9","3","4","C03","7","9","1","10","2","11","","23","23","1","22","9","C03","24.153806","120.635216","2"
"2019","8","14","14","20","臺中市","南區","0","1","0","8","1","5","50","3","1","1","5","4","3","7","4","4","10","5","5","2","17","6","2","9","1","1","B03","7","5","1","10","2","2","","6","6","1","21","8","B03","24.113874","120.665024","2"
"2019","8","14","14","21","臺中市","大雅區","0","0","0","8","","","50","","","","","","","","","","","","","","","","","","","","B12","","","1","","2","","","12","","1","","","B12","24.210836","120.631522","3"
"2019","8","14","14","25","臺中市","大甲區","0","0","0","8","1","5","50","14","9","1","5","4","5","7","4","4","4","5","5","2","16","26","3","10","1","1","A12","7","5","1","7","2","7","","26","26","1","22","8","A12","24.401622","120.643634","3"
"2019","8","14","14","40","臺中市","大里區","0","1","0","8","1","5","60","4","1","1","5","4","5","7","1","1","10","5","5","2","16","6","3","10","1","1","B12","7","6","6","8","2","6","","6","6","1","21","8","B12","24.080636","120.688631","2"
"2019","8","14","14","46","臺中市","西屯區","0","0","0","8","","","40","","","","","","","","","","","","","","","12","","","","","B03","","","1","","2","","","12","12","1","","","B03","24.18616","120.622598","3"
"2019","8","14","14","48","臺中市","龍井區","0","0","0","","","","","","","","","","","","","","","","","","","","","","","","G06","","","8","","2","","","6","","1","22","","G06","24.179128","120.583035","3"
"2019","8","14","14","50","臺中市","西區","0","2","0","8","1","5","50","14","9","1","5","4","5","7","4","4","5","5","5","2","12","7","2","9","3","4","C03","7","7","1","10","2","14","","7","7","1","21","8","C03","24.13819","120.679603","2"
"2019","8","14","14","53","臺中市","大肚區","0","0","0","","","","","","","","","","","","","","","","","","","","","","","","B03","","","1","","2","","","23","","1","4","","B03","24.129333","120.555882","3"
"2019","8","14","14","54","臺中市","烏日區","0","0","0","8","","","50","","","","","","","","","","","","","","","","","","","","B12","","","1","","2","","","26","","1","5","","B12","24.107453","120.650427","3"
"2019","8","14","14","55","臺中市","南屯區","0","0","0","8","","","50","","","","","","","","","","","","","","","","","","","","B03","","","1","","2","","","6","","1","22","","B03","24.138392","120.636305","3"
"2019","8","14","15","0","臺中市","西屯區","0","0","0","8","","","40","","","","","","","","","","","","","","","","","","","","B03","","","1","","2","","","23","","1","21","","B03","24.182082","120.635378","3"
"2019","8","14","15","10","臺中市","新社區","0","0","0","8","","","40","","","","","","","","","","","","","","","","","","","","B03","","","1","","2","","","6","","1","9","","B03","24.203013","120.797436","3"
"2019","8","14","15","14","臺中市","西屯區","1","0","0","8","1","5","40","11","9","1","5","4","5","7","4","4","10","5","5","2","16","23","3","10","1","1","A12","7","6","1","1","2","2","","23","23","1","4","8","A12","24.173858","120.63334","1"
"2019","8","14","15","15","臺中市","中區","0","1","0","8","1","5","50","4","1","1","5","4","5","7","1","1","10","5","5","2","16","25","2","9","1","1","C03","7","5","1","10","2","11","","25","25","1","21","8","C03","24.137348","120.682221","2"
"2019","8","14","15","15","臺中市","太平區","0","0","0","8","","","40","","","","","","","","","","","","","","","23","","","","","B03","","","1","","2","","","23","23","1","21","","B03","24.122627","120.712123","3"
"2019","8","14","15","19","臺中市","后里區","0","2","0","7","1","5","40","14","9","1","5","4","5","7","4","4","10","5","5","1","11","5","2","9","1","1","C03","7","9","1","10","2","14","","5","5","1","21","8","C03","24.311398","120.680231","2"
"2019","8","14","15","20","臺中市","西屯區","0","0","0","8","","","40","","","","","","","","","","","","","","","","","","","","B03","","","1","","1","","","44","","1","21","","B03","24.181854","120.625003","3"
"2019","8","14","15","28","臺中市","北區","0","2","0","8","1","5","50","4","1","1","5","4","5","7","2","1","5","5","5","2","12","17","2","9","4","4","F01","7","10","8","20","2","16","","17","17","1","22","9","F01","24.149124","120.681128","2"
"2019","8","14","15","30","臺中市","西區","0","2","0","8","1","5","50","5","1","1","5","4","5","7","3","1","10","5","5","2","15","6","2","9","1","1","C03","7","9","1","10","2","12","","6","6","1","20","8","C03","24.153686","120.668937","2"
"2019","8","14","15","30","臺中市","西屯區","0","0","0","8","","","50","","","","","","","","","","","","","","","","","","","","B12","","","6","","2","","","16","","1","22","","B12","24.184756","120.619016","3"
"2019","8","14","15","34","臺中市","西區","0","1","0","8","1","5","50","4","1","1","5","4","5","1","4","4","10","5","5","2","15","6","3","10","1","1","B03","7","9","1","8","2","1","","6","6","1","22","8","B03","24.147897","120.664263","2"
"2019","8","14","15","45","臺中市","西屯區","0","0","0","8","","","60","","","","","","","","","","","","","","","","","","","","B03","","","3","","2","","","16","","1","","","B03","24.163134","120.648921","3"
"2019","8","14","15","55","臺中市","大雅區","0","1","0","8","1","5","50","14","9","1","5","4","5","7","4","4","9","5","5","1","13","19","3","10","1","1","B12","7","1","1","7","2","5","","19","19","1","21","8","B12","24.239883","120.656811","2"
"2019","8","14","15","57","臺中市","西區","0","1","0","8","1","5","50","4","1","1","5","4","5","7","1","1","5","5","5","2","17","6","3","10","3","4","B03","7","6","1","8","2","2","","6","6","1","21","8","B03","24.132207","120.66888","2"
"2019","8","14","16","2","臺中市","西區","0","1","0","8","1","5","50","3","1","1","5","4","5","7","4","4","10","5","5","2","16","8","2","9","1","1","C03","7","5","1","10","2","14","","8","8","1","21","8","C03","24.139571","120.674801","2"
"2019","8","14","16","9","臺中市","北屯區","0","0","0","8","","","50","","","","","","","","","","","","","","","","","","","","B03","","","1","","2","","","7","","1","21","","B03","24.173453","120.676893","3"
"2019","8","14","16","9","臺中市","清水區","0","0","0","8","","","40","","","","","","","","","","","","","","","","","","","","B03","","","1","","2","","","13","","1","12","","B03","24.275682","120.551564","3"
"2019","8","14","16","10","臺中市","后里區","0","0","0","8","1","5","40","14","9","1","5","4","5","7","4","4","10","5","5","2","14","","","","","","B12","","","1","","2","","","12","","1","4","","B12","24.302038","120.71428","3"
"2019","8","14","16","11","臺中市","西屯區","0","0","0","8","","","50","","","","","","","","","","","","","","","","","","","","B12","","","1","","2","","","19","","1","22","","B12","24.169298","120.646976","3"
"2019","8","14","16","17","臺中市","北區","0","0","0","8","","","50","","","","","","","","","","","","","","","","","","","","B03","","","1","","2","","","12","","1","5","","B03","24.152005","120.681224","4"
"2019","8","14","16","18","臺中市","大雅區","0","1","0","8","1","5","40","3","1","1","5","4","5","7","4","4","10","5","5","2","17","6","3","10","1","1","B12","7","5","1","8","2","4","","6","6","1","22","9","B12","24.221118","120.669161","2"