"年","月","日","時","分","縣市","區","死","受傷","2-30","天候","光線","道路類別","速限","道路型態","事故位置","路面鋪裝","路面狀態","路面缺陷","障礙物","視距","號誌種類","號誌動作","分向設施","快車道或一般車道間","快慢車道間","路面邊線","事故類型及型態","主要肇因","受傷程度","主要傷處","保護裝備","行動電話","當事者區分(類別)","車輛用途","當事者行動狀態","駕駛資格情形","駕駛執照種類","飲酒情形","車輛撞擊部位最初","車輛撞擊部位其他","肇事因素個別","肇事因素主要","肇事逃逸","職業","旅次目的","車種","GPS座標(緯度)","GPS座標(經度)","事故類別"
"2019","8","14","16","24","臺中市","大雅區","0","0","0","8","","","50","","","","","","","","","","","","","","","","","","","","B12","","","1","","9","","","7","","2","","","B12","24.212211","120.65002","3"
"2019","8","14","16","32","臺中市","豐原區","0","0","0","8","","","50","","","","","","","","","","","","","","","","","","","","B03","","","1","","2","","","6","","1","21","","B03","24.25206","120.7293","3"
"2019","8","14","16","40","臺中市","大甲區","0","1","0","8","1","5","50","14","9","1","5","4","5","7","4","4","5","4","5","1","16","10","3","10","1","4","B12","7","11","1","8","2","8","","10","10","1","21","3","B12","24.369636","120.625183","2"
"2019","8","14","16","50","臺中市","大雅區","0","1","0","8","1","5","40","3","9","1","5","4","5","7","4","4","10","5","5","2","8","23","3","10","1","1","B03","7","9","1","8","2","8","","23","23","1","21","8","B03","24.218187","120.615263","2"
"2019","8","14","16","53","臺中市","豐原區","0","0","0","8","","","50","","","","","","","","","","","","","","","","","","","","B03","","","1","","2","","","12","","1","21","","B03","24.239559","120.710889","3"
"2019","8","14","17","1","臺中市","神岡區","0","0","0","8","","","50","","","","","","","","","","","","","","","12","","","","","B03","","","1","","2","","","12","12","1","22","","B03","24.263758","120.700021","3"
"2019","8","14","17","9","臺中市","西區","0","1","0","8","1","5","50","14","9","1","5","4","5","7","4","4","10","5","5","2","13","23","2","9","1","1","C03","7","9","1","10","2","11","","23","23","1","22","8","C03","24.151981","120.662864","2"
"2019","8","14","17","10","臺中市","大雅區","0","1","0","8","1","5","50","14","9","1","5","4","5","7","4","4","9","5","5","1","13","23","2","9","1","1","C03","7","9","1","10","2","11","","23","23","1","21","8","C03","24.219542","120.648669","2"
"2019","8","14","17","10","臺中市","神岡區","0","1","0","8","1","5","40","4","1","1","5","4","5","7","4","4","5","5","5","1","16","19","3","10","1","1","B12","7","1","1","8","2","8","","19","19","1","21","8","B12","24.247156","120.68516","2"
"2019","8","14","17","17","臺中市","太平區","0","1","0","8","1","5","50","3","1","1","5","4","5","7","4","4","5","5","5","2","16","6","3","10","1","1","B02","7","11","1","8","2","1","","6","6","1","21","8","B02","24.152004","120.713264","2"
"2019","8","14","17","20","臺中市","大肚區","0","1","0","8","1","5","50","3","2","1","5","4","5","7","4","4","10","5","5","2","10","5","3","10","1","1","C03","7","9","1","10","2","11","","5","5","1","19","1","C03","24.120835","120.577618","2"
"2019","8","14","17","20","臺中市","潭子區","0","1","0","8","1","5","50","4","1","1","5","4","5","7","1","1","10","5","5","2","16","25","3","10","1","1","B03","7","9","1","8","2","5","","25","25","1","22","8","B03","24.201446","120.70356","2"
"2019","8","14","17","23","臺中市","北屯區","0","1","0","8","2","5","50","14","9","1","5","4","5","7","4","4","1","4","5","2","13","23","2","9","1","1","C04","7","9","1","10","2","11","","23","23","1","19","8","C04","24.187968","120.662906","2"
"2019","8","14","17","23","臺中市","梧棲區","0","0","0","8","","","40","","","","","","","","","","","","","","","","","","","","B03","","","1","","2","","","16","","1","9","","B03","24.228793","120.521227","3"
"2019","8","14","17","23","臺中市","大甲區","0","0","0","8","","","50","","","","","","","","","","","","","","","","","","","","B03","","","1","","9","","","42","","1","21","","B03","24.381644","120.653693","3"
"2019","8","14","17","23","臺中市","神岡區","0","3","0","8","1","5","50","14","7","1","5","4","5","7","4","4","4","4","4","2","16","26","2","9","1","1","C03","7","5","1","10","2","11","","26","26","1","22","8","C03","24.258173","120.664563","2"
"2019","8","14","17","25","臺中市","豐原區","0","0","0","8","","","50","","","","","","","","","","","","","","","","","","","","B03","","","1","","2","","","23","","1","22","","B03","24.249183","120.701072","3"
"2019","8","14","17","30","臺中市","西區","0","2","0","8","3","5","50","4","1","1","5","4","5","7","4","4","10","5","5","2","16","6","2","9","3","4","C03","7","5","1","10","2","12","","6","6","1","21","8","C03","24.149019","120.663043","2"
"2019","8","14","17","31","臺中市","南屯區","0","1","0","8","1","5","50","4","2","1","5","4","5","7","2","1","5","2","5","2","13","13","2","8","3","4","C03","7","9","1","10","2","11","","13","13","1","22","9","C03","24.149955","120.652971","2"
"2019","8","14","17","35","臺中市","烏日區","0","0","0","8","","","50","","","","","","","","","","","","","","","","","","","","B03","","","1","","2","","","16","","","21","","B03","24.102688","120.618461","3"
"2019","8","14","17","37","臺中市","北區","0","0","0","8","","","50","","","","","","","","","","","","","","","","","","","","B03","","","1","","2","","","16","","1","22","","B03","24.17226","120.671766","3"
"2019","8","14","17","39","臺中市","南屯區","0","1","0","8","1","5","50","3","1","1","5","4","5","7","4","4","10","5","5","2","16","6","3","10","3","4","B03","7","5","1","8","2","8","","6","6","1","22","9","B03","24.153624","120.645365","2"
"2019","8","14","17","44","臺中市","西屯區","0","0","0","8","","","50","","","","","","","","","","","","","","","","","","","","B03","","","1","","2","","","23","","1","","","B03","24.180146","120.631758","3"
"2019","8","14","17","48","臺中市","龍井區","0","2","0","8","1","5","50","14","8","1","5","4","5","7","4","4","1","4","4","2","12","43","2","9","3","4","C03","7","9","1","10","2","12","","43","43","1","18","8","C03","24.213639","120.551876","2"
"2019","8","14","17","50","臺中市","大甲區","0","1","0","8","1","5","50","4","1","1","5","4","5","7","4","4","10","5","5","2","16","6","3","10","1","1","C03","7","5","1","10","2","13","","6","6","1","4","8","C03","24.347465","120.615748","2"
"2019","8","14","17","53","臺中市","西屯區","0","1","0","8","1","5","50","14","9","1","5","4","5","7","4","4","1","4","5","2","29","43","2","9","1","1","C03","7","9","1","10","2","15","","43","43","1","19","8","C03","24.167042","120.652841","2"
"2019","8","14","17","55","臺中市","南屯區","0","1","0","8","1","5","50","14","7","1","5","4","5","7","4","4","5","5","4","2","17","23","2","9","1","1","C03","7","5","1","10","2","11","","23","23","1","22","9","C03","24.138561","120.609996","2"
"2019","8","14","17","55","臺中市","西屯區","0","0","0","8","","","50","","","","","","","","","","","","","","","","","","","","B03","","","1","","2","","","6","","1","22","","B03","24.18739","120.619971","3"
"2019","8","14","17","57","臺中市","北屯區","0","1","0","8","1","5","50","4","1","1","5","4","5","7","1","1","10","5","5","2","16","6","2","9","1","1","C03","7","9","1","10","2","11","","6","6","1","21","8","C03","24.16956","120.708454","2"
"2019","8","14","18","8","臺中市","西屯區","0","0","0","8","","","50","","","","","","","","","","","","","","","","","","","","B12","","","1","","2","","","12","","1","","","B12","24.171905","120.589352","3"
"2019","8","14","18","10","臺中市","太平區","0","1","0","6","1","5","50","4","1","1","4","4","5","7","1","1","5","5","5","2","18","23","2","9","1","1","C03","7","9","1","10","2","11","","23","23","1","21","8","C03","24.108011","120.72504","2"
"2019","8","14","18","10","臺中市","烏日區","0","0","0","8","","","30","","","","","","","","","","","","","","","","","","","","B03","","","1","","2","","","8","","1","22","","B03","24.137049","120.588326","3"
"2019","8","14","18","10","臺中市","大甲區","0","2","0","8","2","5","50","14","9","1","5","4","5","7","4","4","5","5","5","1","16","8","2","8","1","1","C03","7","5","1","10","2","11","","8","8","1","4","8","C03","24.350585","120.627458","2"
"2019","8","14","18","15","臺中市","后里區","0","0","0","8","","","20","","","","","","","","","","","","","","","5","3","10","1","1","B11","7","9","1","5","2","8","","5","5","1","10","4","B11","24.324041","120.751702","3"
"2019","8","14","18","17","臺中市","神岡區","0","0","0","8","","","50","","","","","","","","","","","","","","","","","","","","B03","","","1","","2","","","23","","1","22","","B03","24.251685","120.675247","3"
"2019","8","14","18","22","臺中市","西屯區","0","2","0","8","1","5","50","3","1","1","5","4","5","7","4","4","5","5","5","2","16","6","2","9","1","1","C03","7","5","1","10","2","12","","6","6","1","22","8","C03","24.164498","120.635377","2"
"2019","8","14","18","23","臺中市","北區","0","1","0","8","3","5","50","4","1","1","5","4","5","7","4","4","10","5","5","2","16","8","2","9","1","1","C03","7","5","4","8","2","14","","8","8","1","22","8","C03","24.158397","120.675446","2"
"2019","8","14","18","24","臺中市","西屯區","0","0","0","8","","","40","","","","","","","","","","","","","","","43","","","","","B03","","","1","","2","","","43","43","1","","","B03","24.16417","120.642889","3"
"2019","8","14","18","25","臺中市","梧棲區","0","0","0","8","","","50","","","","","","","","","","","","","","","","","","","","B03","","","1","","2","","","6","","1","9","","B03","24.249593","120.540787","3"
"2019","8","14","18","25","臺中市","大雅區","0","0","0","8","","","50","","","","","","","","","","","","","","","23","","","","","B03","","","1","","2","","","23","23","1","","","B03","24.206037","120.644254","3"
"2019","8","14","18","27","臺中市","太平區","0","0","0","8","","","40","","","","","","","","","","","","","","","","","","","","B03","","","1","","2","","","12","","1","21","","B03","24.144884","120.715176","3"
"2019","8","14","18","32","臺中市","南屯區","0","1","0","8","3","5","50","4","1","1","5","4","5","7","1","1","1","4","5","2","17","13","3","10","1","1","B03","7","5","1","8","2","15","","44","13","1","22","8","B03","24.153846","120.646863","2"
"2019","8","14","18","35","臺中市","大雅區","0","0","0","8","","","40","","","","","","","","","","","","","","","23","","","","","B03","","","1","","2","","","6","23","1","21","","B03","24.234373","120.670107","3"
"2019","8","14","18","41","臺中市","神岡區","0","0","0","8","","","50","","","","","","","","","","","","","","","","","","","","B03","","","1","","2","","","16","","1","22","","B03","24.248588","120.696667","3"
"2019","8","14","18","44","臺中市","北屯區","0","2","0","8","3","8","50","15","20","4","5","4","5","7","4","4","10","5","5","2","11","42","2","9","1","1","C03","7","9","1","10","2","14","","42","42","1","21","8","C03","24.171342","120.694463","2"
"2019","8","14","18","52","臺中市","西屯區","0","1","0","8","2","5","50","14","9","1","5","4","5","7","4","4","10","5","5","2","16","19","3","10","1","1","B03","7","1","1","8","2","8","","19","19","1","21","8","B03","24.1636","120.641488","2"
"2019","8","14","18","53","臺中市","沙鹿區","0","0","0","8","","","50","","","","","","","","","","","","","","","","","","","","B03","","","1","","2","","","23","","1","","","B03","24.21732","120.569629","4"
"2019","8","14","18","55","臺中市","東區","0","1","0","8","3","5","50","3","1","1","5","4","5","7","1","1","10","5","5","2","17","23","2","9","1","1","C03","7","9","1","10","2","11","","23","23","1","22","8","C03","24.14269","120.71083","2"
"2019","8","14","18","57","臺中市","南區","0","2","0","8","3","5","50","14","6","1","5","4","5","7","4","4","1","4","4","2","13","16","2","9","1","1","C03","7","9","1","10","2","11","","16","16","1","5","8","C03","24.111225","120.645907","2"
"2019","8","14","18","58","臺中市","梧棲區","0","2","0","8","3","5","40","4","1","1","5","4","5","7","4","4","10","5","5","2","15","6","3","10","1","1","B03","7","9","1","8","2","1","","6","6","1","9","5","B03","24.257914","120.56035","2"
"2019","8","14","19","0","臺中市","西屯區","0","0","0","8","","","50","","","","","","","","","","","","","","","","","","","","C03","","","1","","2","","","16","","1","21","","C03","24.172509","120.645403","3"
"2019","8","14","19","0","臺中市","太平區","0","1","0","8","3","5","40","14","9","1","5","4","5","7","4","4","10","5","5","2","11","17","3","10","3","4","C03","7","9","1","10","2","14","","17","17","1","18","8","C03","24.148567","120.727564","2"
"2019","8","14","19","0","臺中市","龍井區","0","1","0","8","2","5","40","4","1","1","5","4","5","7","4","4","10","5","5","2","15","6","2","2","3","4","C03","7","9","1","10","2","12","","6","6","1","5","5","C03","24.18995","120.519078","2"
"2019","8","14","19","7","臺中市","北屯區","0","0","0","8","","","50","","","","","","","","","","","","","","","","","","","","B03","","","1","","2","","","25","","1","","","B03","24.162326","120.699878","3"
"2019","8","14","19","11","臺中市","西屯區","0","1","0","8","3","5","50","14","9","1","5","4","5","7","4","4","5","2","4","2","27","23","2","9","1","1","C03","7","9","1","10","2","11","12","23","23","1","21","1","C03","24.187978","120.620555","2"
"2019","8","14","19","11","臺中市","大甲區","0","0","0","","","","40","","","","","","","","","","","","","","","18","","","","","B03","","","1","","2","","","18","18","1","","","B03","24.342103","120.622827","3"
"2019","8","14","19","14","臺中市","大雅區","0","0","0","8","","","50","","","","","","","","","","","","","","","","","","","","A11","","","1","","2","","","7","","1","10","","A11","24.217344","120.665658","3"
"2019","8","14","19","15","臺中市","南屯區","0","0","0","8","","","50","","","","","","","","","","","","","","","","","","","","B03","","","1","","2","","","7","","1","22","","B03","24.140962","120.647728","3"
"2019","8","14","19","21","臺中市","西區","0","1","0","8","3","5","50","4","1","1","5","4","5","7","2","1","10","5","5","2","3","15","2","9","4","5","H01","8","16","8","20","10","16","","67","15","1","2","5","H01","24.140176","120.66165","2"
"2019","8","14","19","28","臺中市","西區","0","2","0","8","3","5","50","4","2","1","5","4","5","7","1","1","5","4","5","2","16","26","2","8","1","1","C03","7","5","1","10","2","11","","26","26","1","22","8","C03","24.146669","120.666646","2"
"2019","8","14","19","38","臺中市","北屯區","0","2","0","8","3","5","50","4","1","1","5","4","5","7","1","1","10","5","5","2","12","16","2","9","1","1","C03","7","9","1","10","2","12","","16","16","1","5","8","C03","24.169499","120.705995","2"
"2019","8","14","19","46","臺中市","大里區","0","0","0","8","","","40","","","","","","","","","","","","","","","","","","","","B12","","","1","","2","","","18","","1","2","","B12","24.087763","120.700721","3"
"2019","8","14","19","48","臺中市","太平區","0","1","0","8","3","5","50","14","7","1","5","4","5","7","4","4","5","4","4","2","17","7","3","10","1","1","B03","7","7","1","8","2","8","","7","7","1","21","8","B03","24.148243","120.704136","2"
"2019","8","14","19","50","臺中市","大甲區","0","1","0","8","3","5","60","14","13","1","5","4","5","7","4","4","3","4","4","2","17","20","2","9","3","4","B03","7","9","1","8","2","5","","20","20","1","22","8","B03","24.347393","120.617258","2"
"2019","8","14","20","10","臺中市","西屯區","0","1","0","8","3","5","50","4","1","1","5","4","5","7","2","1","5","5","5","2","16","6","3","10","1","1","B03","7","5","1","8","2","1","","6","6","1","22","8","B03","24.17414","120.647891","2"
"2019","8","14","20","30","臺中市","北屯區","0","0","0","8","","","50","","","","","","","","","","","","","","","","","","","","B03","","","1","","2","","","23","","1","21","","B03","24.17421","120.720373","3"
"2019","8","14","20","34","臺中市","西屯區","0","1","0","8","3","5","40","14","8","1","5","4","5","7","4","4","9","4","4","2","24","23","2","9","1","1","C03","7","9","1","10","2","11","12","23","23","1","21","8","C03","24.155701","120.637983","2"
"2019","8","14","20","40","臺中市","烏日區","0","0","0","8","","","50","","","","","","","","","","","","","","","","","","","","B03","","","1","","2","","","23","","1","22","","B03","24.111818","120.5875","3"
"2019","8","14","20","43","臺中市","西屯區","0","0","0","8","","","50","","","","","","","","","","","","","","","","","","","","C03","","","1","","2","","","23","","1","21","","C03","24.180881","120.637789","3"
"2019","8","14","20","47","臺中市","外埔區","0","1","0","8","3","5","40","3","2","1","5","4","5","7","4","4","10","5","5","2","17","23","3","10","3","4","C03","7","5","2","18","3","11","","23","23","1","21","8","C03","24.343844","120.63863","2"
"2019","8","14","20","55","臺中市","南屯區","0","0","0","8","","","50","","","","","","","","","","","","","","","","","","","","B03","","","1","","2","","","12","","1","22","","B03","24.152336","120.650803","3"
"2019","8","14","21","14","臺中市","北區","0","1","0","6","3","5","50","14","7","1","4","4","5","7","4","4","1","4","5","2","16","7","3","10","1","1","B03","7","7","1","8","2","7","","7","7","1","5","8","B03","24.158738","120.691042","2"
"2019","8","14","21","19","臺中市","北區","0","1","0","6","3","5","50","14","9","1","4","4","5","7","4","4","5","4","5","2","17","10","3","10","1","1","B12","7","11","6","18","2","15","","10","10","1","21","8","B12","24.160766","120.676346","2"
"2019","8","14","21","26","臺中市","北區","0","1","0","7","3","5","50","3","1","1","4","4","5","7","4","4","5","5","5","2","16","6","3","10","3","4","C03","7","5","1","10","2","11","","6","6","1","22","9","C03","24.152801","120.675583","2"
"2019","8","14","21","28","臺中市","大里區","0","0","0","8","","","50","","","","","","","","","","","","","","","","","","","","B03","","","1","","2","","","42","","1","21","","B03","24.111904","120.693112","3"
"2019","8","14","22","5","臺中市","北屯區","0","0","0","8","","","50","","","","","","","","","","","","","","","","","","","","B03","","","1","","2","","","17","","1","21","","B03","24.172354","120.715249","3"
"2019","8","14","22","28","臺中市","東區","0","1","0","6","4","5","50","14","9","1","4","4","5","7","4","4","5","4","5","2","18","13","2","9","1","1","C03","7","9","1","10","2","12","","13","13","1","5","8","C03","24.140125","120.687498","2"
"2019","8","14","22","40","臺中市","西區","0","0","0","8","3","5","50","14","9","1","5","4","5","7","4","4","9","5","5","2","12","","3","","","","B03","","","1","","2","","","23","","1","21","","B03","24.137971","120.658001","3"
"2019","8","14","23","29","臺中市","神岡區","0","0","0","8","","","50","","","","","","","","","","","","","","","","","","","","A05","","","1","","2","","","6","","1","22","","A05","24.275459","120.705436","3"
"2019","8","15","0","12","臺中市","西屯區","0","0","0","8","","","40","","","","","","","","","","","","","","12","19","","","","","B03","","","1","","2","7","","19","19","1","22","","B03","24.172513","120.64275","3"
"2019","8","15","0","43","臺中市","沙鹿區","0","1","0","8","1","5","40","3","2","1","5","4","5","7","4","4","1","4","1","1","18","23","2","9","1","1","C03","7","6","1","10","2","11","","23","23","1","21","8","C03","24.250215","120.586222","2"
"2019","8","15","4","28","臺中市","沙鹿區","0","1","0","6","3","5","40","3","1","1","4","4","5","7","1","1","10","5","5","2","17","38","3","10","1","1","B03","7","14","1","8","2","1","","38","38","1","21","8","B03","24.22717","120.57605","2"
"2019","8","15","5","39","臺中市","北區","0","1","0","6","2","5","50","5","1","1","4","4","5","7","2","1","10","5","5","2","17","26","3","10","1","1","B03","7","9","1","8","2","5","","26","26","1","22","8","B03","24.145959","120.682629","2"
"2019","8","15","6","52","臺中市","大肚區","0","0","0","","","","","","","","","","","","","","","","","","","","","","","","B12","","","1","","2","","","17","","1","22","","B12","24.175323","120.577494","3"
"2019","8","15","6","56","臺中市","東勢區","0","0","0","8","","","50","","","","","","","","","","","","","","","","","","","","A05","","","1","","2","","","23","","1","10","","A05","24.251588","120.830123","3"
"2019","8","15","7","0","臺中市","豐原區","0","0","0","6","","","50","","","","","","","","","","","","","","","","","","","","B03","","","1","","2","","","23","","1","21","","B03","24.24559","120.70873","3"
"2019","8","15","7","3","臺中市","豐原區","0","0","0","6","","","50","","","","","","","","","","","","","","","","","","","","B03","","","1","","2","","","23","","1","21","","B03","24.257244","120.744325","3"
"2019","8","15","7","5","臺中市","北區","0","1","0","6","1","5","50","3","1","1","4","4","5","7","1","1","10","5","5","2","15","25","2","9","1","1","C03","7","9","3","18","2","11","","25","25","1","21","8","C03","24.166807","120.668306","2"
"2019","8","15","7","37","臺中市","東區","0","1","0","7","1","5","50","14","9","1","4","4","5","7","4","4","1","2","5","2","13","16","2","3","1","1","C03","7","9","1","10","2","11","","16","16","1","22","8","C03","24.132961","120.698914","2"
"2019","8","15","7","38","臺中市","西屯區","0","1","0","6","1","5","50","4","2","1","4","4","5","7","3","1","8","3","4","1","3","15","3","10","1","1","B03","7","5","1","8","2","8","","15","15","1","22","8","B03","24.170495","120.641085","2"
"2019","8","15","7","40","臺中市","西屯區","0","2","0","6","1","5","50","4","1","1","4","4","5","7","3","1","1","5","5","2","15","6","2","9","1","1","B03","7","9","1","8","2","1","","6","6","1","22","8","B03","24.19405","120.648778","2"
"2019","8","15","7","40","臺中市","潭子區","0","0","0","8","","","50","","","","","","","","","","","","","","","","","","","","C03","","","1","","2","","","16","","1","22","","C03","24.220019","120.69196","3"
"2019","8","15","7","40","臺中市","神岡區","0","1","0","6","1","5","40","3","2","1","4","4","5","7","3","1","5","5","4","2","16","10","3","10","1","1","B03","7","11","1","8","2","4","","10","10","1","22","8","B03","24.258879","120.710098","2"
"2019","8","15","7","40","臺中市","大雅區","0","1","0","6","1","5","40","11","9","1","4","4","5","7","4","4","10","5","5","2","11","17","3","10","1","1","C03","7","9","3","18","2","14","","17","17","1","22","9","C03","24.219036","120.646729","2"
"2019","8","15","7","42","臺中市","南區","0","2","0","6","1","5","50","14","7","1","4","4","5","7","4","4","1","4","5","2","17","43","2","9","1","1","C03","7","9","1","10","2","15","","43","43","1","22","8","C03","24.11264","120.6581","2"
"2019","8","15","7","44","臺中市","后里區","0","0","0","6","","","50","","","","","","","","","","","","","","","","","","","","B03","","","1","","2","","","23","","1","22","","B03","24.305671","120.709114","3"
"2019","8","15","7","45","臺中市","潭子區","0","0","0","6","","","50","","","","","","","","","","","","","","","","","","","","B03","","","1","","2","","","5","","1","22","","B03","24.212785","120.682823","3"
"2019","8","15","7","47","臺中市","霧峰區","0","0","0","6","","","40","","","","","","","","","","","","","","","","","","","","B01","","","1","","2","","","10","","1","10","","B01","24.066985","120.701159","3"
"2019","8","15","7","54","臺中市","大甲區","0","0","0","6","","","40","","","","","","","","","","","","","","","","","","","","F03","","","1","","2","","","17","","1","","","F03","24.350207","120.615774","3"
"2019","8","15","7","56","臺中市","烏日區","0","1","0","6","1","5","40","11","9","1","4","4","5","7","4","4","10","5","5","2","11","5","3","10","1","1","B03","7","9","1","8","2","8","","5","5","1","21","8","B03","24.07737","120.644726","2"
"2019","8","15","7","58","臺中市","后里區","0","1","0","6","1","5","40","14","8","1","4","4","5","7","4","4","5","4","4","1","16","23","3","10","1","1","F02","7","9","8","20","2","16","","23","23","1","3","8","F02","24.304522","120.712677","2"
"2019","8","15","7","59","臺中市","霧峰區","0","1","0","6","1","5","40","4","1","1","4","4","5","7","4","4","10","5","5","2","16","6","3","10","1","1","B03","7","9","1","8","2","8","","6","6","1","5","8","B03","24.048388","120.690655","2"
"2019","8","15","8","0","臺中市","西屯區","0","1","0","6","1","5","50","4","1","1","4","4","5","7","4","4","10","5","5","2","16","6","2","9","1","1","C03","7","5","1","10","2","12","","6","6","1","22","8","C03","24.168218","120.662953","2"
"2019","8","15","8","6","臺中市","西區","0","1","0","7","1","5","50","14","7","1","4","4","5","7","4","4","5","5","4","2","16","10","3","10","1","1","B03","7","11","1","8","2","4","","10","10","1","21","8","B03","24.132051","120.664229","2"
"2019","8","15","8","8","臺中市","潭子區","0","0","0","6","","","40","","","","","","","","","","","","","","","","","","","","B03","","","1","","2","","","23","","1","22","","B03","24.217837","120.720703","3"
"2019","8","15","8","10","臺中市","梧棲區","0","0","0","6","","","40","","","","","","","","","","","","","","","","","","","","B03","","","1","","2","","","12","","1","5","","B03","24.260003","120.543628","3"
"2019","8","15","8","14","臺中市","神岡區","0","0","0","6","","","50","","","","","","","","","","","","","","","","","","","","B03","","","1","","2","","","23","","1","21","","B03","24.238873","120.689433","3"
"2019","8","15","8","16","臺中市","西屯區","0","1","0","6","1","5","50","3","1","1","4","4","5","7","1","1","10","5","5","2","16","43","3","10","1","1","C03","7","9","1","10","2","12","","43","43","1","22","9","C03","24.182133","120.644942","2"
"2019","8","15","8","18","臺中市","大雅區","0","1","0","6","2","5","50","4","1","1","4","4","5","7","1","1","10","5","5","2","18","23","2","9","1","1","C03","7","9","1","10","2","15","","23","23","1","22","1","C03","24.22804","120.651794","2"
"2019","8","15","8","20","臺中市","大肚區","0","0","0","6","","","50","","","","","","","","","","","","","","","","","","","","B03","","","1","","4","","","23","","1","22","","B03","24.168507","120.580692","3"
"2019","8","15","8","21","臺中市","大雅區","0","1","0","6","1","5","50","3","1","1","4","4","5","7","3","1","10","4","5","1","16","6","3","10","1","1","B03","7","5","1","8","2","2","","6","6","1","22","9","B03","24.220221","120.646107","2"
"2019","8","15","8","22","臺中市","大里區","0","1","0","6","1","5","40","14","9","1","4","4","5","7","4","4","10","5","5","2","11","5","3","10","1","1","B03","7","9","1","8","2","8","","5","5","1","21","8","B03","24.10262","120.6917","2"
"2019","8","15","8","22","臺中市","龍井區","0","1","0","6","1","5","50","4","1","1","4","4","5","7","4","4","10","5","5","2","16","6","3","10","3","4","B12","7","5","1","3","2","1","","6","6","1","22","9","B12","24.178813","120.582909","2"
"2019","8","15","8","30","臺中市","西區","0","1","0","7","1","5","50","4","1","1","4","4","5","7","1","1","10","5","5","2","29","23","2","9","1","1","C04","7","9","1","10","2","12","","23","23","1","22","9","C04","24.15073","120.653076","2"
"2019","8","15","8","31","臺中市","北屯區","0","1","0","6","1","5","50","14","8","1","4","4","5","7","4","4","5","5","4","2","18","23","2","9","1","1","C03","7","9","1","10","2","12","","23","23","1","21","8","C03","24.176995","120.71064","2"
"2019","8","15","8","33","臺中市","梧棲區","0","0","0","6","","","50","","","","","","","","","","","","","","","","","","","","B03","","","1","","2","","","23","","1","3","","B03","24.225341","120.535651","3"
"2019","8","15","8","34","臺中市","西屯區","0","1","0","6","1","5","50","3","1","1","4","4","5","7","4","4","5","5","5","2","16","26","2","7","1","1","C03","7","5","1","10","2","14","","26","26","1","22","8","C03","24.169677","120.650785","2"
"2019","8","15","8","34","臺中市","潭子區","0","1","0","6","1","5","50","14","9","1","4","4","5","7","4","4","5","5","5","1","13","16","2","9","1","1","C03","7","9","1","10","2","11","","16","16","1","22","8","C03","24.214058","120.71096","2"
"2019","8","15","8","39","臺中市","北屯區","0","1","0","6","1","5","50","14","8","1","4","4","5","7","1","1","1","4","4","2","18","43","2","9","1","1","B03","7","9","1","10","2","15","","43","43","1","21","1","B03","24.163178","120.69143","2"
"2019","8","15","8","41","臺中市","石岡區","0","0","0","6","","","50","","","","","","","","","","","","","","","43","","","","","B12","","","1","","2","","","43","43","2","10","","B12","24.254031","120.814806","3"
"2019","8","15","8","47","臺中市","大里區","0","0","0","6","1","5","50","3","1","1","4","4","5","7","1","1","10","5","5","2","12","9","3","10","1","1","A41","7","6","1","1","2","5","","9","9","1","10","3","A41","24.095513","120.705876","3"
"2019","8","15","8","54","臺中市","南屯區","0","0","0","6","","","40","","","","","","","","","","","","","","","","","","","","C03","","","1","","2","","","1","","1","9","","C03","24.141491","120.640456","3"
"2019","8","15","8","55","臺中市","西屯區","0","2","0","6","1","5","40","3","1","1","4","4","5","7","4","4","10","5","5","2","17","8","2","9","1","1","C03","7","5","1","10","2","14","","8","8","1","22","8","C03","24.167056","120.660051","2"
"2019","8","15","8","59","臺中市","北區","0","1","0","6","1","5","50","3","2","1","4","4","5","7","4","4","1","4","4","2","17","6","3","10","1","1","B03","7","6","1","8","2","15","","6","6","1","21","8","B03","24.154096","120.694442","2"
"2019","8","15","9","0","臺中市","北屯區","0","0","0","6","","","50","","","","","","","","","","","","","","","","","","","","B12","","","1","","2","","","7","","1","22","","B12","24.171974","120.68713","3"
"2019","8","15","9","0","臺中市","北屯區","0","0","0","8","","","50","","","","","","","","","","","","","","","","","","","","B03","","","1","","11","","","43","","1","","","B03","24.171615","120.668296","3"
"2019","8","15","9","0","臺中市","西屯區","0","1","0","6","1","5","50","4","2","1","4","4","5","7","4","4","8","3","4","1","17","42","2","9","1","1","C03","7","9","1","10","2","12","","42","42","1","22","8","C03","24.188826","120.616291","2"
"2019","8","15","9","1","臺中市","北區","0","1","0","6","1","5","50","3","1","1","4","4","5","7","4","4","10","5","5","2","18","23","2","9","1","1","C04","7","9","1","10","2","14","","23","23","1","21","8","C04","24.170019","120.668876","2"
"2019","8","15","9","2","臺中市","北屯區","0","1","0","6","1","5","50","5","2","1","4","4","5","7","1","1","10","5","5","2","18","23","2","9","1","1","C03","7","9","1","10","2","15","","23","23","1","21","8","C03","24.175061","120.710915","2"
"2019","8","15","9","5","臺中市","北區","0","1","0","6","1","5","50","4","1","1","4","4","5","7","1","1","10","5","5","2","17","23","3","10","1","1","B02","7","9","1","8","2","1","","23","23","1","21","8","B02","24.169722","120.668611","2"
"2019","8","15","9","15","臺中市","西屯區","0","1","0","6","1","5","40","3","8","1","4","4","5","7","4","4","1","4","4","2","17","42","2","9","1","1","C03","7","9","1","10","2","14","","42","42","1","22","9","C03","24.185092","120.618082","2"
"2019","8","15","9","17","臺中市","后里區","0","2","0","6","1","5","40","3","2","1","4","4","5","7","4","4","5","4","4","1","16","6","2","9","1","1","C03","7","5","1","10","2","14","","6","6","1","21","8","C03","24.309981","120.715886","2"