"年","月","日","時","分","縣市","區","死","受傷","2-30","天候","光線","道路類別","速限","道路型態","事故位置","路面鋪裝","路面狀態","路面缺陷","障礙物","視距","號誌種類","號誌動作","分向設施","快車道或一般車道間","快慢車道間","路面邊線","事故類型及型態","主要肇因","受傷程度","主要傷處","保護裝備","行動電話","當事者區分(類別)","車輛用途","當事者行動狀態","駕駛資格情形","駕駛執照種類","飲酒情形","車輛撞擊部位最初","車輛撞擊部位其他","肇事因素個別","肇事因素主要","肇事逃逸","職業","旅次目的","車種","GPS座標(緯度)","GPS座標(經度)","事故類別"
"2019","8","15","9","20","臺中市","大里區","0","2","0","6","1","5","50","4","1","1","4","4","5","7","1","1","10","5","4","1","18","25","2","9","1","1","C03","7","9","1","10","2","14","","25","25","1","4","8","C03","24.115095","120.681094","2"
"2019","8","15","9","21","臺中市","中區","0","1","0","6","1","5","50","4","1","1","4","4","5","7","1","1","10","5","5","2","15","25","3","10","1","1","B01","7","9","1","4","2","1","","25","25","1","10","8","B01","24.140776","120.68291","2"
"2019","8","15","9","32","臺中市","大里區","0","1","0","7","1","5","50","14","7","1","4","4","5","7","4","4","5","4","4","2","16","7","3","10","1","1","B12","7","7","1","7","2","8","","7","7","1","10","8","B12","24.097761","120.678725","2"
"2019","8","15","9","40","臺中市","大雅區","0","1","0","6","1","5","50","4","2","1","4","4","5","7","1","1","10","4","5","1","16","19","3","10","1","1","B12","7","1","1","8","2","4","","19","19","1","22","9","B12","24.221915","120.64543","2"
"2019","8","15","9","44","臺中市","西區","0","1","0","6","1","5","50","4","1","1","4","4","5","7","1","1","10","5","5","2","17","6","3","10","1","1","B12","7","5","1","8","2","2","","6","6","1","22","9","B12","24.150758","120.653273","2"
"2019","8","15","9","52","臺中市","太平區","0","1","0","6","1","5","50","4","1","1","4","4","5","7","1","1","10","5","5","2","29","23","3","10","1","1","C03","7","5","1","10","2","15","","25","23","1","20","8","C03","24.140253","120.731622","2"
"2019","8","15","9","53","臺中市","梧棲區","0","0","0","6","","","70","","","","","","","","","","","","","","","","","","","","B03","","","1","","2","","","23","","1","3","","B03","24.221526","120.543328","4"
"2019","8","15","9","59","臺中市","清水區","0","1","0","6","1","5","60","4","1","1","4","4","5","7","1","1","10","5","5","2","18","67","","","","","","","","","","","","","67","67","1","","","","24.293899","120.552","2"
"2019","8","15","10","2","臺中市","北區","0","1","0","6","1","5","50","4","18","1","4","4","5","7","4","4","10","5","5","2","3","15","3","10","1","1","B03","7","9","1","8","2","1","","15","15","1","21","8","B03","24.157503","120.679954","2"
"2019","8","15","10","3","臺中市","東區","0","0","0","6","","","50","","","","","","","","","","","","","","","","","","","","B12","","","1","","2","","","7","","1","22","","B12","24.140157","120.696586","3"
"2019","8","15","10","10","臺中市","梧棲區","0","1","0","6","1","5","40","3","1","1","4","4","5","7","4","4","10","5","5","2","16","6","3","10","1","1","B12","7","5","1","8","2","1","","6","6","1","20","8","B12","24.231558","120.53332","2"
"2019","8","15","10","14","臺中市","石岡區","0","0","0","6","","","50","","","","","","","","","","","","","","","","","","","","B03","","","1","","2","","","42","","1","5","","B03","24.275164","120.778846","3"
"2019","8","15","10","24","臺中市","清水區","0","1","0","6","1","5","40","5","2","1","4","4","5","7","1","1","5","5","5","1","11","25","3","10","1","1","B03","7","9","1","8","2","4","","25","25","1","5","7","B03","24.275416","120.57746","2"
"2019","8","15","10","35","臺中市","梧棲區","0","1","0","6","1","5","50","4","1","1","4","4","5","7","4","4","10","5","5","2","15","6","2","9","1","1","C03","7","9","1","10","2","12","","6","6","1","5","8","C03","24.256308","120.532728","2"
"2019","8","15","11","0","臺中市","霧峰區","0","0","0","6","","","40","","","","","","","","","","","","","","","","","","","","B12","","","1","","2","","","43","","1","23","","B12","24.057823","120.6846","3"
"2019","8","15","11","0","臺中市","梧棲區","0","0","0","6","","","40","","","","","","","","","","","","","","","","","","","","B03","","","1","","2","","","6","","1","9","","B03","24.222305","120.528603","3"
"2019","8","15","11","2","臺中市","太平區","0","0","0","6","","","50","","","","","","","","","","","","","","","8","","","","","B02","","","1","","2","","","8","8","1","","","B02","24.153412","120.733432","3"
"2019","8","15","11","3","臺中市","沙鹿區","0","1","0","6","1","5","30","14","9","1","4","4","5","7","4","4","5","5","5","1","11","42","3","10","1","1","B03","7","6","1","8","2","8","","42","42","1","5","8","B03","24.235732","120.563853","2"
"2019","8","15","11","7","臺中市","大甲區","0","0","0","6","","","50","","","","","","","","","","","","","","","","","","","","B03","","","1","","2","","","6","","1","4","","B03","24.399626","120.651561","3"
"2019","8","15","11","9","臺中市","太平區","0","0","0","6","","","40","","","","","","","","","","","","","","","","","","","","B12","","","1","","2","","","12","","1","21","","B12","24.145404","120.73417","3"
"2019","8","15","11","13","臺中市","北屯區","0","0","0","6","","","50","","","","","","","","","","","","","","","","","","","","B12","","","1","","2","","","23","","1","21","","B12","24.162981","120.691246","3"
"2019","8","15","11","13","臺中市","烏日區","0","0","0","6","","","70","","","","","","","","","","","","","","","","","","","","B03","","","1","","2","","","12","","1","22","","B03","24.113024","120.593026","3"
"2019","8","15","11","17","臺中市","大雅區","0","2","0","6","1","5","50","3","8","1","4","4","5","6","1","1","3","4","4","1","17","25","2","8","1","1","C03","7","9","1","10","2","11","","25","25","1","21","8","C03","24.242246","120.628105","2"
"2019","8","15","11","24","臺中市","沙鹿區","0","1","0","6","1","5","60","3","1","1","4","4","5","7","2","1","1","3","1","1","17","25","3","10","1","1","B12","7","5","1","8","2","15","","25","25","1","3","8","B12","24.217153","120.580582","2"
"2019","8","15","11","27","臺中市","西區","0","1","0","6","1","5","40","4","1","1","4","4","5","7","4","4","10","5","5","2","15","6","2","9","1","1","C03","7","9","1","10","2","11","","6","6","1","21","8","C03","24.149692","120.660858","2"
"2019","8","15","11","30","臺中市","潭子區","0","0","0","6","","","80","","","","","","","","","","","","","","","","","","","","B03","","","1","","2","","","13","","1","22","","B03","24.201216","120.698065","3"
"2019","8","15","11","37","臺中市","霧峰區","0","2","0","6","1","5","70","3","1","1","4","4","5","7","2","1","10","5","5","2","16","25","2","9","1","1","C03","7","9","1","10","2","11","","25","25","1","21","8","C03","24.034167","120.693934","2"
"2019","8","15","11","48","臺中市","南屯區","0","0","0","6","","","50","","","","","","","","","","","","","","","","","","","","B03","","","1","","2","","","19","","1","18","","B03","24.137974","120.646666","3"
"2019","8","15","11","48","臺中市","大里區","0","1","0","6","1","5","50","3","1","1","4","4","5","7","4","4","10","5","5","1","16","6","3","10","1","1","B03","7","5","1","8","2","1","","6","6","1","4","8","B03","24.087192","120.70901","2"
"2019","8","15","12","0","臺中市","大里區","0","0","0","6","1","5","50","14","9","1","4","4","5","7","4","4","5","4","5","1","16","10","3","10","1","1","B12","7","11","1","8","2","4","","10","10","1","5","8","B12","24.099976","120.674536","3"
"2019","8","15","12","1","臺中市","西屯區","0","0","0","6","","","50","","","","","","","","","","","","","","","19","","","","","B03","","","1","","2","","","19","19","1","22","","B03","24.157123","120.643285","3"
"2019","8","15","12","5","臺中市","東區","0","0","0","6","","","50","","","","","","","","","","","","","","","","","","","","B03","","","1","","2","","","23","","1","22","","B03","24.14401","120.701136","3"
"2019","8","15","12","5","臺中市","西屯區","0","1","0","6","1","5","40","4","1","1","4","4","5","7","4","4","10","5","5","2","17","6","2","9","1","1","C03","7","9","1","9","2","14","","6","6","1","22","8","C03","24.16909","120.640496","2"
"2019","8","15","12","6","臺中市","北區","0","1","0","6","1","5","50","4","1","1","4","4","5","7","1","1","10","5","5","2","17","6","3","10","1","1","B12","7","5","1","8","2","15","","6","6","1","21","8","B12","24.16044","120.670508","2"
"2019","8","15","12","10","臺中市","豐原區","0","0","0","6","","","50","","","","","","","","","","","","","","","40","","","","","B12","","","1","","2","","","40","40","1","9","","B12","24.246291","120.722873","3"
"2019","8","15","12","15","臺中市","大里區","0","0","0","8","","","40","","","","","","","","","","","","","","","","","","","","B03","","","1","","2","","","12","","1","21","","B03","24.091148","120.699053","3"
"2019","8","15","12","18","臺中市","北屯區","0","1","0","6","1","5","50","4","1","1","4","4","5","7","1","1","10","5","5","2","15","25","2","9","3","4","C03","7","9","1","10","2","14","","25","25","1","21","8","C03","24.179746","120.703903","2"
"2019","8","15","12","19","臺中市","北區","0","0","0","6","","","50","","","","","","","","","","","","","","","","","","","","B03","","","1","","2","","","23","","1","","","B03","24.149746","120.67563","3"
"2019","8","15","12","20","臺中市","大甲區","0","0","0","6","","","50","","","","","","","","","","","","","","","","","","","","B02","","","1","","2","","","6","","1","21","","B02","24.346698","120.620905","3"
"2019","8","15","12","24","臺中市","北屯區","0","0","0","6","","","50","","","","","","","","","","","","","","","23","","","","","B03","","","1","","2","","","23","23","1","22","","B03","24.168378","120.685264","3"
"2019","8","15","12","25","臺中市","西區","0","0","0","6","1","5","50","14","9","1","4","4","5","7","1","1","5","4","5","2","13","23","","","","","B03","","","1","","2","","","23","23","1","22","","B03","24.146267","120.661617","3"
"2019","8","15","12","26","臺中市","太平區","0","0","0","6","","","40","","","","","","","","","","","","","","","","","","","","B12","","","6","","2","","","12","","2","21","","B12","24.153634","120.728666","3"
"2019","8","15","12","29","臺中市","西屯區","0","0","0","6","","","40","","","","","","","","","","","","","","","","","","","","B03","","","1","","2","","","12","","1","22","","B03","24.178878","120.638656","3"
"2019","8","15","12","34","臺中市","西區","0","1","0","6","1","5","40","4","1","1","4","4","5","7","1","1","10","4","5","2","17","6","3","10","1","1","A12","7","6","1","1","2","1","","6","6","1","10","8","A12","24.147762","120.673517","2"
"2019","8","15","12","36","臺中市","清水區","0","3","0","6","1","5","40","4","1","1","4","4","5","7","4","4","10","5","5","2","15","6","2","9","1","1","C03","7","9","1","10","2","12","","6","6","1","12","8","C03","24.287321","120.577464","2"
"2019","8","15","12","50","臺中市","烏日區","0","1","0","6","1","5","50","3","1","1","4","4","5","7","3","1","10","5","5","2","16","10","3","10","1","1","B12","7","11","1","8","2","4","","10","10","1","10","8","B12","24.104345","120.635458","2"
"2019","8","15","12","50","臺中市","清水區","0","1","0","6","1","5","50","4","1","1","4","4","5","7","2","1","9","4","4","1","13","44","3","10","1","1","B01","7","6","1","8","2","2","","26","44","1","10","1","B01","24.271385","120.564478","2"
"2019","8","15","12","59","臺中市","中區","0","0","0","6","","","50","","","","","","","","","","","","","","","","","","","","B03","","","1","","2","","","9","","1","","","B03","24.143749","120.677939","4"
"2019","8","15","13","4","臺中市","北屯區","0","1","0","8","1","5","50","14","9","1","5","4","5","7","4","4","1","4","5","2","16","7","3","10","1","1","B03","7","8","1","8","2","2","","7","7","1","5","8","B03","24.171999","120.685975","2"
"2019","8","15","13","27","臺中市","南區","0","1","0","7","1","5","50","4","1","1","4","4","5","7","4","4","10","5","5","2","16","6","3","10","1","1","B03","7","5","1","8","2","8","","6","6","1","22","8","B03","24.129656","120.675052","2"
"2019","8","15","13","48","臺中市","西區","0","1","0","7","1","5","50","4","1","1","5","4","5","7","4","4","10","5","5","2","15","6","2","9","1","1","C03","7","9","1","10","2","12","","6","6","1","22","8","C03","24.151981","120.660141","2"
"2019","8","15","14","0","臺中市","北區","0","1","0","7","1","5","50","5","1","1","4","4","5","7","1","1","10","5","5","2","17","43","3","10","1","1","C03","7","9","1","10","2","15","","43","43","1","21","8","C03","24.153888","120.667777","2"
"2019","8","15","14","5","臺中市","北屯區","0","0","0","8","","","50","","","","","","","","","","","","","","","","","","","","B11","","","1","","2","","","42","","1","10","","B11","24.169946","120.707778","3"
"2019","8","15","14","7","臺中市","龍井區","0","1","0","7","1","5","50","14","9","1","4","4","4","7","4","4","5","5","5","1","18","43","2","9","1","1","C03","7","9","1","10","2","14","","43","43","1","21","8","C03","24.199313","120.553813","2"
"2019","8","15","14","18","臺中市","烏日區","0","1","0","8","1","5","50","3","2","1","5","4","5","7","3","1","4","3","4","1","17","10","3","10","1","1","B03","7","11","1","8","2","8","","10","10","1","22","8","B03","24.106318","120.62339","2"
"2019","8","15","14","25","臺中市","沙鹿區","0","0","0","8","","","50","","","","","","","","","","","","","","","","","","","","B03","","","1","","2","","","23","","1","","","B03","24.23452","120.558692","3"
"2019","8","15","14","36","臺中市","西屯區","0","0","0","8","1","5","50","","","","","","","","","","","","","","","16","","","","","B03","","","1","","2","1","","23","16","1","22","","B03","24.168231","120.641357","3"
"2019","8","15","14","40","臺中市","大甲區","0","0","0","8","","","40","","","","","","","","","","","","","","","","","","","","B03","","","1","","2","","","6","","1","21","","B03","24.351158","120.63734","3"
"2019","8","15","14","48","臺中市","中區","0","0","0","8","","","50","","","","","","","","","","","","","","","","","","","","B12","","","1","","2","","","12","","1","","","B12","24.145198","120.679375","4"
"2019","8","15","15","0","臺中市","沙鹿區","0","0","0","","","","","","","","","","","","","","","","","","","","","","","","B03","","","1","","2","","","44","","1","","","B03","","","3"
"2019","8","15","15","1","臺中市","北區","0","0","0","7","1","5","50","13","9","1","5","4","5","7","4","4","10","5","5","2","14","","","","","","B12","","","1","","2","","","12","","1","22","","B12","24.16346","120.669762","3"
"2019","8","15","15","4","臺中市","北區","0","1","0","8","1","5","50","4","1","1","5","4","5","7","1","1","5","5","5","2","14","12","3","10","1","1","B03","7","2","1","8","2","3","","12","12","1","21","8","B03","24.160449","120.676602","2"
"2019","8","15","15","9","臺中市","神岡區","0","0","0","8","","","40","","","","","","","","","","","","","","","12","","","","","B12","","","1","","2","","","12","12","1","22","","B12","24.254766","120.645195","3"
"2019","8","15","15","18","臺中市","龍井區","0","1","0","7","1","5","50","4","1","1","5","4","5","7","4","4","10","5","5","2","16","26","2","9","1","1","C03","7","4","3","18","2","12","","26","26","1","20","5","C03","24.201493","120.530583","2"
"2019","8","15","15","20","臺中市","大里區","0","0","0","8","1","5","40","4","1","1","5","4","5","7","1","1","4","1","4","1","11","","","","","","A05","","","1","","2","","","6","","1","5","","A05","24.106441","120.688378","3"
"2019","8","15","15","20","臺中市","神岡區","0","1","0","7","1","5","40","11","9","1","5","4","5","1","4","4","10","5","4","2","16","5","3","10","1","1","B03","7","5","1","8","2","8","","5","5","1","21","8","B03","24.276196","120.688888","2"
"2019","8","15","15","25","臺中市","太平區","0","0","0","6","","","50","","","","","","","","","","","","","","","","","","","","A11","","","1","","2","","","19","","1","21","","A11","24.149162","120.724449","3"
"2019","8","15","15","30","臺中市","西區","0","0","0","8","","","50","","","","","","","","","","","","","","","","","","","","B03","","","1","","2","","","7","","1","21","","B03","24.153673","120.659961","3"
"2019","8","15","15","33","臺中市","烏日區","0","0","0","8","","","40","","","","","","","","","","","","","","","","","","","","B12","","","1","","2","","","12","","1","","","B12","24.108952","120.631313","3"
"2019","8","15","15","35","臺中市","龍井區","0","1","0","6","1","5","50","4","1","1","4","4","5","7","3","1","10","5","5","2","15","6","2","4","1","4","C03","7","9","1","10","2","12","","6","6","1","19","7","C03","24.194065","120.533145","2"
"2019","8","15","15","35","臺中市","東勢區","0","0","0","8","1","5","50","4","2","1","5","4","5","7","4","4","5","4","5","1","15","","","","","","B12","","","1","","2","","","6","","1","7","","B12","24.24878","120.835155","3"
"2019","8","15","15","38","臺中市","太平區","0","0","0","8","","","50","","","","","","","","","","","","","","","","","","","","C03","","","1","","2","","","26","","1","","","C03","24.149304","120.714281","3"
"2019","8","15","15","39","臺中市","烏日區","0","0","0","8","","","60","","","","","","","","","","","","","","","","","","","","B03","","","1","","2","","","16","","1","21","","B03","24.107188","120.636528","3"
"2019","8","15","15","45","臺中市","豐原區","0","0","0","8","","","40","","","","","","","","","","","","","","","","","","","","B03","","","1","","2","","","19","","1","21","","B03","24.242205","120.731555","3"
"2019","8","15","15","55","臺中市","梧棲區","0","1","0","8","1","5","50","4","1","1","5","4","5","7","4","4","10","5","5","2","15","6","3","10","1","1","B03","7","9","1","8","2","1","","6","6","1","9","1","B03","24.255923","120.535637","2"
"2019","8","15","15","57","臺中市","北區","0","1","0","7","1","5","50","4","1","1","5","4","5","7","4","4","5","5","5","2","12","6","2","9","3","4","C03","7","6","1","10","2","11","","6","6","1","22","9","C03","24.168555","120.677623","2"
"2019","8","15","16","9","臺中市","神岡區","0","1","0","7","1","5","50","14","8","1","5","4","5","7","4","4","1","4","4","1","12","19","3","10","1","1","B03","7","1","1","8","2","8","","19","19","1","22","8","B03","24.246592","120.683429","2"
"2019","8","15","16","26","臺中市","中區","0","1","0","6","1","5","50","4","1","1","4","4","5","7","1","1","10","5","5","2","13","23","3","10","1","1","A06","7","9","1","2","2","1","","23","23","1","22","8","A06","24.142419","120.679512","2"
"2019","8","15","16","28","臺中市","北區","0","1","0","7","1","5","50","14","9","1","4","4","5","7","4","4","5","5","5","2","2","23","3","10","1","1","B03","7","9","1","8","2","5","","23","23","1","21","8","B03","24.148233","120.68457","2"
"2019","8","15","16","50","臺中市","烏日區","0","1","0","6","1","5","70","4","1","1","4","4","5","7","1","1","10","5","5","2","16","9","3","10","1","1","B12","7","6","1","8","2","6","","9","9","1","21","8","B12","24.106692","120.614241","2"
"2019","8","15","16","56","臺中市","西屯區","0","1","0","6","3","5","50","3","1","1","4","4","5","7","1","1","10","5","5","2","16","10","3","10","1","1","B03","7","11","1","8","2","5","","10","10","1","21","8","B03","24.163597","120.658598","2"
"2019","8","15","16","56","臺中市","大安區","0","0","0","8","1","4","40","14","2","1","5","4","5","7","4","4","8","1","5","2","14","12","3","10","1","1","B12","7","2","1","8","2","7","","12","12","1","9","4","B12","24.338055","120.591133","3"
"2019","8","15","17","0","臺中市","大安區","0","2","0","8","1","5","50","4","1","1","5","4","5","7","4","4","10","5","5","2","12","16","2","8","1","1","C03","7","9","1","10","2","11","","16","16","1","18","8","C03","24.372381","120.601675","2"
"2019","8","15","17","4","臺中市","南區","0","1","0","8","1","5","40","3","1","1","5","4","5","7","4","4","9","4","4","2","18","23","2","9","1","1","C03","7","6","1","10","2","12","","23","23","1","5","8","C03","24.115006","120.651111","2"
"2019","8","15","17","4","臺中市","西屯區","0","0","0","8","","","50","","","","","","","","","","","","","","","6","","","","","C03","","","1","","2","","","23","6","1","","","C03","24.19076","120.616598","3"
"2019","8","15","17","6","臺中市","后里區","0","1","0","6","2","5","50","14","7","1","4","4","5","7","4","4","5","4","4","1","13","23","3","10","3","4","B03","7","9","1","8","2","1","","23","23","1","21","8","B03","24.310505","120.712375","2"
"2019","8","15","17","6","臺中市","大雅區","0","0","0","6","","","50","","","","","","","","","","","","","","","","","","","","B03","","","1","","2","","","23","","1","","","B03","24.221351","120.647225","3"
"2019","8","15","17","8","臺中市","西屯區","0","0","0","8","","","40","","","","","","","","","","","","","","","","","","","","B03","","","1","","2","","","23","","1","22","","B03","24.16764","120.641465","3"
"2019","8","15","17","19","臺中市","北屯區","0","0","0","8","","","40","","","","","","","","","","","","","","","","","","","","B03","","","1","","2","","","19","","1","","","B03","24.186539","120.685487","3"
"2019","8","15","17","25","臺中市","豐原區","0","0","0","8","","","50","","","","","","","","","","","","","","","6","","","","","B03","","","1","","2","","","6","6","1","22","","B03","24.25335","120.716345","3"
"2019","8","15","17","26","臺中市","沙鹿區","0","1","0","7","1","5","40","3","2","1","5","4","5","7","4","4","4","5","5","2","18","23","2","9","1","1","C03","7","9","1","10","2","14","","23","23","1","21","8","C03","24.252071","120.58879","2"
"2019","8","15","17","30","臺中市","南屯區","0","0","0","6","","","50","","","","","","","","","","","","","","","","","","","","B03","","","1","","2","","","7","","1","22","","B03","24.153038","120.619554","3"
"2019","8","15","17","30","臺中市","烏日區","0","1","0","7","1","5","40","4","1","1","4","4","5","7","4","4","10","5","5","2","15","6","2","9","1","1","C03","7","9","1","10","2","12","","6","6","1","22","8","C03","24.102672","120.629884","2"
"2019","8","15","17","31","臺中市","大雅區","0","0","0","6","","","60","","","","","","","","","","","","","","","","","","","","B03","","","1","","2","","","17","","1","21","","B03","24.230608","120.640788","3"
"2019","8","15","17","37","臺中市","豐原區","0","0","0","6","","","50","","","","","","","","","","","","","","","","","","","","B03","","","1","","2","","","19","","1","","","B03","24.24529","120.70715","3"
"2019","8","15","17","48","臺中市","沙鹿區","0","0","0","8","","","60","","","","","","","","","","","","","","","26","","","","","B03","","","1","","2","","","26","26","1","","","B03","24.250148","120.590279","4"
"2019","8","15","17","50","臺中市","西屯區","0","1","0","6","1","5","90","14","7","1","4","4","5","7","4","4","1","4","5","2","20","23","2","7","1","1","B03","7","7","1","8","2","8","","23","23","1","21","8","B03","24.201062","120.667653","2"
"2019","8","15","17","51","臺中市","龍井區","0","1","0","8","1","5","40","4","1","1","4","4","5","5","4","4","10","5","5","2","15","6","2","7","1","1","C03","7","9","1","10","2","11","","6","6","1","18","8","C03","24.180706","120.58677","2"
"2019","8","15","17","54","臺中市","北區","0","1","0","7","1","5","50","4","2","1","4","4","5","7","1","1","5","4","4","2","13","23","2","8","1","1","C03","7","9","1","10","2","11","","23","23","1","21","8","C03","24.159198","120.670481","2"
"2019","8","15","18","11","臺中市","和平區","0","0","0","7","1","6","40","14","9","1","4","4","5","7","4","4","10","5","5","1","11","23","3","10","1","1","C03","7","9","1","10","5","14","","23","23","1","20","9","C03","24.275236","121.265145","3"
"2019","8","15","18","12","臺中市","北區","0","0","0","6","","","40","","","","","","","","","","","","","","","","","","","","B03","","","1","","2","","","23","","1","22","","B03","24.149285","120.681015","3"
"2019","8","15","18","15","臺中市","龍井區","0","2","0","6","3","5","40","3","2","1","4","4","5","7","1","1","10","5","1","1","17","23","2","9","3","4","C03","7","9","1","10","2","11","","23","23","1","22","9","C03","24.189698","120.580003","2"
"2019","8","15","18","32","臺中市","烏日區","0","1","0","7","3","5","50","14","8","1","4","4","5","7","4","4","8","3","4","2","18","43","2","9","1","1","C03","7","9","1","10","2","14","","43","43","1","22","8","C03","24.108456","120.64183","2"
"2019","8","15","18","43","臺中市","北區","0","1","0","7","3","5","50","14","9","1","4","4","5","7","4","4","5","4","5","2","18","23","2","9","1","1","C03","7","9","1","10","2","12","","23","23","1","21","8","C03","24.166801","120.665972","2"
"2019","8","15","18","43","臺中市","南屯區","0","0","0","8","","","40","","","","","","","","","","","","","","","","","","","","B03","","","1","","11","","","43","","1","22","","B03","24.139031","120.609508","3"
"2019","8","15","18","45","臺中市","豐原區","0","0","0","8","","","60","","","","","","","","","","","","","","","","","","","","B03","","","1","","2","","","23","","1","22","","B03","24.263963","120.719947","3"
"2019","8","15","18","49","臺中市","清水區","0","0","0","8","","","40","","","","","","","","","","","","","","","","","","","","C03","","","1","","2","","","42","","1","21","","C03","24.270046","120.575884","4"
"2019","8","15","18","49","臺中市","后里區","0","0","0","8","","","50","","","","","","","","","","","","","","","","","","","","B03","","","1","","2","","","16","","1","","","B03","24.30539","120.710018","3"
"2019","8","15","18","50","臺中市","新社區","0","1","0","6","3","5","50","14","9","1","4","4","5","7","4","4","9","4","5","1","17","7","3","10","1","1","B03","7","7","3","18","2","8","","7","7","1","21","8","B03","24.211769","120.795728","2"
"2019","8","15","18","50","臺中市","大雅區","0","2","0","7","3","5","50","14","8","1","4","4","5","7","4","4","9","4","4","1","17","26","2","9","1","1","C03","7","11","1","10","2","12","","26","26","1","22","9","C03","24.22661","120.64853","2"
"2019","8","15","18","54","臺中市","北區","0","0","0","8","","","50","","","","","","","","","","","","","","","","","","","","B03","","","1","","2","","","7","","1","5","","B03","24.172947","120.671711","3"
"2019","8","15","18","54","臺中市","太平區","0","1","0","6","3","5","50","14","9","1","4","4","5","7","4","4","5","5","5","1","16","6","2","9","1","1","C03","7","9","1","10","2","11","","6","6","1","21","8","C03","24.133264","120.716341","2"
"2019","8","15","18","57","臺中市","北區","0","1","0","8","1","5","50","4","2","1","5","4","5","7","3","1","5","4","5","2","12","8","2","9","1","1","C03","7","5","1","10","2","14","","8","8","1","21","8","C03","24.16707","120.679281","2"
"2019","8","15","19","4","臺中市","太平區","0","1","0","7","1","5","50","3","1","1","5","4","5","7","4","4","10","5","5","2","13","16","3","10","1","1","B03","7","5","1","8","2","1","","16","16","1","21","8","B03","24.158204","120.71672","2"
"2019","8","15","19","11","臺中市","潭子區","0","0","0","8","","","60","","","","","","","","","","","","","","","","","","","","B03","","","1","","2","","","23","","1","22","","B03","24.207831","120.705087","3"
"2019","8","15","19","28","臺中市","北區","0","2","0","6","3","5","50","14","9","1","4","4","5","7","4","4","5","4","5","2","13","23","2","8","3","4","B03","7","14","1","8","2","1","","23","23","1","22","9","B03","24.147315","120.673886","2"
"2019","8","15","19","28","臺中市","西屯區","0","0","0","8","","","50","","","","","","","","","","","","","","","23","","","","","B03","","","1","","2","","","23","23","1","22","","B03","24.195936","120.643138","3"
"2019","8","15","19","30","臺中市","太平區","0","1","0","8","3","5","50","4","1","1","5","4","5","7","1","1","10","5","5","2","16","6","3","10","1","1","B03","7","6","1","8","2","5","","6","6","1","21","8","B03","24.14796","120.700535","2"
"2019","8","15","19","40","臺中市","和平區","0","0","0","6","","","50","","","","","","","","","","","","","","","21","","","","","B03","","","6","","7","","","21","21","1","21","","B03","24.202287","121.002725","3"
"2019","8","15","19","46","臺中市","大安區","0","1","0","8","3","5","40","3","1","1","5","4","5","7","4","4","10","5","5","2","18","21","2","7","1","1","C03","7","5","1","10","8","12","","21","21","1","4","9","C03","24.361145","120.604394","2"
"2019","8","15","19","48","臺中市","龍井區","0","1","0","7","3","5","50","3","1","1","5","4","5","1","1","1","10","5","5","2","13","16","2","8","1","1","C03","7","9","1","10","2","11","","16","16","1","21","8","C03","24.191902","120.587996","2"
"2019","8","15","19","50","臺中市","南屯區","0","1","0","6","3","5","40","3","2","1","4","4","5","7","1","1","1","5","1","2","13","16","2","9","1","1","C03","7","9","1","10","2","11","","16","16","1","22","9","C03","24.155393","120.597872","2"
"2019","8","15","19","55","臺中市","南區","0","0","0","6","3","5","40","4","1","1","4","4","5","7","4","4","10","5","5","2","16","23","","","","","B12","","6","1","8","2","2","","23","23","1","5","","B12","24.133761","120.681324","3"
"2019","8","15","19","55","臺中市","潭子區","0","0","0","8","","","50","","","","","","","","","","","","","","","17","","","","","B03","","","1","","2","","","17","17","1","22","","B03","24.191014","120.699885","3"
"2019","8","15","20","1","臺中市","潭子區","0","1","0","8","3","5","50","3","1","1","5","4","5","7","4","4","9","5","5","2","16","6","3","10","2","1","B03","7","5","1","8","2","8","","6","6","1","22","9","B03","24.225242","120.701914","2"
"2019","8","15","20","12","臺中市","南屯區","0","0","0","8","","","50","","","","","","","","","","","","","","","17","","","","","B03","","","1","","2","","","38","17","1","22","","B03","24.150795","120.633021","3"
"2019","8","15","20","55","臺中市","北屯區","0","1","0","6","3","5","50","11","9","1","4","4","5","7","4","4","5","5","5","1","16","26","3","10","1","1","B12","7","9","1","8","2","8","","26","26","1","21","8","B12","24.178744","120.761265","2"
"2019","8","15","21","0","臺中市","西屯區","0","0","0","6","","","40","","","","","","","","","","","","","","","","","","","","B03","","","1","","2","","","12","","1","21","","B03","24.166325","120.635922","3"
"2019","8","15","21","4","臺中市","太平區","0","0","0","6","","","50","","","","","","","","","","","","","","","","","","","","B11","","","1","","2","","","23","","1","","","B11","24.12279","120.717126","3"
"2019","8","15","21","4","臺中市","清水區","0","1","0","7","3","5","50","4","1","1","5","4","5","7","2","1","9","4","5","1","13","23","2","9","1","1","C03","7","6","1","10","2","11","","23","23","1","21","1","C03","24.276875","120.568508","2"
"2019","8","15","21","10","臺中市","西區","0","2","0","8","3","5","50","4","1","1","5","4","5","7","1","1","10","5","5","2","15","25","2","9","1","1","C03","7","9","1","10","2","12","","25","25","1","20","8","C03","24.149982","120.672992","2"
"2019","8","15","21","17","臺中市","東區","0","0","0","6","","","50","","","","","","","","","","","","","","","","","","","","B03","","","1","","2","","","12","","1","4","","B03","24.135096","120.689721","3"