"年","月","日","時","分","縣市","區","死","受傷","2-30","天候","光線","道路類別","速限","道路型態","事故位置","路面鋪裝","路面狀態","路面缺陷","障礙物","視距","號誌種類","號誌動作","分向設施","快車道或一般車道間","快慢車道間","路面邊線","事故類型及型態","主要肇因","受傷程度","主要傷處","保護裝備","行動電話","當事者區分(類別)","車輛用途","當事者行動狀態","駕駛資格情形","駕駛執照種類","飲酒情形","車輛撞擊部位最初","車輛撞擊部位其他","肇事因素個別","肇事因素主要","肇事逃逸","職業","旅次目的","車種","GPS座標(緯度)","GPS座標(經度)","事故類別"
"2019","8","15","21","18","臺中市","北區","0","0","0","8","","","40","","","","","","","","","","","","","","","","","","","","C03","","","1","","2","","","4","","1","22","","C03","24.162413","120.66451","3"
"2019","8","15","21","20","臺中市","北區","0","1","0","6","3","5","50","14","7","1","4","4","5","7","1","1","5","4","4","2","13","23","2","8","1","1","B03","7","9","1","8","2","1","","23","23","1","21","8","B03","24.159234","120.672096","2"
"2019","8","15","21","35","臺中市","中區","0","1","0","6","3","5","50","4","1","1","4","4","5","7","4","4","10","5","5","2","17","6","2","9","1","1","C03","7","9","1","10","2","14","","6","6","1","21","8","C03","24.137933","120.681525","2"
"2019","8","15","22","4","臺中市","烏日區","0","1","0","6","3","5","50","4","1","1","4","4","5","7","2","1","10","5","5","2","16","7","3","10","1","1","B03","7","8","1","8","2","2","","7","7","1","21","8","B03","24.093406","120.649096","2"
"2019","8","15","22","5","臺中市","太平區","0","1","0","6","3","5","50","4","1","1","4","4","5","7","4","4","5","4","5","1","15","6","2","1","1","1","B03","7","9","1","3","2","8","","6","6","1","21","8","B03","24.137666","120.72514","2"
"2019","8","15","22","35","臺中市","西屯區","0","1","0","6","3","5","40","14","9","1","4","4","5","7","4","4","9","5","5","2","13","23","2","9","1","1","C03","7","9","1","10","2","11","","23","23","1","21","8","C03","24.179334","120.640084","2"
"2019","8","15","22","42","臺中市","大甲區","0","0","0","6","","","70","","","","","","","","","","","","","","","","","","","","B03","","","1","","2","","","16","","1","21","","B03","24.409498","120.64355","3"
"2019","8","15","23","16","臺中市","東區","0","0","0","6","","","50","","","","","","","","","","","","","","","44","","","","","B12","","","1","","2","","","44","44","1","5","","B12","24.138727","120.696436","3"
"2019","8","15","23","23","臺中市","潭子區","0","1","0","6","3","8","80","14","9","1","4","4","5","7","4","4","3","3","4","1","20","50","2","7","1","1","B03","7","9","1","8","2","1","","50","50","1","21","8","B03","24.20099","120.696756","2"
"2019","8","15","23","30","臺中市","北區","0","2","0","6","3","5","50","4","1","1","4","4","5","7","1","1","10","5","5","2","15","25","2","9","1","1","C03","7","9","1","10","2","11","","25","25","1","22","8","C03","24.163921","120.684957","2"
"2019","8","15","23","31","臺中市","北屯區","0","2","0","6","3","5","50","14","9","1","4","4","5","7","4","4","9","5","5","2","18","43","2","9","1","1","C03","7","9","2","18","2","11","","43","43","1","21","8","C03","24.179396","120.676797","2"
"2019","8","15","23","41","臺中市","西區","0","0","0","6","","","50","","","","","","","","","","","","","","","12","3","","","","B03","","","1","","2","","","12","12","1","21","","B03","24.153625","120.65517","3"
"2019","8","15","23","45","臺中市","大雅區","0","2","0","6","3","5","50","3","1","1","4","4","5","7","1","1","9","4","4","1","12","23","2","7","1","1","C03","7","9","1","10","2","11","","23","23","1","22","9","C03","24.22642","120.64475","2"
"2019","8","15","23","48","臺中市","梧棲區","0","1","0","6","3","5","70","4","1","1","4","4","5","7","1","1","10","5","5","1","15","23","3","10","3","4","B03","7","9","1","8","2","5","","23","23","1","21","8","B03","24.246073","120.546759","2"
"2019","8","16","0","4","臺中市","太平區","0","1","0","6","1","5","50","14","9","1","4","4","5","7","4","4","4","3","5","1","12","10","3","10","1","1","B03","7","11","1","8","2","4","","10","10","1","5","8","B03","24.156589","120.712699","2"
"2019","8","16","0","23","臺中市","潭子區","0","1","0","6","3","5","50","14","9","1","4","4","5","7","3","1","9","3","5","1","15","6","3","10","1","1","B03","7","1","1","8","2","1","","6","6","1","22","1","B03","24.207308","120.701799","2"
"2019","8","16","0","35","臺中市","霧峰區","0","0","0","6","","","50","","","","","","","","","","","","","","","","","","","","","","","7","","11","","","67","","1","","","","24.055745","120.697212","3"
"2019","8","16","0","49","臺中市","西屯區","0","0","0","6","","","40","","","","","","","","","","","","","","15","6","","","","","B03","","","1","","2","2","","6","6","1","22","","B03","24.161334","120.653851","3"
"2019","8","16","2","24","臺中市","太平區","0","1","0","6","3","5","50","14","8","1","4","4","5","7","4","4","8","3","4","1","13","23","3","10","1","1","B12","7","13","1","4","2","7","","38","23","1","5","8","B12","24.148337","120.702388","2"
"2019","8","16","4","50","臺中市","北屯區","0","0","0","8","","","50","","","","","","","","","","","","","","","","","","","","A12","","","1","","2","","","23","","1","22","","A12","24.178211","120.686771","3"
"2019","8","16","4","50","臺中市","烏日區","0","0","0","6","","","50","","","","","","","","","","","","","","","","","","","","B03","","","1","","2","","","23","","1","21","","B03","24.105721","120.615905","3"
"2019","8","16","5","39","臺中市","沙鹿區","0","1","0","6","2","5","50","3","1","1","4","4","5","7","3","3","10","5","5","2","16","6","3","10","1","1","B03","7","5","1","8","2","8","","6","6","1","4","8","B03","24.259125","120.602468","2"
"2019","8","16","5","58","臺中市","大甲區","0","0","0","6","","","90","","","","","","","","","","","","","","","","","","","","B03","","","1","","2","","","43","","1","","","B03","24.419536","120.637783","4"
"2019","8","16","5","59","臺中市","烏日區","0","0","0","6","","","1","","","","","","","","","","","","","","","","","","","","A21","","","1","","2","","","12","","1","10","","A21","24.067996","120.646177","3"
"2019","8","16","6","39","臺中市","豐原區","0","0","0","6","","","50","","","","","","","","","","","","","","","","","","","","B03","","","1","","2","","","23","","1","21","","B03","24.246313","120.699583","3"
"2019","8","16","6","52","臺中市","北屯區","0","0","0","6","","","50","","","","","","","","","","","","","","","","","","","","B03","","","1","","2","","","12","","1","21","","B03","24.174931","120.719883","3"
"2019","8","16","7","18","臺中市","西屯區","0","0","0","6","","","50","","","","","","","","","","","","","","","","","","","","B03","","","1","","2","","","6","","1","22","","B03","24.183818","120.621936","3"
"2019","8","16","7","20","臺中市","北屯區","0","0","0","8","","","50","","","","","","","","","","","","","","","","","","","","B03","","","1","","11","","","23","","1","21","","B03","24.182114","120.715304","3"
"2019","8","16","7","20","臺中市","大雅區","0","0","0","8","","","50","","","","","","","","","","","","","","","","","","","","B03","","","1","","2","","","23","","1","","","B03","24.239624","120.631862","3"
"2019","8","16","7","25","臺中市","大肚區","0","2","0","8","1","5","40","3","2","1","5","4","5","7","4","4","5","5","5","1","16","6","2","9","3","4","C03","7","5","1","10","2","13","","6","6","1","22","9","C03","24.168707","120.579552","2"
"2019","8","16","7","29","臺中市","潭子區","0","0","0","6","2","5","50","3","7","1","4","4","5","7","3","1","3","4","4","1","13","","","","","","B03","","","1","","2","","","23","","1","22","","B03","24.216041","120.692763","3"
"2019","8","16","7","32","臺中市","北屯區","0","1","0","6","1","5","50","4","1","1","4","4","5","7","1","1","10","5","5","2","16","43","2","9","1","1","C03","7","9","1","10","2","12","","43","43","1","21","1","C03","24.187118","120.686996","2"
"2019","8","16","7","41","臺中市","沙鹿區","0","0","0","8","","","50","","","","","","","","","","","","","","","","","","","","B03","","","1","","2","","","23","","1","9","","B03","24.21581","120.552077","4"
"2019","8","16","7","41","臺中市","梧棲區","0","1","0","8","1","5","40","3","1","1","4","4","5","7","4","4","10","5","5","2","16","23","2","9","1","1","C03","7","9","1","10","2","11","","23","23","1","18","8","C03","24.248603","120.526437","2"
"2019","8","16","7","45","臺中市","北區","0","0","0","6","1","5","50","4","1","1","4","4","5","7","4","4","10","5","5","2","16","","","","","","B03","","","1","","2","","","6","","1","22","","B03","24.156602","120.692739","3"
"2019","8","16","7","47","臺中市","西屯區","0","0","0","","1","5","50","","","","","","","","","","","","","","","42","","","","","B12","","","1","","2","1","","42","42","1","22","","B12","24.172239","120.627542","3"
"2019","8","16","7","50","臺中市","潭子區","0","2","0","6","1","5","50","14","7","1","4","4","5","7","4","4","1","4","4","1","13","16","2","9","1","1","C03","7","8","1","10","2","11","","16","16","1","22","9","C03","24.216058","120.694796","2"
"2019","8","16","7","50","臺中市","大雅區","0","1","0","7","1","8","50","14","9","1","4","4","5","7","4","4","5","5","5","1","17","19","3","10","1","1","B12","7","1","1","8","2","8","","19","19","1","21","8","B12","24.232984","120.653821","2"
"2019","8","16","7","50","臺中市","大雅區","0","0","0","8","","","40","","","","","","","","","","","","","","","","","","","","B03","","","1","","2","","","23","","1","","","B03","24.220054","120.630964","3"
"2019","8","16","7","55","臺中市","大肚區","0","1","0","8","1","5","40","3","1","1","5","4","5","7","4","4","10","5","5","1","17","6","3","10","1","1","C03","7","5","1","10","2","15","","6","6","1","18","1","C03","24.149095","120.543492","2"
"2019","8","16","7","55","臺中市","清水區","0","1","0","6","2","5","50","4","2","1","4","4","5","7","1","1","1","4","4","2","13","16","3","10","1","1","B03","7","9","1","8","2","1","","16","16","1","5","1","B03","24.26641","120.572162","2"
"2019","8","16","7","58","臺中市","大雅區","0","2","0","7","1","5","50","3","1","1","4","4","5","7","4","4","10","5","5","2","13","23","2","9","1","1","C03","7","5","1","10","2","11","","23","23","1","22","9","C03","24.208808","120.644087","2"
"2019","8","16","7","59","臺中市","神岡區","0","0","0","6","","","50","","","","","","","","","","","","","","","","","","","","B03","","","1","","2","","","16","","1","22","","B03","24.232946","120.695107","3"
"2019","8","16","8","0","臺中市","東區","0","0","0","6","","","50","","","","","","","","","","","","","","","","","","","","B03","","","1","","2","","","23","","1","22","","B03","24.139822","120.700057","3"
"2019","8","16","8","0","臺中市","西屯區","0","1","0","6","1","5","40","14","7","1","4","4","5","7","4","4","5","4","4","2","18","42","2","9","1","1","C03","7","9","1","10","2","14","","42","42","1","22","8","C03","24.17525","120.639956","2"
"2019","8","16","8","2","臺中市","大里區","0","1","0","7","1","5","40","14","9","1","4","4","5","7","4","4","1","4","5","2","16","6","3","10","1","1","B03","7","6","1","8","2","8","","6","6","1","5","8","B03","24.105735","120.685938","2"
"2019","8","16","8","4","臺中市","西屯區","0","0","0","6","","","40","","","","","","","","","","","","","","","","","","","","B11","","","1","","2","","","18","","1","22","","B11","24.155746","120.648346","3"
"2019","8","16","8","7","臺中市","西屯區","0","0","0","8","","","40","","","","","","","","","","","","","","","","","","","","E05","","","1","","2","","","12","","1","22","","E05","24.166897","120.63654","3"
"2019","8","16","8","12","臺中市","北屯區","0","0","0","6","","","40","","","","","","","","","","","","","","","","","","","","B03","","","1","","2","","","43","","1","22","","B03","24.160806","120.727325","3"
"2019","8","16","8","15","臺中市","西屯區","0","0","0","8","","","50","","","","","","","","","","","","","","","","","","","","B02","","","1","","2","","","6","","1","22","","B02","24.173957","120.587212","3"
"2019","8","16","8","16","臺中市","北區","0","0","0","6","","","40","","","","","","","","","","","","","","","","","","","","B03","","","1","","2","","","6","","1","","","B03","24.170743","120.675109","3"
"2019","8","16","8","16","臺中市","南屯區","0","3","0","6","1","5","40","4","1","1","4","4","5","7","1","1","10","5","5","2","15","25","2","9","1","1","C03","7","9","1","10","2","12","","25","25","1","21","8","C03","24.139031","120.611708","2"
"2019","8","16","8","19","臺中市","大里區","0","0","0","8","","","40","","","","","","","","","","","","","","","","","","","","B03","","","1","","2","","","23","","1","21","","B03","24.101058","120.69093","3"
"2019","8","16","8","20","臺中市","霧峰區","0","0","0","6","","","40","","","","","","","","","","","","","","","12","3","10","3","1","B03","7","2","1","8","2","7","","12","12","1","4","8","B03","24.065775","120.68826","3"
"2019","8","16","8","20","臺中市","太平區","0","0","0","6","","","40","","","","","","","","","","","","","","","","","","","","A12","","","1","","2","","","23","","1","21","","A12","24.15236","120.709653","3"
"2019","8","16","8","20","臺中市","豐原區","0","0","0","6","","","40","","","","","","","","","","","","","","","","","","","","B12","","","1","","2","","","23","","1","3","","B12","24.240711","120.70515","3"
"2019","8","16","8","20","臺中市","豐原區","0","0","0","6","","","50","","","","","","","","","","","","","","","18","","","","","B12","","","1","","2","","","18","18","1","21","","B12","24.24897","120.730621","3"
"2019","8","16","8","20","臺中市","大雅區","0","0","0","","","","","","","","","","","","","","","","","","","","","","","","B03","","","1","","2","","","26","","1","21","","B03","24.212617","120.632779","3"
"2019","8","16","8","25","臺中市","北屯區","0","0","0","8","","","50","","","","","","","","","","","","","","","","","","","","C03","","","1","","2","","","16","","1","4","","C03","24.180778","120.666763","3"
"2019","8","16","8","26","臺中市","南屯區","0","0","0","6","","","40","","","","","","","","","","","","","","","","","","","","B03","","","1","","2","","","16","","1","21","","B03","24.151728","120.623375","3"
"2019","8","16","8","36","臺中市","西區","0","3","0","6","1","5","50","4","1","1","4","4","5","7","1","1","10","5","5","2","17","23","2","9","1","1","C03","7","9","1","10","2","11","","23","23","1","5","5","C03","24.160159","120.659119","2"
"2019","8","16","8","37","臺中市","東區","0","1","0","6","1","5","40","4","1","1","4","4","5","7","4","4","10","5","5","2","15","6","3","10","1","1","B03","7","9","1","8","2","2","","6","6","1","22","8","B03","24.141315","120.699097","2"
"2019","8","16","8","40","臺中市","北屯區","0","1","0","6","1","5","50","14","9","1","4","4","5","7","4","4","5","5","5","2","18","42","2","9","1","1","C03","7","9","1","10","2","12","","42","42","1","21","1","C03","24.184695","120.6982","2"
"2019","8","16","8","40","臺中市","大甲區","0","0","0","8","","","50","","","","","","","","","","","","","","","","","","","","B03","","","1","","2","","","18","","1","9","","B03","24.344053","120.623076","3"
"2019","8","16","8","44","臺中市","北屯區","0","0","0","6","","","50","","","","","","","","","","","","","","","","","","","","B12","","","1","","2","","","12","","1","22","","B12","24.167443","120.68517","3"
"2019","8","16","8","50","臺中市","西屯區","0","2","0","8","1","5","80","14","7","1","5","4","5","7","4","4","1","3","5","1","13","23","2","8","1","1","B03","7","9","1","8","2","1","","23","23","1","22","8","B03","24.183766","120.622035","2"
"2019","8","16","8","50","臺中市","大雅區","0","1","0","8","1","5","50","4","1","1","5","4","5","7","4","4","5","5","5","1","17","19","3","10","1","1","B03","7","1","1","8","2","1","","19","19","1","21","8","B03","24.229298","120.64867","2"
"2019","8","16","8","53","臺中市","潭子區","0","0","0","8","","","40","","","","","","","","","","","","","","","","","","","","B03","","","1","","2","","","18","","1","22","","B03","24.211694","120.710554","3"
"2019","8","16","8","55","臺中市","南區","0","0","0","6","","","50","","","","","","","","","","","","","","","","","","","","B02","","","1","","2","","","6","","1","22","","B02","24.12567","120.667247","3"
"2019","8","16","8","56","臺中市","西屯區","0","0","0","","1","5","40","","","","","","","","","","","","","","","6","","","","","B03","","","1","","2","8","","6","6","1","22","","B03","24.169202","120.66547","3"
"2019","8","16","8","56","臺中市","潭子區","0","0","0","8","","","30","","","","","","","","","","","","","","","","","","","","B03","","","1","","2","","","17","","","22","","B03","24.209171","120.703316","3"
"2019","8","16","9","0","臺中市","北屯區","0","2","0","6","1","5","50","14","9","1","4","4","5","7","4","4","5","5","5","2","13","23","2","2","1","1","B03","7","9","1","8","2","1","","23","23","1","4","8","B03","24.168375","120.698188","2"
"2019","8","16","9","0","臺中市","梧棲區","0","3","0","7","1","5","70","14","7","1","4","4","5","7","4","4","1","4","1","1","13","23","2","1","1","1","B03","7","9","1","8","2","8","","23","23","1","19","8","B03","24.248406","120.544641","2"
"2019","8","16","9","5","臺中市","烏日區","0","0","0","8","","","40","","","","","","","","","","","","","","","","","","","","B03","","","1","","2","","","6","","1","22","","B03","24.108831","120.602887","3"
"2019","8","16","9","6","臺中市","豐原區","0","0","0","8","","","40","","","","","","","","","","","","","","","","","","","","B03","","","1","","2","","","12","","1","3","","B03","24.259321","120.742345","3"
"2019","8","16","9","8","臺中市","東區","0","0","0","","","","","","","","","","","","","","","","","","","","","","","","B03","","","1","","2","","","23","","1","21","","B03","24.139631","120.70583","3"
"2019","8","16","9","10","臺中市","神岡區","0","1","0","7","1","5","40","11","9","1","4","4","5","7","4","4","10","5","5","1","18","14","2","9","1","1","C03","7","9","1","10","2","14","","14","14","1","22","8","C03","24.252994","120.675874","2"
"2019","8","16","9","17","臺中市","西屯區","0","1","0","7","1","8","40","3","2","1","4","4","5","7","1","1","5","5","4","2","12","42","2","9","1","1","C03","7","9","1","10","2","12","","42","42","1","22","9","C03","24.179156","120.592752","2"
"2019","8","16","9","21","臺中市","西區","0","0","0","6","","","50","","","","","","","","","","","","","","","","","","","","B03","","","1","","2","","","12","","1","","","B03","24.145992","120.663159","4"
"2019","8","16","9","21","臺中市","沙鹿區","0","0","0","8","","","40","","","","","","","","","","","","","","","","","","","","B12","","","1","","2","","","12","","1","19","","B12","24.238576","120.559929","3"
"2019","8","16","9","28","臺中市","北屯區","0","0","0","8","","","50","","","","","","","","","","","","","","","","","","","","B12","","","1","","2","","","23","","1","5","","B12","24.182982","120.69892","3"
"2019","8","16","9","30","臺中市","西區","0","1","0","7","1","5","50","14","8","1","5","4","5","7","4","4","1","4","4","2","17","6","3","10","1","1","B03","7","6","1","8","2","15","","6","6","1","22","9","B03","24.142332","120.657249","2"
"2019","8","16","9","35","臺中市","東勢區","0","1","0","7","1","5","60","14","8","1","4","4","5","7","4","4","1","4","4","1","17","19","3","10","1","1","B12","7","1","1","8","2","8","","19","19","1","21","8","B12","24.248153","120.830927","2"
"2019","8","16","9","40","臺中市","太平區","0","0","0","8","","","40","","","","","","","","","","","","","","","","","","","","B03","","","1","","2","","","12","","1","21","","B03","24.111413","120.727681","3"
"2019","8","16","9","47","臺中市","南屯區","0","0","0","8","","","50","","","","","","","","","","","","","","","","","","","","B03","","","1","","2","","","10","","1","19","","B03","24.119071","120.632813","3"
"2019","8","16","9","52","臺中市","神岡區","0","2","0","8","1","5","50","4","2","1","5","4","5","7","1","1","10","5","5","2","16","8","2","9","3","4","C03","7","5","1","10","2","12","","8","8","1","22","9","C03","24.248101","120.680216","2"
"2019","8","16","9","53","臺中市","霧峰區","0","1","0","8","1","5","50","14","12","1","5","4","5","7","4","4","9","4","4","1","12","23","2","9","1","1","C03","7","9","1","10","2","14","","23","23","1","22","9","C03","24.061494","120.697772","2"
"2019","8","16","9","55","臺中市","大甲區","0","2","0","8","1","5","50","3","1","1","5","4","5","7","4","4","10","5","5","2","16","6","2","8","1","1","C03","7","5","1","10","2","14","","6","6","1","10","8","C03","24.341783","120.632779","2"
"2019","8","16","9","58","臺中市","太平區","0","0","0","6","","","40","","","","","","","","","","","","","","","","","","","","A12","","","1","","2","","","38","","1","21","","A12","24.156374","120.710661","3"
"2019","8","16","9","58","臺中市","潭子區","0","0","0","8","1","5","40","3","9","1","4","4","5","7","4","4","10","5","5","2","17","43","","","","","","","","7","","9","","","43","43","","","","","24.230439","120.711307","3"
"2019","8","16","9","59","臺中市","大甲區","0","0","0","","","","","","","","","","","","","","","","","","","6","","","","","B03","","","1","","2","","","6","6","1","22","","B03","24.349827","120.625819","3"
"2019","8","16","9","59","臺中市","大雅區","0","1","0","7","1","5","40","4","1","1","5","4","5","7","4","4","10","5","5","2","16","6","3","10","1","1","B03","7","9","1","8","2","2","","6","6","1","22","9","B03","24.20978","120.62639","2"
"2019","8","16","10","10","臺中市","霧峰區","0","0","0","7","1","5","70","14","7","1","5","4","5","7","4","4","1","4","4","1","13","23","3","10","1","1","B02","7","9","1","8","2","1","","23","23","1","5","8","B02","24.053185","120.695821","3"
"2019","8","16","10","16","臺中市","神岡區","0","1","0","8","1","5","50","4","1","1","5","4","5","7","1","1","10","5","5","2","17","42","3","10","3","4","B03","7","4","1","8","2","5","","42","42","1","22","9","B03","24.264029","120.699398","2"
"2019","8","16","10","20","臺中市","北區","0","1","0","6","1","5","50","14","12","1","4","4","5","7","4","4","5","4","4","2","16","19","3","10","1","1","B03","7","1","3","18","2","6","","19","19","1","22","8","B03","24.159185","120.675063","2"
"2019","8","16","10","28","臺中市","東區","0","1","0","8","1","5","50","4","1","1","5","4","5","7","1","1","10","5","5","2","16","6","2","9","1","1","C03","7","6","1","10","2","12","","6","6","1","22","8","C03","24.136335","120.704996","2"
"2019","8","16","10","29","臺中市","大里區","0","0","0","8","","","50","","","","","","","","","","","","","","","","","","","","B12","","","1","","2","","","23","","1","21","","B12","24.095682","120.67975","3"
"2019","8","16","10","35","臺中市","大雅區","0","0","0","6","","","40","","","","","","","","","","","","","","","","","","","","B03","","","1","","2","","","12","","1","21","","B03","24.213185","120.651279","3"
"2019","8","16","10","45","臺中市","西屯區","0","1","0","7","1","5","40","14","9","1","4","4","5","7","4","4","10","4","4","2","17","42","2","9","1","1","C03","7","15","1","10","2","11","","42","42","1","22","8","C03","24.158432","120.650761","2"
"2019","8","16","10","57","臺中市","龍井區","0","3","0","8","1","5","40","14","8","1","5","4","5","7","4","4","10","5","1","2","17","23","2","8","3","4","C03","7","9","1","9","2","11","","23","23","1","22","9","C03","24.183219","120.592259","2"
"2019","8","16","10","58","臺中市","北屯區","0","0","0","6","","","40","","","","","","","","","","","","","","","","","","","","B11","","","1","","2","","","17","","1","5","","B11","24.20133","120.664605","3"
"2019","8","16","10","59","臺中市","大雅區","0","1","0","6","1","5","50","3","1","1","4","4","5","7","3","1","5","5","5","1","17","6","3","10","1","1","B12","7","5","1","8","2","6","","6","6","1","21","8","B12","24.216312","120.64999","2"
"2019","8","16","11","3","臺中市","太平區","0","1","0","7","1","5","50","3","2","1","4","4","5","7","1","1","5","5","5","1","16","25","2","9","1","1","C03","7","6","1","10","2","14","","25","25","1","21","8","C03","24.143776","120.731935","2"
"2019","8","16","11","8","臺中市","大甲區","0","1","0","8","1","5","60","3","1","1","5","4","5","7","1","1","10","5","5","2","16","9","3","10","1","1","B03","7","6","1","8","2","5","","9","9","1","4","8","B03","24.347994","120.617201","2"
"2019","8","16","11","9","臺中市","西屯區","0","0","0","6","","","40","","","","","","","","","","","","","","","","","","","","B12","","","1","","2","","","6","","1","22","","B12","24.20068","120.647631","3"
"2019","8","16","11","9","臺中市","潭子區","0","1","0","6","1","5","40","3","1","1","4","4","5","7","4","4","10","5","5","2","14","12","3","10","1","1","B12","7","2","1","8","2","6","","12","12","1","22","9","B12","24.2305","120.713382","2"
"2019","8","16","11","9","臺中市","大雅區","0","1","0","6","1","5","40","3","1","1","4","4","5","7","4","4","10","5","5","2","16","6","3","10","1","1","B12","7","5","1","8","2","8","","6","6","1","22","9","B12","24.231243","120.672341","2"
"2019","8","16","11","11","臺中市","大雅區","0","0","0","8","","","50","","","","","","","","","","","","","","","","","","","","B03","","","1","","2","","","19","","1","21","","B03","24.234077","120.613961","3"
"2019","8","16","11","12","臺中市","北區","0","0","0","6","1","5","50","14","9","","","","","","","","","3","5","2","12","","","","","","A04","","","1","","2","","","18","","1","5","","A04","24.156512","120.690679","3"
"2019","8","16","11","13","臺中市","后里區","0","0","0","6","","","50","","","","","","","","","","","","","","","","","","","","B03","","","1","","2","","","23","","1","","","B03","24.31145","120.706884","3"
"2019","8","16","11","14","臺中市","北區","0","0","0","6","","","50","","","","","","","","","","","","","","","","","","","","A12","","","1","","2","","","23","","1","","","A12","24.164619","120.682512","3"
"2019","8","16","11","19","臺中市","南屯區","0","0","0","6","","","50","","","","","","","","","","","","","","","","","","","","B03","","","1","","2","","","23","","1","20","","B03","24.157582","120.63419","3"
"2019","8","16","11","20","臺中市","北屯區","0","1","0","6","1","5","50","14","9","1","4","4","5","7","4","4","5","4","5","2","17","19","3","10","1","1","B03","7","1","1","8","2","5","","19","19","1","5","8","B03","24.166794","120.68941","2"
"2019","8","16","11","25","臺中市","南屯區","0","0","0","8","","","50","","","","","","","","","","","","","","","","","","","","B03","","","1","","2","","","23","","1","22","","B03","24.138334","120.640912","3"
"2019","8","16","11","35","臺中市","北屯區","0","1","0","6","1","5","50","14","9","1","4","4","5","7","4","4","5","4","5","2","13","23","3","10","1","1","B03","7","9","1","8","2","1","","23","23","1","4","8","B03","24.169793","120.70144","2"
"2019","8","16","11","35","臺中市","神岡區","0","0","0","8","","","40","","","","","","","","","","","","","","","","","","","","B12","","","1","","2","","","23","","1","22","","B12","24.283843","120.66874","3"
"2019","8","16","11","38","臺中市","東區","0","1","0","6","1","5","40","4","1","1","4","4","5","7","1","1","10","5","5","2","17","23","2","8","1","1","C03","7","9","1","10","2","11","","23","23","1","21","8","C03","24.146197","120.694472","2"
"2019","8","16","11","38","臺中市","西屯區","0","1","0","8","1","5","40","14","9","1","5","4","5","7","4","4","10","5","5","1","17","40","3","10","1","1","B03","7","14","1","8","2","4","","40","40","1","22","8","B03","24.163931","120.650158","2"
"2019","8","16","11","45","臺中市","霧峰區","0","0","0","8","1","5","70","11","7","1","5","4","5","7","4","4","1","4","4","1","17","42","3","10","1","1","A41","7","2","1","1","2","3","","42","42","1","10","8","A41","24.055133","120.696198","3"
"2019","8","16","11","47","臺中市","西屯區","0","0","0","6","1","5","50","","","","","","","","","","","","","","","16","","","","","B03","","","1","","2","1","","16","16","1","22","","B03","24.15713","120.646746","3"
"2019","8","16","11","47","臺中市","太平區","0","0","0","6","","","50","","","","","","","","","","","","","","","","","","","","B03","","","1","","2","","","16","","1","21","","B03","24.149676","120.7145","3"
"2019","8","16","12","10","臺中市","北屯區","0","1","0","6","1","5","50","14","9","1","4","4","5","7","4","4","1","4","5","2","17","19","2","9","1","1","C03","7","1","1","10","2","11","","19","19","1","21","8","C03","24.173976","120.672591","2"
"2019","8","16","12","13","臺中市","東區","0","1","0","8","1","5","50","4","1","1","5","4","5","7","1","1","10","5","5","2","18","23","2","9","1","1","C03","7","9","1","10","2","12","","23","23","1","22","8","C03","24.14066","120.708102","2"
"2019","8","16","12","13","臺中市","大里區","0","0","0","8","","","50","","","","","","","","","","","","","","","","","","","","B11","","","1","","2","","","12","","1","21","","B11","24.102153","120.68215","3"
"2019","8","16","12","15","臺中市","潭子區","0","2","0","7","1","5","50","4","1","1","5","4","5","7","1","1","10","5","5","2","15","25","2","9","1","1","C03","7","9","6","18","2","14","","25","25","1","22","8","C03","24.216655","120.712816","2"
"2019","8","16","12","16","臺中市","龍井區","0","0","0","","","","","","","","","","","","","","","","","","","","","","","","C03","","","1","","2","","","23","","1","22","","C03","24.179597","120.590996","3"
"2019","8","16","12","17","臺中市","霧峰區","0","1","0","8","1","5","40","11","9","1","5","4","5","7","4","4","10","5","5","1","17","35","3","10","1","1","A12","7","9","1","7","2","3","","35","35","1","21","8","A12","24.012956","120.698695","2"
"2019","8","16","12","23","臺中市","西屯區","0","1","0","8","1","5","50","14","9","1","5","4","5","7","4","4","8","3","4","1","13","23","3","10","1","1","B03","7","9","1","8","2","1","","23","23","1","22","8","B03","24.184741","120.625721","2"
"2019","8","16","12","29","臺中市","南區","0","1","0","7","1","5","50","3","1","1","4","4","5","7","1","1","1","2","5","2","13","16","2","9","1","1","C03","7","9","1","10","2","11","","16","16","1","22","8","C03","24.122361","120.679317","2"
"2019","8","16","12","30","臺中市","潭子區","0","0","0","6","","","50","","","","","","","","","","","","","","","","","","","","B12","","","1","","2","","","12","","1","22","","B12","24.194774","120.702412","3"
"2019","8","16","12","38","臺中市","東區","0","1","0","8","1","5","50","4","1","1","5","4","5","7","1","1","10","5","5","2","16","6","3","10","1","1","B03","7","5","1","8","2","5","","6","6","1","22","8","B03","24.142724","120.701187","2"
"2019","8","16","12","43","臺中市","梧棲區","0","1","0","6","1","5","50","3","2","1","4","4","5","7","4","4","1","4","4","2","16","6","3","10","1","1","B03","7","6","1","7","2","2","","6","6","1","2","8","B03","24.229691","120.547965","2"
"2019","8","16","13","0","臺中市","南區","0","0","0","7","1","5","40","14","8","1","5","4","5","7","4","4","9","4","4","2","17","43","","","","","","","21","7","19","11","15","","43","43","1","","","","24.111655","120.652893","3"