"年","月","日","時","分","縣市","區","死","受傷","2-30","天候","光線","道路類別","速限","道路型態","事故位置","路面鋪裝","路面狀態","路面缺陷","障礙物","視距","號誌種類","號誌動作","分向設施","快車道或一般車道間","快慢車道間","路面邊線","事故類型及型態","主要肇因","受傷程度","主要傷處","保護裝備","行動電話","當事者區分(類別)","車輛用途","當事者行動狀態","駕駛資格情形","駕駛執照種類","飲酒情形","車輛撞擊部位最初","車輛撞擊部位其他","肇事因素個別","肇事因素主要","肇事逃逸","職業","旅次目的","車種","GPS座標(緯度)","GPS座標(經度)","事故類別"
"2019","8","16","13","0","臺中市","神岡區","0","1","0","7","1","5","40","3","2","1","4","4","5","7","4","4","10","5","5","1","16","6","3","10","1","1","B12","7","5","1","8","2","4","","6","6","1","22","8","B12","24.24693","120.695097","2"
"2019","8","16","13","12","臺中市","北區","0","1","0","8","1","5","50","4","1","1","5","4","5","7","1","1","10","5","5","2","16","6","3","10","1","1","B03","7","5","1","8","2","2","","6","6","1","21","8","B03","24.163218","120.678326","2"
"2019","8","16","13","13","臺中市","西屯區","0","0","0","8","","","50","","","","","","","","","","","","","","","","","","","","B03","","","1","","2","","","23","","1","22","","B03","24.175691","120.668516","3"
"2019","8","16","13","19","臺中市","后里區","0","2","0","6","1","5","40","14","9","1","4","4","5","7","4","4","10","5","5","2","11","17","2","9","3","4","C03","7","9","1","10","2","11","","17","17","1","21","8","C03","24.31316","120.721871","2"
"2019","8","16","13","23","臺中市","后里區","0","0","0","6","","","50","","","","","","","","","","","","","","","16","","","","","B03","","","1","","2","","","16","16","1","","","B03","24.306177","120.721837","3"
"2019","8","16","13","25","臺中市","太平區","0","1","0","7","1","5","50","4","1","1","5","4","5","7","3","1","10","5","5","2","15","6","2","9","4","5","F02","7","9","8","20","2","16","","6","6","1","4","5","F02","24.147337","120.716233","2"
"2019","8","16","13","30","臺中市","西屯區","0","1","0","8","1","5","50","5","2","1","5","4","5","7","4","4","8","3","5","1","17","10","3","10","1","1","B03","7","11","1","8","2","1","","10","10","1","22","8","B03","24.171155","120.646711","2"
"2019","8","16","13","33","臺中市","西屯區","0","1","0","7","1","5","40","14","7","1","5","4","5","7","4","4","5","4","4","2","12","10","3","10","1","1","B03","7","11","1","8","2","8","","10","10","1","22","9","B03","24.187049","120.609481","2"
"2019","8","16","13","38","臺中市","北屯區","0","1","0","8","1","5","50","5","1","1","5","4","5","7","1","1","10","5","5","2","12","17","3","10","1","1","B03","7","9","1","8","2","2","","17","17","1","4","8","B03","24.18001","120.696471","2"
"2019","8","16","13","46","臺中市","北屯區","0","1","0","8","1","5","50","4","1","1","5","4","5","7","2","1","10","5","5","2","16","6","3","10","1","1","B03","7","6","1","8","2","5","","6","6","1","21","8","B03","24.193163","120.671626","2"
"2019","8","16","13","47","臺中市","大雅區","0","0","0","8","","","60","","","","","","","","","","","","","","","","","","","","B03","","","1","","2","","","23","","1","21","","B03","24.215059","120.649621","3"
"2019","8","16","13","48","臺中市","太平區","0","0","0","8","","","50","","","","","","","","","","","","","","","","","","","","B03","","","1","","2","","","16","","1","21","","B03","24.13489","120.715888","3"
"2019","8","16","13","48","臺中市","梧棲區","0","0","0","8","","","40","","","","","","","","","","","","","","","","","","","","B12","","","1","","2","","","12","","1","2","","B12","24.23182","120.516227","3"
"2019","8","16","13","52","臺中市","龍井區","0","2","0","8","1","5","50","3","1","1","5","4","5","7","4","4","3","4","4","2","16","9","3","10","1","1","B03","7","6","1","8","2","5","","9","9","1","21","8","B03","24.191375","120.54579","2"
"2019","8","16","13","59","臺中市","太平區","0","1","0","7","1","5","50","3","1","1","5","4","5","7","4","4","10","5","5","2","16","6","3","10","1","1","B02","7","11","1","4","2","4","","6","6","1","4","5","B02","24.155024","120.70429","2"
"2019","8","16","14","0","臺中市","大雅區","0","1","0","8","1","5","50","4","1","1","5","4","5","7","1","1","9","4","5","1","17","25","2","7","1","1","C03","7","9","1","10","2","11","","25","25","1","22","9","C03","24.21942","120.6685","2"
"2019","8","16","14","5","臺中市","中區","0","0","0","8","","","50","","","","","","","","","","","","","","","","","","","","A02","","","1","","2","","","7","","1","10","","A02","24.137597","120.684914","3"
"2019","8","16","14","9","臺中市","大里區","0","0","0","7","1","5","50","11","9","1","5","4","5","7","4","4","10","5","5","2","14","12","3","10","1","1","B03","7","2","1","8","2","3","","12","12","1","5","8","B03","24.109891","120.691233","3"
"2019","8","16","14","10","臺中市","中區","0","1","0","8","1","5","50","4","1","1","5","4","5","7","1","1","10","5","5","2","16","6","3","10","1","1","B12","7","5","1","8","2","6","","6","6","1","21","8","B12","24.138668","120.680733","2"
"2019","8","16","14","10","臺中市","南屯區","0","0","0","6","","","40","","","","","","","","","","","","","","","10","","","","","B03","","","1","","2","","","10","10","1","22","","B03","24.14898","120.643649","3"
"2019","8","16","14","10","臺中市","清水區","0","0","0","8","1","5","50","","","","","","","","","","","","","","","23","","","","","B12","","","1","","2","","","23","23","1","22","","B12","24.264847","120.560674","3"
"2019","8","16","14","10","臺中市","大甲區","0","0","0","8","1","2","60","14","1","1","5","4","5","7","4","4","1","3","5","1","15","44","3","10","3","4","B11","7","9","1","8","2","8","1","44","44","1","10","1","B11","24.427042","120.625261","3"
"2019","8","16","14","10","臺中市","大甲區","0","1","0","8","1","5","50","4","2","1","5","4","5","7","1","1","5","5","5","1","24","21","2","1","2","1","C03","7","5","3","18","8","11","","21","21","1","20","9","C03","24.334271","120.597799","2"
"2019","8","16","14","16","臺中市","西屯區","0","0","0","8","1","5","50","","","","","","","","","","","","","","","26","","","","","B03","","","1","","2","5","","26","26","1","22","","B03","24.175723","120.650346","3"
"2019","8","16","14","20","臺中市","潭子區","0","1","0","7","1","5","40","3","1","1","5","4","5","7","4","4","10","5","5","1","10","19","3","10","3","4","A11","7","1","1","1","3","1","","19","19","1","22","9","A11","24.209948","120.681666","2"
"2019","8","16","14","21","臺中市","潭子區","0","0","0","8","","","60","","","","","","","","","","","","","","","","","","","","C03","","","1","","2","","","7","","1","22","","C03","24.21021","120.686803","3"
"2019","8","16","14","22","臺中市","北屯區","0","0","0","8","","","50","","","","","","","","","","","","","","","","","","","","B03","","","1","","2","","","16","","1","22","","B03","24.162979","120.691007","3"
"2019","8","16","14","24","臺中市","西區","0","0","0","8","","","50","","","","","","","","","","","","","","","","","","","","B03","","","1","","2","","","6","","1","21","","B03","24.150821","120.664875","3"
"2019","8","16","14","29","臺中市","中區","0","0","0","8","","","50","","","","","","","","","","","","","","","","","","","","B12","","","1","","2","","","12","","1","5","","B12","24.140736","120.684647","3"
"2019","8","16","14","33","臺中市","大里區","0","0","0","8","","","50","","","","","","","","","","","","","","","","","","","","B03","","","1","","2","","","23","","1","21","","B03","24.104092","120.678956","3"
"2019","8","16","14","38","臺中市","北區","0","0","0","8","","","50","","","","","","","","","","","","","","","12","","","","","B12","","","1","8","2","","","12","12","1","","","B12","24.154343","120.683188","3"
"2019","8","16","14","38","臺中市","太平區","0","0","0","8","","","50","","","","","","","","","","","","","","","","","","","","B03","","","1","","2","","","23","","1","21","","B03","24.133796","120.722464","3"
"2019","8","16","14","44","臺中市","豐原區","0","0","0","8","","","50","","","","","","","","","","","","","","","","","","","","B03","","","1","","2","","","16","","1","4","","B03","24.255555","120.744474","3"
"2019","8","16","14","48","臺中市","大肚區","0","1","0","8","1","5","40","3","1","1","5","4","5","7","4","4","10","5","5","1","13","23","3","10","1","1","C03","7","9","1","10","2","11","","23","23","1","3","1","C03","24.125156","120.567013","2"
"2019","8","16","14","50","臺中市","東區","0","1","0","8","1","5","50","5","1","1","5","4","5","7","1","1","10","5","5","2","16","6","3","10","1","1","B03","7","6","1","8","2","5","","6","6","1","22","8","B03","24.133012","120.69358","2"
"2019","8","16","14","57","臺中市","梧棲區","0","0","0","8","","","40","","","","","","","","","","","","","","","","","","","","B03","","","1","","2","","","23","","1","2","","B03","24.244874","120.549774","3"
"2019","8","16","14","59","臺中市","西區","0","0","0","8","","","50","","","","","","","","","","","","","","","","","","","","B03","","","1","","2","","","6","","1","5","","B03","24.136598","120.657247","3"
"2019","8","16","15","0","臺中市","西區","0","2","0","8","1","5","50","4","1","1","5","4","5","7","2","1","10","5","5","2","16","6","3","10","1","1","B03","7","6","1","8","2","2","","6","6","1","20","8","B03","24.132147","120.666988","2"
"2019","8","16","15","15","臺中市","大里區","0","0","0","8","","","50","","","","","","","","","","","","","","","","","","","","C03","","","1","","2","","","6","","1","12","","C03","24.115002","120.686164","3"
"2019","8","16","15","17","臺中市","北屯區","0","0","0","8","","","50","","","","","","","","","","","","","","","","","","","","B12","","","1","","2","","","16","","1","21","","B12","24.193004","120.671548","3"
"2019","8","16","15","20","臺中市","北區","0","2","0","8","1","5","40","14","8","1","5","4","5","7","4","4","1","2","4","2","13","16","2","9","3","4","C03","7","9","1","10","2","11","","16","16","1","5","8","C03","24.168805","120.672543","2"
"2019","8","16","15","20","臺中市","烏日區","0","1","0","8","1","5","60","14","9","1","5","4","5","7","2","1","9","4","5","2","7","23","3","10","1","1","C03","7","1","1","10","2","11","","23","23","2","22","8","C03","24.107693","120.638134","2"
"2019","8","16","15","20","臺中市","大雅區","0","1","0","8","1","5","50","14","9","1","5","4","5","7","4","4","5","5","5","1","17","4","2","8","1","1","C03","7","9","1","10","2","11","","4","4","1","21","8","C03","24.22707","120.64815","2"
"2019","8","16","15","21","臺中市","南屯區","0","0","0","8","","","50","","","","","","","","","","","","","","","","","","","","B03","","","1","","2","","","23","","1","4","","B03","24.146753","120.650865","3"
"2019","8","16","15","28","臺中市","西區","0","0","0","8","","","50","","","","","","","","","","","","","","","","","","","","A11","","","1","","2","","","23","","1","10","","A11","24.155241","120.661596","4"
"2019","8","16","15","30","臺中市","西區","0","0","0","8","1","5","50","14","9","1","5","4","5","7","4","4","9","5","5","2","17","43","3","10","1","1","B03","7","2","1","8","1","15","","43","43","1","20","8","B03","24.137723","120.675448","3"
"2019","8","16","15","30","臺中市","潭子區","0","0","0","8","","","50","","","","","","","","","","","","","","","","","","","","B03","","","1","","2","","","16","","1","22","","B03","24.2293","120.708374","3"
"2019","8","16","15","30","臺中市","大雅區","0","0","0","8","","","40","","","","","","","","","","","","","","","","","","","","B12","","","1","","2","","","23","","1","","","B12","24.212491","120.671141","3"
"2019","8","16","15","38","臺中市","西屯區","0","0","0","8","","","50","","","","","","","","","","","","","","","","","","","","B12","","","1","","2","","","12","","1","","","B12","24.162186","120.63492","3"
"2019","8","16","15","45","臺中市","西區","0","0","0","8","","","50","","","","","","","","","","","","","","","","","","","","C03","","","1","","2","","","7","","1","21","","C03","24.151134","120.660079","3"
"2019","8","16","15","45","臺中市","南區","0","1","0","8","1","5","50","4","1","1","5","4","5","7","1","1","10","5","5","2","11","6","3","10","1","1","B03","7","5","1","8","2","2","","6","6","1","22","8","B03","24.130424","120.67333","2"
"2019","8","16","15","50","臺中市","大雅區","0","0","0","8","","","50","","","","","","","","","","","","","","","","","","","","B03","","","1","","2","","","23","","1","22","","B03","24.23788","120.63345","3"
"2019","8","16","15","52","臺中市","北屯區","0","0","0","8","","","50","","","","","","","","","","","","","","","","","","","","B11","","","1","","2","","","12","","1","","","B11","24.170947","120.684318","3"
"2019","8","16","16","2","臺中市","南區","0","0","0","8","1","5","40","14","8","1","5","4","5","7","4","4","1","2","4","2","14","","","","","","B12","","","1","","2","","","12","","1","5","","B12","24.13067","120.674093","3"
"2019","8","16","16","12","臺中市","南區","0","1","0","8","1","5","50","14","7","1","5","4","5","7","4","4","1","4","4","2","9","42","3","10","1","1","A04","7","9","1","2","2","15","","42","42","1","10","8","A04","24.119227","120.659767","2"
"2019","8","16","16","12","臺中市","太平區","0","0","0","8","","","40","","","","","","","","","","","","","","","","","","","","C03","","","1","","2","","","6","","1","4","","C03","24.142451","120.71329","3"
"2019","8","16","16","17","臺中市","西屯區","0","0","0","8","","","1","","","","","","","","","","","","","","","","","","","","B03","","","1","","2","","","12","","1","21","","B03","24.169369","120.644828","3"
"2019","8","16","16","21","臺中市","大雅區","0","2","0","8","1","5","50","4","1","1","5","4","5","7","4","4","9","5","5","2","17","6","2","8","1","1","C03","7","5","1","10","2","11","","6","6","1","22","9","C03","24.21436","120.66924","2"
"2019","8","16","16","23","臺中市","南區","0","1","0","8","1","5","50","4","1","1","5","4","5","7","4","4","10","5","5","2","16","6","3","10","1","1","B03","7","11","1","8","2","5","","6","6","1","22","8","B03","24.118713","120.65374","2"
"2019","8","16","16","23","臺中市","北屯區","0","0","0","8","","","50","","","","","","","","","","","","","","","","","","","","B03","","","1","","2","","","23","","1","","","B03","24.169531","120.702766","3"
"2019","8","16","16","24","臺中市","北屯區","0","0","0","8","","","50","","","","","","","","","","","","","","","23","","","","","B03","","","1","","2","","","23","23","1","22","","B03","24.173319","120.683513","3"
"2019","8","16","16","25","臺中市","烏日區","0","0","0","8","","","60","","","","","","","","","","","","","","","","","","","","A11","","","1","","2","","","25","","1","","","A11","24.06398","120.6423","3"
"2019","8","16","16","25","臺中市","大雅區","0","0","0","8","","","50","","","","","","","","","","","","","","","","","","","","B03","","","1","","2","","","23","","1","21","","B03","24.224986","120.653609","3"
"2019","8","16","16","31","臺中市","西屯區","0","0","0","8","","","50","","","","","","","","","","","","","","","23","","","","","C03","","","3","","2","","","23","23","1","4","","C03","24.159058","120.639661","3"
"2019","8","16","16","32","臺中市","南區","0","1","0","8","1","5","50","3","2","1","5","4","5","7","4","4","5","4","5","2","12","7","3","10","1","1","B03","7","8","1","8","2","6","","7","7","1","5","8","B03","24.135025","120.68265","2"
"2019","8","16","16","32","臺中市","龍井區","0","1","0","8","1","5","40","3","1","1","5","4","5","1","4","4","10","5","5","2","16","6","3","10","1","1","B03","7","5","1","8","2","8","","6","6","1","21","8","B03","24.193066","120.570184","2"
"2019","8","16","16","35","臺中市","太平區","0","1","0","8","1","5","50","4","1","1","5","4","5","7","1","1","10","5","5","2","12","16","2","9","1","1","C03","7","9","1","10","2","11","","16","16","1","21","8","C03","24.142757","120.721287","2"
"2019","8","16","16","48","臺中市","潭子區","0","0","0","8","","","50","","","","","","","","","","","","","","","","","","","","B03","","","1","","2","","","2","","1","22","","B03","24.200793","120.703492","3"
"2019","8","16","17","1","臺中市","外埔區","0","0","0","","","","","","","","","","","","","","","","","","","16","","","","","B11","","","1","","2","","","16","16","1","5","","B11","24.33313","120.652022","3"
"2019","8","16","17","3","臺中市","霧峰區","0","0","0","8","","","30","","","","","","","","","","","","","","","","","","","","B03","","","1","","2","","","17","","1","22","","B03","24.065121","120.694906","3"
"2019","8","16","17","5","臺中市","清水區","0","1","0","8","1","5","50","14","7","1","5","4","5","7","4","4","5","5","4","2","12","23","2","9","1","1","C03","7","9","1","10","2","15","","23","23","1","5","1","C03","24.275416","120.57746","2"
"2019","8","16","17","6","臺中市","梧棲區","0","0","0","8","","","60","","","","","","","","","","","","","","","","","","","","B03","","","1","","2","","","12","","","","","B03","24.247239","120.534924","3"
"2019","8","16","17","7","臺中市","北區","0","0","0","8","","","50","","","","","","","","","","","","","","","23","","","","","B03","","","1","8","2","","","23","23","1","","","B03","24.147024","120.689489","3"
"2019","8","16","17","7","臺中市","梧棲區","0","0","0","8","","","50","","","","","","","","","","","","","","","","","","","","B12","","","1","","2","","","12","","","","","B12","24.25756","120.531731","3"
"2019","8","16","17","9","臺中市","豐原區","0","0","0","8","","","40","","","","","","","","","","","","","","","17","","","","","B03","","","1","","2","","","17","17","1","4","","B03","24.264556","120.710319","3"
"2019","8","16","17","13","臺中市","南區","0","2","0","7","1","5","50","14","7","1","5","4","5","7","1","1","9","4","5","2","16","23","2","9","1","1","C03","7","9","1","10","2","11","","23","23","1","5","8","C03","24.12006","120.651008","2"
"2019","8","16","17","13","臺中市","潭子區","0","0","0","8","","","50","","","","","","","","","","","","","","","","","","","","B03","","","1","","2","","","23","","1","21","","B03","24.200949","120.699848","3"
"2019","8","16","17","15","臺中市","西區","0","0","0","8","","","50","","","","","","","","","","","","","","","","","","","","B02","","","1","","2","","","23","","1","5","","B02","24.147534","120.662903","4"
"2019","8","16","17","20","臺中市","西區","0","0","0","8","","","50","","","","","","","","","","","","","","","","","","","","B03","","","1","","2","","","7","","1","21","","B03","24.150853","120.662179","3"
"2019","8","16","17","20","臺中市","大甲區","0","2","0","8","1","8","50","14","9","1","5","4","5","7","4","4","9","4","5","1","16","19","2","8","1","1","C03","7","1","1","10","2","11","","19","19","1","21","8","C03","24.345894","120.622903","2"
"2019","8","16","17","21","臺中市","后里區","0","1","0","8","1","5","40","3","1","1","5","4","5","7","4","4","10","5","5","2","16","6","3","10","3","4","B03","7","5","1","8","2","1","","6","6","1","21","8","B03","24.299351","120.696536","2"
"2019","8","16","17","24","臺中市","東勢區","0","2","0","8","1","5","40","14","9","1","5","4","5","7","4","4","10","5","5","2","11","5","2","9","1","1","C03","7","9","1","10","7","11","","5","5","2","22","8","C03","24.246808","120.836124","2"
"2019","8","16","17","25","臺中市","東區","0","0","0","8","1","5","5","14","8","1","5","4","5","7","4","4","5","4","4","2","17","40","3","10","1","1","B03","7","15","1","8","2","4","","40","40","1","22","8","B03","24.141865","120.701413","3"
"2019","8","16","17","28","臺中市","西屯區","0","1","0","8","3","5","50","14","9","1","5","4","5","7","1","1","10","5","5","2","12","19","3","10","1","1","B03","7","1","1","8","2","8","","19","19","1","21","8","B03","24.179497","120.639868","2"
"2019","8","16","17","30","臺中市","北區","0","2","0","8","1","5","50","14","7","1","5","4","5","7","4","4","5","5","4","2","3","51","2","4","4","5","H01","8","16","8","20","2","16","","51","51","1","5","8","H01","24.168482","120.681431","2"
"2019","8","16","17","33","臺中市","南區","0","1","0","8","1","5","50","3","1","1","5","4","5","7","4","4","1","5","5","2","16","6","3","10","1","1","B03","7","6","4","10","2","2","","6","6","1","22","8","B03","24.126698","120.66978","2"
"2019","8","16","17","34","臺中市","大甲區","0","0","0","","","","","","","","","","","","","","","","","","","17","","","","","B03","","","1","","2","","","17","17","1","22","","B03","24.344841","120.62883","3"
"2019","8","16","17","35","臺中市","北區","0","1","0","8","1","5","50","4","2","1","5","4","5","7","1","1","10","5","5","2","13","26","2","9","3","4","C03","7","9","1","10","3","11","","26","26","1","5","8","C03","24.146273","120.686096","2"
"2019","8","16","17","40","臺中市","霧峰區","0","1","0","8","1","5","50","3","1","1","5","4","5","7","4","4","5","4","4","2","12","6","3","10","1","1","B03","7","6","1","8","2","5","","6","6","1","4","5","B03","24.046753","120.674251","2"
"2019","8","16","17","42","臺中市","烏日區","0","1","0","8","1","5","70","14","12","1","5","4","5","7","4","4","1","4","4","1","17","8","3","10","1","1","B03","7","5","1","8","2","2","","8","8","1","21","8","B03","24.10621","120.61376","2"
"2019","8","16","17","45","臺中市","大雅區","0","0","0","8","","","50","","","","","","","","","","","","","","","","","","","","A12","","","1","","2","","","40","","1","22","","A12","24.21517","120.66815","3"
"2019","8","16","17","51","臺中市","大里區","0","0","0","8","","","40","","","","","","","","","","","","","","","","","","","","B03","","","1","","2","","","7","","1","21","","B03","24.086726","120.708801","3"
"2019","8","16","17","56","臺中市","西區","0","0","0","8","1","5","50","14","7","1","5","4","5","7","3","1","1","2","4","2","13","","","","","","C03","","","1","","2","","","23","","1","22","","C03","24.154527","120.657684","3"
"2019","8","16","17","56","臺中市","南區","0","1","0","8","2","5","40","5","2","1","5","4","5","7","1","1","1","5","4","2","16","25","2","8","1","1","C03","7","5","1","10","2","12","","25","25","1","5","8","C03","24.117338","120.656786","2"
"2019","8","16","17","57","臺中市","潭子區","0","0","0","8","","","60","","","","","","","","","","","","","","","","","","","","B03","","","1","","2","","","23","","1","22","","B03","24.211309","120.703013","3"
"2019","8","16","18","2","臺中市","西區","0","0","0","8","","","50","","","","","","","","","","","","","","","","","","","","B03","","","1","","2","","","23","","1","5","","B03","24.146898","120.656066","4"
"2019","8","16","18","2","臺中市","北屯區","0","1","0","8","1","5","50","14","9","1","5","4","5","7","4","4","5","4","5","2","14","12","3","10","1","1","B03","7","2","1","8","2","6","","12","12","1","21","8","B03","24.171675","120.710093","2"
"2019","8","16","18","4","臺中市","北區","0","0","0","8","","","50","","","","","","","","","","","","","","","","","","","","B03","","","1","","2","","","1","","1","","","B03","24.161565","120.685099","3"
"2019","8","16","18","5","臺中市","大雅區","0","1","0","8","1","5","40","3","1","1","5","4","5","7","3","1","10","4","4","1","13","16","2","8","1","1","C03","7","9","1","10","2","11","","16","16","1","21","8","C03","24.218612","120.66381","2"
"2019","8","16","18","6","臺中市","太平區","0","0","0","8","","","50","","","","","","","","","","","","","","","","","","","","B03","","","1","","2","","","23","","1","","","B03","24.159239","120.709462","3"
"2019","8","16","18","10","臺中市","南區","0","0","0","7","2","5","40","11","6","1","5","4","5","7","4","4","9","5","5","2","13","23","","","","","B03","","5","1","8","2","8","","23","23","1","5","","B03","24.111128","120.646091","3"
"2019","8","16","18","10","臺中市","烏日區","0","3","0","8","2","5","60","4","1","1","5","4","5","7","2","1","10","5","5","2","17","17","2","9","1","1","C03","7","9","1","10","2","14","","17","17","1","21","8","C03","24.106683","120.614325","2"
"2019","8","16","18","12","臺中市","北區","0","0","0","8","","","50","","","","","","","","","","","","","","","23","","","","","B03","","","1","8","2","","","23","23","1","","","B03","24.160702","120.675224","3"
"2019","8","16","18","15","臺中市","西屯區","0","0","0","8","","","50","","","","","","","","","","","","","","","16","","","","","B03","","","1","","2","","","16","16","1","4","","B03","24.182098","120.635505","3"
"2019","8","16","18","16","臺中市","北屯區","0","1","0","8","1","5","50","3","1","1","5","4","5","7","4","4","10","5","5","2","16","16","2","9","1","1","C03","7","9","1","10","2","11","","16","16","1","21","8","C03","24.180909","120.686312","2"
"2019","8","16","18","16","臺中市","清水區","0","1","0","8","2","5","50","3","1","1","5","4","5","7","4","4","10","5","5","2","16","6","3","10","1","1","B12","7","6","1","8","2","5","","6","6","1","21","8","B12","24.268296","120.575083","2"
"2019","8","16","18","20","臺中市","西屯區","0","1","0","8","1","5","50","14","7","1","5","4","5","7","1","1","10","4","4","2","16","7","3","10","3","4","C03","7","7","1","10","9","14","","7","7","2","22","9","C03","24.155994","120.646648","2"
"2019","8","16","18","24","臺中市","大雅區","0","1","0","8","1","5","50","4","1","1","5","4","5","7","1","1","9","4","4","1","17","6","3","10","1","1","B03","7","5","1","8","2","2","","6","6","1","22","9","B03","24.217057","120.63658","2"
"2019","8","16","18","27","臺中市","北屯區","0","1","0","7","3","5","50","14","9","1","4","4","5","7","4","4","1","4","5","2","13","1","3","10","1","1","B03","7","9","1","8","2","5","","1","1","1","22","8","B03","24.177013","120.721161","2"
"2019","8","16","18","38","臺中市","潭子區","0","0","0","8","","","50","","","","","","","","","","","","","","","","","","","","B03","","","1","","2","","","16","","1","21","","B03","24.217826","120.721359","3"
"2019","8","16","18","40","臺中市","東區","0","0","0","8","1","5","50","14","7","1","5","4","5","7","4","4","10","5","5","2","","23","3","10","1","1","B03","7","9","1","8","2","1","","23","23","1","22","8","B03","24.136148","120.707686","3"
"2019","8","16","18","47","臺中市","西區","0","0","0","8","","","50","","","","","","","","","","","","","","","","","","","","B01","","","1","","2","","","43","","1","21","","B01","24.141565","120.660105","3"
"2019","8","16","18","47","臺中市","北區","0","0","0","8","1","5","50","","","","","","","","","","","","","","","","","","","","B03","","","1","","2","","","23","","1","5","","B03","24.165499","120.685005","3"
"2019","8","16","18","48","臺中市","西屯區","0","2","0","7","3","5","40","4","1","1","4","4","5","7","4","4","10","5","5","2","16","14","2","8","1","1","C03","7","9","1","10","2","11","","14","14","1","8","8","C03","24.178942","120.638298","2"
"2019","8","16","18","48","臺中市","梧棲區","0","2","0","8","3","5","50","4","1","1","5","4","5","7","4","4","10","5","5","2","16","16","2","9","3","4","C03","7","9","1","10","2","12","","16","16","1","21","8","C03","24.256358","120.541048","2"
"2019","8","16","18","50","臺中市","南屯區","0","1","0","8","3","5","40","3","1","1","5","4","5","7","4","4","1","4","5","2","16","6","3","10","1","1","B03","7","6","1","8","2","2","","6","6","1","22","9","B03","24.151007","120.634115","2"
"2019","8","16","18","50","臺中市","潭子區","0","1","0","8","3","5","40","3","2","1","5","4","5","7","4","4","5","5","5","1","17","6","2","9","1","1","C03","7","5","1","10","2","12","","6","6","1","22","8","C03","24.214319","120.706801","2"
"2019","8","16","18","53","臺中市","南區","0","1","0","8","3","5","50","4","1","1","5","4","5","7","2","1","10","5","5","2","16","6","3","10","1","1","B03","7","5","1","8","2","2","","6","6","1","22","8","B03","24.114813","120.670769","2"
"2019","8","16","18","58","臺中市","西屯區","0","1","0","8","1","5","50","14","7","1","5","4","5","7","1","1","10","5","5","2","13","23","2","9","1","1","B03","7","9","1","8","2","1","","23","23","1","21","8","B03","24.199556","120.643191","2"
"2019","8","16","19","0","臺中市","豐原區","0","0","0","8","","","50","","","","","","","","","","","","","","","17","","","","","B03","","","1","","2","","","17","17","","12","","B03","24.24918","120.701531","3"
"2019","8","16","19","17","臺中市","西區","0","1","0","8","1","5","50","3","1","1","5","4","5","7","4","4","10","5","5","2","13","23","2","9","1","1","F03","7","9","8","20","2","16","","23","23","1","22","8","F03","24.136831","120.657914","2"
"2019","8","16","19","19","臺中市","豐原區","0","0","0","8","","","50","","","","","","","","","","","","","","","","","","","","C03","","","1","","2","","","42","","1","22","","C03","24.252176","120.724229","3"
"2019","8","16","19","20","臺中市","西屯區","0","1","0","8","3","5","50","4","1","1","5","4","5","7","4","4","8","3","4","1","16","6","3","10","1","1","B03","7","9","1","8","2","4","","6","6","1","4","8","B03","24.16785","120.635566","2"
"2019","8","16","19","22","臺中市","霧峰區","0","0","0","8","","","40","","","","","","","","","","","","","","","","","","","","B12","","","1","","2","","","25","","1","","","B12","24.062053","120.663195","3"
"2019","8","16","19","23","臺中市","東區","0","0","0","8","","","50","","","","","","","","","","","","","","","23","3","","","","A12","","","1","7","2","","","23","23","","21","","A12","24.147278","120.695743","3"
"2019","8","16","19","38","臺中市","東區","0","2","0","7","3","5","40","4","1","1","5","4","5","7","3","1","9","4","5","2","15","6","3","10","1","1","B03","7","9","1","8","2","2","","6","6","1","5","8","B03","24.133998","120.685673","2"
"2019","8","16","19","40","臺中市","北區","0","1","0","8","3","5","50","14","9","1","5","4","5","7","4","4","5","5","5","2","17","4","3","10","1","4","C04","7","9","1","10","2","11","","4","4","1","21","8","C04","24.159756","120.697321","2"
"2019","8","16","19","40","臺中市","南區","0","1","0","8","3","5","50","4","1","1","5","4","5","7","1","1","10","5","5","2","11","19","3","10","1","1","B03","7","1","1","8","2","5","","19","19","1","22","8","B03","24.130445","120.683855","2"
"2019","8","16","19","54","臺中市","大里區","0","3","0","8","3","5","50","14","9","1","5","4","5","7","4","4","5","4","4","2","11","26","2","9","1","1","C03","7","5","3","18","2","11","","26","26","1","20","5","C03","24.09318","120.703155","2"
"2019","8","16","19","54","臺中市","大雅區","0","0","0","8","","","50","","","","","","","","","","","","","","","","","","","","B03","","","1","","2","","","16","","1","","","B03","24.227516","120.630597","3"
"2019","8","16","19","55","臺中市","大里區","0","1","0","8","3","5","50","3","2","1","5","4","5","7","3","1","5","5","5","1","16","10","2","8","1","1","C03","7","11","1","10","2","14","","10","10","1","11","5","C03","24.110745","120.701328","2"
"2019","8","16","20","6","臺中市","西屯區","0","0","0","8","","","40","","","","","","","","","","","","","","","","","","","","B03","","","1","","2","","","12","","1","","","B03","24.171568","120.643741","3"
"2019","8","16","20","15","臺中市","北區","0","2","0","8","3","5","50","3","2","1","5","4","5","7","4","4","5","4","4","2","17","40","3","10","3","1","B03","7","15","1","8","2","4","","40","40","1","21","8","B03","24.159185","120.679216","2"