"年","月","日","時","分","縣市","區","死","受傷","2-30","天候","光線","道路類別","速限","道路型態","事故位置","路面鋪裝","路面狀態","路面缺陷","障礙物","視距","號誌種類","號誌動作","分向設施","快車道或一般車道間","快慢車道間","路面邊線","事故類型及型態","主要肇因","受傷程度","主要傷處","保護裝備","行動電話","當事者區分(類別)","車輛用途","當事者行動狀態","駕駛資格情形","駕駛執照種類","飲酒情形","車輛撞擊部位最初","車輛撞擊部位其他","肇事因素個別","肇事因素主要","肇事逃逸","職業","旅次目的","車種","GPS座標(緯度)","GPS座標(經度)","事故類別"
"2019","8","16","20","18","臺中市","西屯區","0","1","0","8","1","5","50","14","9","1","5","4","5","7","4","4","8","3","4","1","16","23","3","10","1","1","B03","7","11","1","8","2","6","","44","23","1","4","8","B03","24.203351","120.64453","2"
"2019","8","16","20","21","臺中市","梧棲區","0","1","0","8","3","5","50","4","1","1","5","4","5","7","1","1","10","5","5","1","16","6","3","10","3","4","B03","7","5","1","8","2","8","","6","6","1","21","8","B03","24.243911","120.537287","2"
"2019","8","16","20","32","臺中市","神岡區","0","0","0","8","","","50","","","","","","","","","","","","","","","","","","","","B03","","","1","","2","","","6","","1","22","","B03","24.236104","120.695651","3"
"2019","8","16","20","43","臺中市","北區","0","0","0","8","3","5","40","","","","","","","","","","","","","","","","","","","","B03","","","1","","2","","","23","","1","5","","B03","24.167049","120.682483","3"
"2019","8","16","20","50","臺中市","后里區","0","1","0","8","3","5","50","4","1","1","5","4","5","7","4","4","9","4","4","1","3","51","2","9","4","5","H01","8","18","8","20","10","16","","51","51","1","22","8","H01","24.307243","120.722069","2"
"2019","8","16","21","2","臺中市","大甲區","0","0","0","8","","","70","","","","","","","","","","","","","","","","","","","","B03","","","1","","2","","","23","","1","","","B03","24.388399","120.651114","3"
"2019","8","16","21","10","臺中市","南屯區","0","3","0","8","3","5","50","14","7","1","5","4","5","7","4","4","9","5","4","2","12","23","2","9","1","1","C03","7","9","1","10","2","12","","23","23","1","22","9","C03","24.143823","120.637355","2"
"2019","8","16","21","33","臺中市","東勢區","0","0","0","8","","","40","","","","","","","","","","","","","","","","","","","","B03","","","1","","2","","","23","","1","9","","B03","24.256446","120.826848","3"
"2019","8","16","21","36","臺中市","北區","0","0","0","8","","","50","","","","","","","","","","","","","","","","","","","","B03","","","1","","2","","","23","","1","5","","B03","24.149582","120.675329","3"
"2019","8","16","21","53","臺中市","西區","0","1","0","7","3","5","40","3","1","1","5","4","5","7","4","4","1","4","5","2","12","7","2","9","1","1","C03","7","7","1","10","2","14","","7","7","1","21","8","C03","24.137307","120.657068","2"
"2019","8","16","22","19","臺中市","西區","0","1","0","6","3","5","50","4","2","1","4","4","5","7","1","1","4","4","5","2","16","19","3","10","1","1","B03","7","1","1","8","2","8","","19","19","1","21","8","B03","24.150881","120.664259","2"
"2019","8","16","22","21","臺中市","北區","0","0","0","6","","","50","","","","","","","","","","","","","","","","","","","","B03","","","1","","2","","","23","","1","21","","B03","24.160324","120.686081","3"
"2019","8","16","22","26","臺中市","大里區","0","0","0","6","","","50","","","","","","","","","","","","","","","","","","","","C03","","","3","","2","","","23","","1","22","","C03","24.095192","120.707275","3"
"2019","8","16","22","36","臺中市","北區","0","2","0","6","3","5","50","5","1","1","4","4","5","7","2","1","10","5","5","2","16","6","3","10","1","1","B03","7","5","1","8","2","2","","6","6","1","22","8","B03","24.146121","120.682534","2"
"2019","8","16","23","15","臺中市","西屯區","0","0","0","6","","","80","","","","","","","","","","","","","","","","","","","","B03","","","1","","2","","","42","","1","","","B03","24.201003","120.66182","3"
"2019","8","16","23","21","臺中市","北區","0","1","0","6","3","5","50","4","1","1","4","4","5","7","2","1","10","5","5","2","17","26","3","10","1","1","C03","7","5","1","9","2","13","","26","26","1","22","8","C03","24.166971","120.684967","2"
"2019","8","16","23","22","臺中市","后里區","0","0","0","6","","","50","","","","","","","","","","","","","","","","","","","","B03","","","1","","2","","","23","","1","22","","B03","24.304485","120.717603","3"
"2019","8","16","23","22","臺中市","潭子區","0","0","0","6","","","60","","","","","","","","","","","","","","","","","","","","B03","","","1","","2","","","23","","1","","","B03","24.220346","120.706336","3"
"2019","8","16","23","23","臺中市","潭子區","0","0","0","6","","","50","","","","","","","","","","","","","","","","","","","","B03","","","1","","2","","","9","","1","21","","B03","24.200224","120.700943","3"
"2019","8","16","23","49","臺中市","大里區","0","1","0","6","3","5","50","4","1","1","4","4","5","7","1","1","10","5","5","2","16","10","3","10","1","1","B03","7","11","1","8","2","5","","10","10","1","12","8","B03","24.101806","120.688301","2"
"2019","8","16","23","55","臺中市","西屯區","0","1","0","6","3","5","40","4","1","1","4","4","5","7","1","1","10","5","5","2","17","44","2","9","1","1","C03","7","9","1","10","2","12","","44","44","1","22","8","C03","24.184761","120.611313","2"
"2019","8","17","0","8","臺中市","太平區","0","1","0","6","3","5","50","14","9","1","4","4","5","7","4","4","5","5","5","2","17","43","2","9","1","1","C03","7","9","1","10","11","11","","43","43","1","20","9","C03","24.151599","120.711415","2"
"2019","8","17","0","20","臺中市","大里區","0","1","0","6","4","5","40","4","1","1","4","4","5","7","1","1","10","5","5","2","18","67","","","","","","","","","","","","","67","67","1","","","","24.09669","120.666551","2"
"2019","8","17","0","39","臺中市","龍井區","0","1","0","6","3","5","50","3","1","1","4","4","5","7","4","4","10","5","5","1","11","14","2","9","1","4","C03","7","9","1","10","2","11","14","14","14","1","22","8","C03","24.191898","120.587589","2"
"2019","8","17","0","54","臺中市","太平區","0","0","0","6","","","50","","","","","","","","","","","","","","","","","","","","B03","","","1","","2","","","43","","1","5","","B03","24.107791","120.726301","3"
"2019","8","17","1","8","臺中市","西屯區","0","0","0","6","","","80","","","","","","","","","","","","","","","23","","","","","A12","","","1","","2","","","23","23","1","","","A12","24.18541","120.63704","3"
"2019","8","17","2","49","臺中市","豐原區","0","3","1","6","3","5","50","4","1","1","4","4","5","7","3","1","10","5","5","2","15","6","5","9","3","4","B12","7","9","1","6","2","7","","6","6","1","21","8","B12","24.255448","120.733455","2"
"2019","8","17","3","15","臺中市","西區","0","0","0","6","","","50","","","","","","","","","","","","","","","","","","","","B03","","","1","","2","","","6","","1","21","","B03","24.146726","120.660186","3"
"2019","8","17","3","16","臺中市","西區","0","1","0","6","3","5","50","4","1","1","4","4","5","7","1","1","10","5","5","2","17","26","3","10","1","1","B03","7","9","6","18","8","1","","26","26","1","21","8","B03","24.137952","120.679894","2"
"2019","8","17","5","20","臺中市","豐原區","0","0","0","","","","","","","","","","","","","","","","","","","","","","","","A12","","","1","","9","","","12","","2","12","","A12","24.25331","120.72218","3"
"2019","8","17","6","20","臺中市","清水區","0","1","0","8","2","5","70","4","1","1","5","4","5","7","1","1","10","5","5","2","23","23","2","9","1","1","B03","7","9","1","8","2","1","8","23","23","1","19","5","B03","24.275714","120.559283","2"
"2019","8","17","6","37","臺中市","北區","0","1","0","6","1","5","30","4","2","1","4","4","5","7","1","1","1","2","5","1","18","23","2","9","1","1","C03","7","9","1","10","2","14","","23","23","1","21","8","C03","24.159154","120.66639","2"
"2019","8","17","6","54","臺中市","中區","0","1","0","6","1","5","50","4","1","1","4","4","5","7","4","4","10","5","5","2","15","6","3","10","1","1","C03","7","9","1","10","2","11","","6","6","1","21","8","C03","24.140067","120.683749","2"
"2019","8","17","7","5","臺中市","北屯區","0","2","0","8","1","5","50","3","1","1","5","4","5","7","1","1","10","5","5","2","16","8","2","9","3","4","C03","7","5","1","10","2","14","","8","8","1","22","8","C03","24.169116","120.696841","2"
"2019","8","17","7","10","臺中市","東區","0","2","0","7","1","5","40","4","1","1","5","4","5","7","4","4","9","5","5","2","17","6","2","9","1","1","C03","7","9","1","10","2","12","","6","6","1","5","8","C03","24.151366","120.697294","2"
"2019","8","17","7","30","臺中市","太平區","0","0","0","8","","","40","","","","","","","","","","","","","","","","","","","","B03","","","1","","2","","","10","","1","","","B03","24.111111","120.7175","3"
"2019","8","17","7","32","臺中市","大里區","0","1","0","7","1","5","40","4","1","1","5","4","5","7","4","4","10","5","5","2","15","6","3","10","1","1","B03","7","9","1","8","2","8","","14","6","1","21","8","B03","24.103865","120.680685","2"
"2019","8","17","7","39","臺中市","北屯區","0","1","0","8","1","5","40","4","1","1","5","4","5","7","1","1","10","5","5","2","16","25","2","7","1","1","C03","7","9","1","10","2","14","","25","25","1","5","8","C03","24.177193","120.690736","2"
"2019","8","17","7","50","臺中市","北屯區","0","1","0","7","1","5","50","4","1","1","5","4","5","7","2","1","10","5","5","2","16","6","3","10","1","1","B03","7","6","1","8","2","6","","6","6","1","21","8","B03","24.167","120.727111","2"
"2019","8","17","7","52","臺中市","西屯區","0","1","0","8","1","5","50","14","9","1","5","4","5","7","4","4","8","3","5","1","17","10","3","10","1","1","B03","7","11","1","15","2","4","","10","10","1","22","8","B03","24.178668","120.592403","2"
"2019","8","17","8","8","臺中市","南屯區","0","0","0","8","","","40","","","","","","","","","","","","","","","","","","","","B03","","","1","","2","","","12","","1","","","B03","24.15368","120.6447","3"
"2019","8","17","8","30","臺中市","霧峰區","0","0","0","7","1","5","40","14","9","1","4","4","5","7","4","4","10","5","5","2","17","67","","","","","","","","7","","11","","","67","67","1","","","","24.078601","120.715101","3"
"2019","8","17","8","31","臺中市","東區","0","1","0","8","1","5","50","4","1","1","5","4","5","7","4","4","10","5","5","2","15","6","2","1","1","1","B03","7","9","1","7","2","2","","6","6","1","5","8","B03","24.143299","120.708854","2"
"2019","8","17","8","49","臺中市","西屯區","0","1","0","8","1","5","40","4","1","1","5","4","5","7","4","4","10","5","5","2","16","6","2","9","1","1","C03","7","9","1","10","2","12","","6","6","1","22","9","C03","24.160024","120.639333","2"
"2019","8","17","9","2","臺中市","潭子區","0","1","0","8","1","5","50","4","1","1","5","4","5","7","1","1","1","2","4","1","16","7","2","9","1","1","C03","7","7","3","18","2","13","","7","7","1","22","9","C03","24.225112","120.690066","2"
"2019","8","17","9","9","臺中市","大雅區","0","0","0","8","","","50","","","","","","","","","","","","","","","","","","","","B03","","","1","","2","","","12","","1","22","","B03","24.22598","120.65662","3"
"2019","8","17","9","32","臺中市","大雅區","0","0","0","8","","","50","","","","","","","","","","","","","","","23","","","","","C03","","","1","","2","","","23","23","1","21","","C03","24.217137","120.665916","3"
"2019","8","17","9","35","臺中市","外埔區","0","0","0","8","1","5","40","14","9","1","5","4","5","7","4","4","10","5","5","1","11","","","","","","B03","","","1","","2","","","17","","1","","","B03","24.349559","120.690279","3"
"2019","8","17","9","36","臺中市","北區","0","1","0","8","1","5","50","4","1","1","5","4","5","7","4","4","10","5","5","2","15","6","2","9","1","1","C03","7","9","1","10","2","11","","6","6","1","22","8","C03","24.152199","120.673266","2"
"2019","8","17","9","37","臺中市","南屯區","0","0","0","8","","","50","","","","","","","","","","","","","","","","","","","","C03","","","1","","2","","","19","","1","","","C03","24.142573","120.64686","3"
"2019","8","17","9","40","臺中市","大里區","0","2","0","8","1","5","50","4","1","1","5","4","5","7","1","1","10","5","5","2","15","25","2","8","1","1","C03","7","9","1","10","2","11","","25","25","1","22","5","C03","24.104153","120.688685","2"
"2019","8","17","9","44","臺中市","西屯區","0","0","0","8","","","50","","","","","","","","","","","","","","","","","","","","C03","","","1","","2","","","23","","1","22","","C03","24.173953","120.64919","3"
"2019","8","17","9","50","臺中市","神岡區","0","0","0","8","","","50","","","","","","","","","","","","","","","","","","","","B12","","","1","","2","","","6","","1","","","B12","24.273264","120.658078","3"
"2019","8","17","10","0","臺中市","西屯區","0","1","0","8","1","5","50","11","9","1","5","4","5","7","4","4","10","5","5","2","18","43","2","9","1","1","C03","7","9","1","10","2","11","","43","43","1","22","8","C03","24.176263","120.628451","2"
"2019","8","17","10","0","臺中市","大里區","0","1","0","8","1","5","50","14","9","1","5","4","5","7","4","4","5","4","5","1","16","6","2","9","1","1","C03","7","11","1","10","2","11","","6","6","1","5","8","C03","24.113548","120.686142","2"
"2019","8","17","10","12","臺中市","大里區","0","2","0","8","1","5","40","4","2","1","5","4","5","7","4","4","10","5","5","2","16","23","2","7","1","1","C03","7","5","4","8","2","11","","23","23","1","5","8","C03","24.087843","120.698911","2"
"2019","8","17","10","13","臺中市","烏日區","0","0","0","8","","","30","","","","","","","","","","","","","","","23","","","","","C03","","","1","","2","","","23","23","1","","","C03","24.13707","120.5883","4"
"2019","8","17","10","22","臺中市","西屯區","0","0","0","6","","","50","","","","","","","","","","","","","","","","","","","","C03","","","1","","2","","","16","","1","22","","C03","24.199035","120.65101","3"
"2019","8","17","10","25","臺中市","龍井區","0","0","0","6","","","50","","","","","","","","","","","","","","","","","","","","B03","","","1","","2","","","8","","1","4","","B03","24.187655","120.548211","3"
"2019","8","17","10","28","臺中市","東區","0","1","0","8","1","5","50","14","7","1","5","4","4","7","4","4","5","4","4","2","17","23","2","9","4","5","F03","7","9","8","20","2","16","","23","23","1","22","8","F03","24.132132","120.700777","2"
"2019","8","17","10","29","臺中市","南屯區","0","0","0","8","","","40","","","","","","","","","","","","","","","","","","","","B03","","","1","","2","","","23","","1","","","B03","24.14553","120.622932","3"
"2019","8","17","10","31","臺中市","烏日區","0","0","0","8","","","30","","","","","","","","","","","","","","","","","","","","B03","","","1","","2","","","19","","1","","","B03","24.13705","120.588368","3"
"2019","8","17","10","38","臺中市","神岡區","0","0","0","8","","","40","","","","","","","","","","","","","","","12","","","","","B03","","","1","","2","","","12","12","1","","","B03","24.235848","120.67588","3"
"2019","8","17","10","40","臺中市","龍井區","0","1","0","6","1","5","50","11","9","1","4","4","5","7","4","4","5","5","5","1","10","26","3","10","3","4","B12","7","9","1","8","2","8","","26","26","1","10","4","B12","24.193656","120.558581","2"
"2019","8","17","10","51","臺中市","東區","0","1","0","8","1","5","40","3","1","1","5","4","5","7","4","4","10","5","5","2","16","6","3","10","1","1","B03","7","5","1","8","2","8","","6","6","1","5","8","B03","24.14224","120.700116","2"
"2019","8","17","10","52","臺中市","西區","0","0","0","8","","","50","","","","","","","","","","","","","","","","","","","","B03","","","1","","2","","","23","","1","21","","B03","24.159175","120.660951","4"
"2019","8","17","10","54","臺中市","南區","0","0","0","7","1","5","40","13","9","1","5","4","5","7","4","4","10","5","5","2","17","","","","","","","","","7","","11","","","43","","1","","","","24.121296","120.656619","3"
"2019","8","17","11","0","臺中市","大里區","0","0","0","8","","","40","","","","","","","","","","","","","","","","","","","","B03","","","1","","2","","","12","","1","22","","B03","24.08896","120.730411","3"
"2019","8","17","11","5","臺中市","北屯區","0","1","0","8","1","5","50","14","9","1","5","4","5","7","4","4","1","4","5","2","17","19","2","9","1","1","C03","7","1","4","8","2","13","14","19","19","1","5","8","C03","24.174606","120.67129","2"
"2019","8","17","11","9","臺中市","北屯區","0","0","0","6","","","50","","","","","","","","","","","","","","","","","","","","B03","","","1","","2","","","16","","1","21","","B03","24.181921","120.722598","3"
"2019","8","17","11","10","臺中市","南屯區","0","0","0","8","","","40","","","","","","","","","","","","","","","","","","","","B03","","","1","","2","","","23","","1","","","B03","24.149217","120.623601","3"
"2019","8","17","11","16","臺中市","太平區","0","0","0","8","","","50","","","","","","","","","","","","","","","","","","","","C03","","","1","","2","","","23","","1","21","","C03","24.148175","120.703229","3"
"2019","8","17","11","21","臺中市","北區","0","2","0","7","1","5","50","4","1","1","5","4","5","7","1","1","10","5","5","2","16","25","2","9","1","1","C03","7","9","5","18","2","11","","25","25","1","9","8","C03","24.150935","120.678486","2"
"2019","8","17","11","23","臺中市","潭子區","0","2","0","7","1","5","50","3","2","1","4","4","5","7","3","1","5","4","4","2","16","6","2","8","1","1","C03","7","5","1","10","2","14","","6","6","1","22","8","C03","24.203601","120.678453","2"
"2019","8","17","11","38","臺中市","太平區","0","0","0","6","","","50","","","","","","","","","","","","","","","","","","","","B12","","","1","","2","","","18","","1","10","","B12","24.126406","120.714396","3"
"2019","8","17","11","39","臺中市","北屯區","0","0","0","6","","","40","","","","","","","","","","","","","","","17","","","","","B03","","","1","","2","","","17","17","1","21","","B03","24.170747","120.699608","3"
"2019","8","17","11","45","臺中市","大里區","0","1","0","7","1","5","50","4","1","1","4","4","5","7","4","4","10","5","5","2","16","6","3","10","1","1","C03","7","6","1","10","2","11","","6","6","1","5","8","C03","24.103878","120.680592","2"
"2019","8","17","11","46","臺中市","大里區","0","0","0","8","","","50","","","","","","","","","","","","","","","","","","","","C04","","","1","","11","","","23","","1","21","","C04","24.115665","120.692172","3"
"2019","8","17","12","3","臺中市","大里區","0","2","0","6","1","5","40","13","9","1","4","4","5","7","4","4","10","5","5","2","10","23","2","9","1","1","C03","7","9","1","10","2","11","","23","23","1","21","8","C03","24.081341","120.692106","2"
"2019","8","17","12","5","臺中市","豐原區","0","0","0","6","","","50","","","","","","","","","","","","","","","","","","","","B03","","","1","","2","","","17","","1","4","","B03","24.260556","120.724262","3"
"2019","8","17","12","20","臺中市","西區","0","0","0","6","","","50","","","","","","","","","","","","","","","","","","","","C03","","","1","","2","","","16","","1","21","","C03","24.157571","120.663844","3"
"2019","8","17","12","20","臺中市","北區","0","1","0","6","1","5","50","4","1","1","4","4","5","7","1","1","10","5","5","2","16","8","3","10","1","1","B03","7","5","1","8","2","7","","8","8","1","22","8","B03","24.166973","120.675274","2"
"2019","8","17","12","23","臺中市","清水區","0","1","0","7","1","5","50","11","9","1","5","4","5","7","4","4","5","5","5","1","17","11","2","9","1","5","F01","7","11","8","20","2","16","","11","11","1","15","8","F01","24.268165","120.56731","2"
"2019","8","17","12","30","臺中市","北屯區","0","0","0","6","","","50","","","","","","","","","","","","","","","","","","","","A12","","","1","","2","","","17","","1","4","","A12","24.172466","120.681788","3"
"2019","8","17","12","31","臺中市","北區","0","1","0","6","1","5","50","3","1","1","4","4","5","7","4","4","10","5","5","2","17","6","3","10","1","1","C03","7","6","1","10","2","15","","6","6","1","21","8","C03","24.155877","120.690089","2"
"2019","8","17","12","31","臺中市","大里區","0","1","0","7","1","5","80","10","7","1","5","4","5","7","4","4","1","4","5","1","13","23","3","10","1","1","B12","7","9","1","8","2","1","","23","23","1","5","8","B12","24.095205","120.688858","2"
"2019","8","17","12","33","臺中市","西屯區","0","0","0","6","","","50","","","","","","","","","","","","","","","","","","","","B03","","","1","","2","","","23","","1","22","","B03","24.163051","120.647386","3"
"2019","8","17","12","40","臺中市","大里區","0","0","0","6","","","50","","","","","","","","","","","","","","","","","","","","B03","","","1","","2","","","23","","1","22","","B03","24.112263","120.682411","3"
"2019","8","17","12","41","臺中市","中區","0","0","0","6","","","50","","","","","","","","","","","","","","","","","","","","B02","","","1","","2","","","25","","1","","","B02","24.140137","120.685801","3"
"2019","8","17","12","46","臺中市","南區","0","2","0","6","1","5","40","4","1","1","4","4","5","7","4","4","10","5","5","2","15","6","2","9","1","1","C03","7","9","1","10","2","12","","6","6","1","5","8","C03","24.125585","120.676238","2"
"2019","8","17","12","59","臺中市","太平區","0","1","0","6","1","5","50","4","2","1","4","4","5","7","1","1","5","5","4","1","13","23","3","10","1","1","B03","7","9","1","8","2","1","","23","23","1","20","5","B03","24.148661","120.70645","2"
"2019","8","17","13","0","臺中市","太平區","0","0","0","8","","","40","","","","","","","","","","","","","","","","","","","","B03","","","1","","2","","","12","","1","","","B03","24.148055","120.7025","3"
"2019","8","17","13","19","臺中市","西屯區","0","1","0","6","1","5","50","14","7","1","4","4","5","7","4","4","9","5","4","2","12","19","2","9","1","1","C03","7","1","1","10","2","14","","19","19","1","22","9","C03","24.170456","120.636381","2"
"2019","8","17","13","29","臺中市","西屯區","0","0","0","6","","","60","","","","","","","","","","","","","","","","","","","","B03","","","1","","2","","","23","","","22","","B03","24.160418","120.635773","3"
"2019","8","17","13","30","臺中市","西區","0","0","0","6","","","50","","","","","","","","","","","","","","","","","","","","B03","","","1","","2","","","23","","1","21","","B03","24.154201","120.657737","4"
"2019","8","17","13","30","臺中市","大雅區","0","0","0","8","","","50","","","","","","","","","","","","","","","","","","","","B03","","","1","","2","","","1","","1","22","","B03","24.22835","120.64751","3"
"2019","8","17","13","38","臺中市","梧棲區","0","1","0","8","1","5","40","4","1","1","5","4","5","7","4","4","10","5","5","2","15","6","3","10","1","1","B12","7","9","1","8","2","1","","6","6","1","10","3","B12","24.225791","120.539528","2"
"2019","8","17","13","41","臺中市","北區","0","1","0","6","1","5","50","4","1","1","4","4","5","7","1","1","10","5","5","2","16","6","3","10","1","1","C03","7","5","1","10","2","12","","6","6","1","22","8","C03","24.147949","120.684423","2"
"2019","8","17","13","42","臺中市","中區","0","1","0","6","1","5","50","4","1","1","4","4","5","7","2","1","10","5","5","2","12","42","2","9","1","1","C03","7","9","1","10","2","14","","42","42","1","5","1","C03","24.139273","120.684343","2"
"2019","8","17","13","49","臺中市","北屯區","0","0","0","6","","","50","","","","","","","","","","","","","","","","","","","","B03","","","1","","2","","","1","","1","21","","B03","24.176108","120.721574","3"
"2019","8","17","13","49","臺中市","梧棲區","0","0","0","8","","","40","","","","","","","","","","","","","","","","","","","","B03","","","1","","2","","","6","","1","3","","B03","24.246333","120.546636","3"
"2019","8","17","13","53","臺中市","西屯區","0","1","0","7","1","5","50","4","2","1","4","4","5","7","4","4","8","3","4","1","17","10","2","8","1","1","C03","7","11","1","10","2","12","","10","10","1","22","8","C03","24.178646","120.644246","2"
"2019","8","17","13","58","臺中市","北區","0","0","0","6","","","50","","","","","","","","","","","","","","","","","","","","B03","","","1","","2","","","9","","1","","","B03","24.157086","120.689057","3"
"2019","8","17","13","59","臺中市","南屯區","0","0","0","6","","","50","","","","","","","","","","","","","","","","","","","","B02","","","1","","2","","","6","","1","","","B02","24.152927","120.648695","3"
"2019","8","17","14","3","臺中市","大雅區","0","1","0","6","1","5","50","3","1","1","4","4","5","7","3","1","5","5","5","1","14","12","3","10","1","1","B03","7","2","1","8","2","3","","12","12","1","21","8","B03","24.231249","120.673084","2"
"2019","8","17","14","7","臺中市","東區","0","2","0","6","1","5","50","14","8","1","4","4","5","7","4","4","5","5","4","2","16","26","2","8","1","1","C03","7","11","1","10","2","12","","26","26","1","5","8","C03","24.149348","120.709435","2"
"2019","8","17","14","10","臺中市","清水區","0","1","0","8","1","5","50","4","2","1","5","4","5","7","3","1","1","4","5","1","16","6","2","9","1","1","C03","7","6","1","10","2","14","","6","6","1","22","8","C03","24.274266","120.558529","2"
"2019","8","17","14","15","臺中市","西屯區","0","0","0","8","","","50","","","","","","","","","","","","","","","","","","","","B03","","","1","","2","","","12","","1","","","B03","24.17171","120.648731","4"
"2019","8","17","14","18","臺中市","西屯區","0","0","0","6","","","40","","","","","","","","","","","","","","","","","","","","B03","","","1","","2","","","23","","1","22","","B03","24.160782","120.626381","3"
"2019","8","17","14","25","臺中市","大雅區","0","1","0","8","1","5","50","4","2","1","5","4","5","7","1","1","5","5","5","1","13","23","3","10","1","1","C03","7","9","1","10","2","11","","23","23","1","21","8","C03","24.213036","120.647301","2"
"2019","8","17","14","30","臺中市","豐原區","0","0","0","6","","","50","","","","","","","","","","","","","","","","","","","","B03","","","1","","2","","","6","","1","21","","B03","24.251496","120.709265","3"
"2019","8","17","14","36","臺中市","西區","0","0","0","8","","","50","","","","","","","","","","","","","","","","","","","","B12","","","1","","2","","","42","","1","","","B12","24.133929","120.657254","3"
"2019","8","17","14","36","臺中市","北區","0","0","0","8","","","50","","","","","","","","","","","","","","","","","","","","B03","","","1","","1","","","23","","1","5","","B03","24.155752","120.681445","3"
"2019","8","17","14","45","臺中市","西屯區","0","0","0","8","1","5","80","14","7","1","5","4","5","7","4","4","1","3","5","1","13","","","","","","B03","","","1","","2","","","23","","1","22","","B03","24.178765","120.644645","3"
"2019","8","17","14","48","臺中市","中區","0","1","0","6","1","5","50","14","8","1","4","4","5","7","4","4","5","5","4","2","18","42","2","9","1","1","C03","7","9","1","10","2","12","","42","42","1","5","5","C03","24.14801","120.679646","2"
"2019","8","17","14","52","臺中市","北區","0","0","0","8","","","50","","","","","","","","","","","","","","","","","","","","B02","","","1","","2","","","6","","1","22","","B02","24.153898","120.679051","3"
"2019","8","17","14","55","臺中市","南屯區","0","0","0","6","","","50","","","","","","","","4","","","","","","","19","3","","","","B03","","","1","","2","","","19","19","1","21","","B03","24.150955","120.64743","3"
"2019","8","17","15","0","臺中市","西區","0","1","0","7","1","5","50","4","1","1","4","4","5","6","4","4","10","5","5","2","15","6","3","10","1","1","B03","7","9","1","8","2","2","","6","6","1","22","9","B03","24.14047","120.669103","2"
"2019","8","17","15","15","臺中市","大雅區","0","0","0","8","","","40","","","","","","","","","","","","","","","6","","","","","B03","","","1","","2","","","6","6","1","","","B03","24.231247","120.673118","3"
"2019","8","17","15","20","臺中市","大里區","0","0","0","8","","","50","","","","","","","","","","","","","","","","","","","","B12","","","1","","2","","","42","","1","4","","B12","24.099284","120.67762","3"
"2019","8","17","15","20","臺中市","清水區","0","2","0","8","1","5","50","14","9","1","5","4","5","7","4","4","5","5","5","2","12","23","2","9","1","1","C03","7","9","1","10","2","12","","23","23","1","5","7","C03","24.275416","120.57746","2"
"2019","8","17","15","24","臺中市","大雅區","0","1","0","6","1","5","50","14","9","1","4","4","5","7","4","4","1","5","5","1","18","23","2","8","1","1","C03","7","9","1","10","2","15","","23","23","1","21","8","C03","24.231148","120.658636","2"
"2019","8","17","15","25","臺中市","北區","0","3","0","7","1","5","50","4","1","1","5","4","5","7","1","1","1","4","5","2","16","26","2","8","1","1","C03","7","5","1","10","2","12","","26","26","1","5","8","C03","24.16312","120.68492","2"
"2019","8","17","15","29","臺中市","西屯區","","","","8","","","40","","","","","","","","","","","","","","","","","","","","B03","","","1","","2","","","19","","1","22","","B03","24.1666438","120.634457","3"
"2019","8","17","15","30","臺中市","大甲區","0","1","0","8","1","5","60","4","1","1","5","4","5","7","1","1","10","5","5","2","16","6","3","10","1","1","B03","7","6","1","8","2","2","","6","6","1","21","6","B03","24.377282","120.59176","2"
"2019","8","17","15","39","臺中市","西區","0","0","0","6","","","50","","","","","","","","","","","","","","","","","","","","B02","","","1","","2","","","23","","1","5","","B02","24.154296","120.656623","3"
"2019","8","17","15","42","臺中市","西區","0","0","0","6","","","60","","","","","","","","","","","","","","","","","","","","B03","","","1","","2","","","42","","1","21","","B03","24.155071","120.663493","3"
"2019","8","17","15","43","臺中市","大雅區","0","1","0","6","1","5","50","14","8","1","4","4","5","7","4","4","9","4","4","1","17","26","3","10","1","1","B12","7","11","1","8","2","8","","26","26","1","22","9","B12","24.20493","120.6445","2"
"2019","8","17","15","45","臺中市","北屯區","0","0","0","6","","","50","","","","","","","","","","","","","","","","","","","","B03","","","1","","2","","","23","","1","","","B03","24.176525","120.699455","3"
"2019","8","17","15","50","臺中市","西屯區","0","0","0","8","","","40","","","","","","","","","","","","","","","42","","","","","B03","","","1","","2","","","42","42","1","4","","B03","24.198566","120.660258","3"
"2019","8","17","15","50","臺中市","霧峰區","0","0","0","6","","","50","","","","","","","","","","","","","","","","","","","","B03","","","1","","2","","","5","","1","5","","B03","24.037288","120.747311","3"
"2019","8","17","15","50","臺中市","大甲區","0","1","0","8","1","5","50","14","9","1","5","4","5","7","4","4","10","5","5","2","17","10","3","10","1","1","B03","7","11","1","8","2","5","","10","10","1","2","8","B03","24.357386","120.614575","2"
"2019","8","17","15","52","臺中市","西區","0","1","0","7","1","5","50","14","9","1","5","4","5","7","4","4","9","5","5","2","13","16","2","7","1","1","C03","7","9","1","10","2","11","","16","16","1","21","8","C03","24.147146","120.663097","2"