"年","月","日","時","分","縣市","區","死","受傷","2-30","天候","光線","道路類別","速限","道路型態","事故位置","路面鋪裝","路面狀態","路面缺陷","障礙物","視距","號誌種類","號誌動作","分向設施","快車道或一般車道間","快慢車道間","路面邊線","事故類型及型態","主要肇因","受傷程度","主要傷處","保護裝備","行動電話","當事者區分(類別)","車輛用途","當事者行動狀態","駕駛資格情形","駕駛執照種類","飲酒情形","車輛撞擊部位最初","車輛撞擊部位其他","肇事因素個別","肇事因素主要","肇事逃逸","職業","旅次目的","車種","GPS座標(緯度)","GPS座標(經度)","事故類別"
"2019","8","17","15","53","臺中市","太平區","0","0","0","8","","","40","","","","","","","","","","","","","","","","","","","","B12","","","1","","2","","","19","","1","19","","B12","24.147978","120.721827","3"
"2019","8","17","15","56","臺中市","豐原區","0","0","0","6","","","60","","","","","","","","","","","","","","","","","","","","B03","","","1","","2","","","16","","1","18","","B03","24.245283","120.703138","3"
"2019","8","17","16","0","臺中市","烏日區","0","1","0","6","1","5","50","8","11","1","4","4","5","7","4","4","10","5","3","1","18","23","2","8","1","1","C03","7","9","1","10","2","14","","23","23","1","22","9","C03","24.110086","120.58308","2"
"2019","8","17","16","2","臺中市","北區","0","0","0","6","1","5","50","","","","","","","","","","","","","","","","","","","","A02","","","1","","2","","","7","","1","5","","A02","24.162993","120.683295","3"
"2019","8","17","16","2","臺中市","北屯區","0","1","0","6","1","5","50","14","7","1","4","4","5","7","4","4","9","4","4","2","16","19","2","9","3","4","C03","7","1","6","10","2","11","","19","19","1","22","8","C03","24.181508","120.695208","2"
"2019","8","17","16","8","臺中市","大雅區","0","3","0","6","1","5","50","4","1","1","4","4","5","7","1","1","5","4","5","1","17","25","3","10","1","1","B03","7","9","1","8","2","2","","25","25","1","21","8","B03","24.225778","120.645834","2"
"2019","8","17","16","10","臺中市","南屯區","0","0","0","6","","","50","","","","","","","","","","","","","","","","","","","","B03","","","1","","2","","","7","","1","22","","B03","24.14402","120.640998","3"
"2019","8","17","16","15","臺中市","大里區","0","0","0","8","","","50","","","","","","","","","","","","","","","","","","","","B03","","","1","","2","","","23","","1","22","","B03","24.088179","120.695616","3"
"2019","8","17","16","19","臺中市","西屯區","0","0","0","6","","","50","","","","","","","","","","","","","","","","","","","","B03","","","1","","2","","","42","","1","22","","B03","24.165326","120.65645","3"
"2019","8","17","16","20","臺中市","西區","0","0","0","6","","","50","","","","","","","","","","","","","","","","","","","","A04","","","1","","2","","","23","","1","10","","A04","24.144275","120.663401","3"
"2019","8","17","16","20","臺中市","梧棲區","0","1","0","8","1","5","50","4","1","1","5","4","5","7","1","1","10","5","5","2","16","21","2","9","4","4","F03","7","9","8","20","5","16","","21","21","1","9","9","F03","24.245481","120.537515","2"
"2019","8","17","16","35","臺中市","清水區","0","1","0","8","1","5","50","4","1","1","5","4","5","7","3","1","5","5","5","2","15","6","3","10","1","1","B03","7","9","1","8","2","1","","6","6","1","21","8","B03","24.270723","120.575565","2"
"2019","8","17","16","38","臺中市","北屯區","0","1","0","6","1","5","50","14","9","1","4","4","5","7","4","4","1","4","5","2","13","23","3","10","1","1","B03","7","9","1","8","2","1","","23","23","1","21","8","B03","24.181092","120.700561","2"
"2019","8","17","16","44","臺中市","后里區","0","0","0","8","","","50","","","","","","","","","","","","","","","","","","","","B03","","","1","","2","","","12","","1","22","","B03","24.308926","120.724237","4"
"2019","8","17","16","50","臺中市","太平區","0","1","0","6","1","5","80","14","7","1","4","4","5","7","4","4","1","4","5","1","20","23","2","7","1","1","B03","7","9","1","8","2","1","","23","23","1","21","8","B03","24.137252","120.710261","2"
"2019","8","17","16","51","臺中市","潭子區","0","1","0","6","1","5","60","14","8","1","4","4","5","7","4","4","1","4","4","1","13","23","3","10","1","1","C03","7","9","1","10","2","11","","23","23","1","22","8","C03","24.20313","120.704103","2"
"2019","8","17","16","59","臺中市","后里區","0","1","0","8","1","5","50","4","1","1","5","4","5","7","3","1","5","4","5","1","15","6","3","10","1","1","B03","7","9","1","8","2","8","","6","6","1","21","8","B03","24.316591","120.707931","2"
"2019","8","17","17","0","臺中市","南屯區","0","0","0","6","","","60","","","","","","","","","","","","","","","","","","","","B03","","","1","","2","","","23","","1","22","","B03","24.145895","120.631795","3"
"2019","8","17","17","0","臺中市","太平區","0","0","0","6","","","40","","","","","","","","","","","","","","","12","","","","","B03","","","1","","10","","","38","12","1","21","","B03","24.156652","120.732231","3"
"2019","8","17","17","15","臺中市","北區","0","0","0","6","","","50","","","","","","","","","","","","","","","","","","","","B03","","","1","","2","","","23","","1","5","","B03","24.159484","120.67581","3"
"2019","8","17","17","15","臺中市","烏日區","0","1","0","6","1","5","30","11","9","1","4","4","5","7","4","4","10","4","5","2","20","21","2","9","1","1","C03","7","9","1","10","8","14","","21","21","1","21","8","C03","24.110311","120.588231","2"
"2019","8","17","17","19","臺中市","北區","0","0","0","6","","","50","","","","","","","","","","","","","","","","","","","","B03","","","1","","2","","","16","","1","5","","B03","24.15517","120.68585","3"
"2019","8","17","17","19","臺中市","梧棲區","0","0","0","8","","","50","","","","","","","","","","","","","","","","","","","","B03","","","1","","2","","","16","","1","20","","B03","24.238663","120.536711","4"
"2019","8","17","17","25","臺中市","南屯區","0","2","0","6","1","5","50","4","1","1","4","4","5","7","2","1","10","5","5","2","15","25","2","8","1","1","C03","7","9","1","10","2","12","","25","25","1","22","9","C03","24.144044","120.634432","2"
"2019","8","17","17","27","臺中市","豐原區","0","0","0","6","","","50","","","","","","","","","","","","","","","","","","","","B03","","","1","","2","","","16","","","12","","B03","24.237521","120.703148","3"
"2019","8","17","17","28","臺中市","北區","0","0","0","6","1","5","50","","","","","","","","","","","","","","","","","","","","B03","","","1","","2","","","7","","1","5","","B03","24.155688","120.669605","3"
"2019","8","17","17","28","臺中市","東區","0","0","0","6","","","50","","","","","","","","","","","","","","","","3","","","","B03","","","1","","2","","","23","","1","21","","B03","24.138988","120.696983","3"
"2019","8","17","17","30","臺中市","中區","0","2","0","6","1","5","50","4","1","1","4","4","5","7","1","1","10","5","5","2","15","25","2","9","1","1","C03","7","9","1","10","2","12","","44","25","1","20","8","C03","24.139463","120.684511","2"
"2019","8","17","17","34","臺中市","西屯區","0","0","0","6","","","50","","","","","","","","","","","","","","","","","","","","A04","","","1","","11","","","8","","2","22","","A04","24.164673","120.639448","3"
"2019","8","17","17","36","臺中市","中區","0","0","0","6","","","50","","","","","","","","","","","","","","","","","","","","B03","","","1","","2","","","16","","1","5","","B03","24.144441","120.681577","4"
"2019","8","17","17","37","臺中市","西區","0","0","0","6","","","50","","","","","","","","","","","","","","","23","3","","","","C03","","","1","","9","","","23","23","2","21","","C03","24.151535","120.655162","3"
"2019","8","17","17","37","臺中市","東區","0","1","0","6","1","5","50","3","1","1","4","4","5","7","2","1","10","5","5","2","13","23","3","10","1","1","B03","7","14","1","8","2","6","","38","23","1","22","8","B03","24.136454","120.687984","2"
"2019","8","17","17","42","臺中市","西區","0","1","0","6","1","5","50","4","1","1","4","4","5","7","1","1","10","5","5","2","17","6","3","10","1","1","B03","7","5","1","8","2","1","","6","6","1","5","1","B03","24.159918","120.661661","2"
"2019","8","17","17","42","臺中市","大甲區","0","1","0","7","1","5","50","3","2","1","5","4","5","7","4","4","4","5","5","1","26","23","2","9","1","1","C03","7","9","1","10","2","11","","23","23","1","19","8","C03","24.341413","120.612605","2"
"2019","8","17","17","44","臺中市","梧棲區","0","3","0","8","1","5","40","4","1","1","5","4","5","7","4","4","10","5","5","2","15","6","2","7","1","1","C03","7","9","1","10","2","12","","6","6","1","9","8","C03","24.226616","120.539675","2"
"2019","8","17","17","45","臺中市","大肚區","0","1","0","8","1","5","50","4","1","1","4","4","5","5","4","4","10","5","5","2","18","13","2","9","1","1","C03","7","9","1","10","2","14","","13","13","1","20","8","C03","24.174589","120.576175","2"
"2019","8","17","18","3","臺中市","北區","0","0","0","6","","","50","","","","","","","","","","","","","","","16","","","","","B03","","","1","","2","","","44","16","1","5","","B03","24.153344","120.682557","3"
"2019","8","17","18","5","臺中市","潭子區","0","0","0","6","","","50","","","","","","","","","","","","","","","","","","","","B03","","","1","","2","","","19","","1","21","","B03","24.206175","120.709117","3"
"2019","8","17","18","16","臺中市","北區","0","0","0","","","","","","","","","","","","","","","","","","","","3","","","","B03","","","1","","2","","","23","","1","22","","B03","24.157727","120.667442","3"
"2019","8","17","18","20","臺中市","清水區","0","3","0","8","2","5","50","5","1","1","5","4","5","7","1","1","9","5","5","2","15","25","2","9","1","1","C03","7","9","1","10","2","11","","25","25","1","5","1","C03","24.268903","120.557189","2"
"2019","8","17","18","24","臺中市","西區","0","0","0","6","","","50","","","","","","","","","","","","","","","","","","","","B03","","","1","","2","","","42","","1","22","","B03","24.13682","120.665673","3"
"2019","8","17","18","24","臺中市","大里區","0","0","0","8","","","40","","","","","","","","","","","","","","","","","","","","B03","","","1","","2","","","23","","1","4","","B03","24.096472","120.689464","3"
"2019","8","17","18","25","臺中市","南屯區","0","0","0","6","","","40","","","","","","","","","","","","","","","","","","","","C03","","","1","","2","","","16","","1","22","","C03","24.15232","120.621919","3"
"2019","8","17","18","39","臺中市","梧棲區","0","1","0","7","1","5","50","3","1","1","5","4","5","7","1","1","10","5","5","2","16","43","2","9","1","1","C03","7","9","1","10","1","11","","43","43","1","9","1","C03","24.24282","120.533311","2"
"2019","8","17","18","46","臺中市","清水區","0","2","0","8","3","5","40","5","2","1","5","4","5","7","3","1","5","4","4","1","11","6","2","9","1","1","C03","7","9","1","10","2","12","","6","6","1","5","7","C03","24.275416","120.57746","2"
"2019","8","17","18","49","臺中市","中區","0","1","0","6","3","5","50","4","1","1","4","4","5","7","2","1","10","5","5","2","29","42","2","8","1","1","C03","7","9","6","8","2","14","","42","42","1","5","7","C03","24.141885","120.678453","2"
"2019","8","17","18","55","臺中市","大里區","0","1","0","7","3","5","50","3","1","1","4","4","5","7","4","4","10","5","5","2","18","14","2","9","1","1","C03","7","9","1","10","2","12","","14","14","1","5","5","C03","24.107023","120.67925","2"
"2019","8","17","18","55","臺中市","大甲區","0","2","0","7","3","5","50","4","1","1","5","4","5","7","1","1","10","5","5","2","16","25","2","9","1","1","C03","7","5","1","10","2","11","","25","25","1","9","8","C03","24.390405","120.653736","2"
"2019","8","17","19","1","臺中市","南區","0","1","0","6","3","5","50","4","1","1","4","4","5","7","1","1","10","5","5","2","18","23","2","9","1","1","C03","7","6","1","10","2","15","","23","23","1","21","8","C03","24.123416","120.665511","2"
"2019","8","17","19","3","臺中市","后里區","0","1","0","7","4","5","40","3","1","1","5","4","5","7","4","4","10","5","5","2","17","1","3","10","1","4","C03","7","4","1","10","2","12","","1","1","1","22","8","C03","24.314598","120.722935","2"
"2019","8","17","19","9","臺中市","西區","0","0","0","6","","","50","","","","","","","","","","","","","","","","","","","","B03","","","1","","2","","","17","","1","21","","B03","24.13564","120.661175","3"
"2019","8","17","19","10","臺中市","北區","0","1","0","6","3","5","50","3","1","1","4","4","1","7","4","4","10","5","5","2","13","26","2","9","3","4","C03","7","9","6","18","2","11","","26","26","1","5","8","C03","24.159346","120.694308","2"
"2019","8","17","19","15","臺中市","南屯區","0","1","0","6","3","5","14","4","20","1","4","4","5","7","2","1","10","5","5","2","18","23","2","8","1","1","C03","7","1","1","10","2","14","","23","23","1","22","9","C03","24.144474","120.637208","2"
"2019","8","17","19","16","臺中市","西屯區","","","","6","","","60","","","","","","","","","","","","","","","","","","","","B03","","","1","","2","","","16","","1","22","","B03","24.182191","120.600963","3"
"2019","8","17","19","17","臺中市","豐原區","0","0","0","6","","","50","","","","","","","","","","","","","","","","","","","","B03","","","1","","2","","","17","","","12","","B03","24.251583","120.728905","3"
"2019","8","17","19","34","臺中市","龍井區","0","0","0","","","","","","","","","","","","","","","","","","","","","","","","B03","","","1","","2","","","6","","1","21","","B03","24.182751","120.579236","3"
"2019","8","17","19","43","臺中市","龍井區","0","0","0","","","","","","","","","","","","","","","","","","","","","","","","B03","","","1","","2","","","7","","1","22","","B03","24.184626","120.575486","3"
"2019","8","17","19","45","臺中市","北屯區","0","0","0","8","","","50","","","","","","","","","","","","","","","","","","","","B12","","","1","","2","","","25","","1","","","B12","24.197838","120.683704","3"
"2019","8","17","19","57","臺中市","太平區","0","0","0","6","","","50","","","","","","","","","","","","","","","","","","","","B03","","","1","","2","","","16","","1","21","","B03","24.148249","120.704578","3"
"2019","8","17","20","0","臺中市","大里區","0","1","0","6","1","5","50","4","2","1","4","4","5","7","1","1","10","5","5","2","17","25","2","9","1","1","C03","7","9","1","10","2","15","","25","25","1","22","6","C03","24.095513","120.680148","2"
"2019","8","17","20","2","臺中市","中區","0","1","0","6","2","5","50","4","1","1","4","4","5","7","2","1","10","5","5","2","3","15","3","10","1","1","B03","7","6","1","8","2","8","","15","15","1","22","9","B03","24.144806","120.678351","2"
"2019","8","17","20","5","臺中市","西區","0","0","0","6","","","50","","","","","","","","","","","","","","","","","","","","B03","","","1","","2","","","6","","1","21","","B03","24.144323","120.661595","3"
"2019","8","17","20","10","臺中市","梧棲區","0","1","0","8","3","5","50","14","9","1","5","4","5","7","4","4","10","4","5","2","26","43","2","1","1","1","B03","7","9","1","8","2","1","","43","43","1","2","8","B03","24.227308","120.545819","2"
"2019","8","17","20","17","臺中市","南區","0","2","0","6","3","5","50","14","8","1","4","4","5","7","4","4","9","5","4","2","17","42","2","9","1","1","C03","7","11","1","10","2","12","","42","42","1","21","8","C03","24.122333","120.652836","2"
"2019","8","17","20","30","臺中市","大甲區","0","1","0","7","3","5","40","14","9","1","5","4","5","7","4","4","10","5","5","2","17","23","2","7","1","1","C03","7","9","2","18","2","11","","23","23","1","5","8","C03","24.382377","120.651126","2"
"2019","8","17","20","57","臺中市","太平區","0","1","0","6","3","5","50","4","1","1","4","4","5","7","1","1","10","5","5","2","13","23","3","10","1","1","B03","7","9","1","8","2","1","","23","23","1","9","7","B03","24.148876","120.7187","2"
"2019","8","17","21","5","臺中市","北區","0","0","0","8","","","50","","","","","","","","","","","","","","","","","","","","B03","","","1","","2","","","26","","1","5","","B03","24.1516","120.67832","3"
"2019","8","17","21","15","臺中市","西區","0","1","0","6","3","5","50","4","1","1","4","4","5","7","1","1","10","5","5","2","16","6","3","10","1","1","B03","7","6","1","8","2","5","","6","6","1","21","8","B03","24.146777","120.66523","2"
"2019","8","17","21","20","臺中市","太平區","0","1","0","6","3","5","50","14","7","1","4","4","5","7","4","4","5","4","4","2","12","42","3","10","1","1","C03","7","15","1","10","2","14","","42","42","1","5","3","C03","24.15101","120.716614","2"
"2019","8","17","21","22","臺中市","豐原區","0","0","0","7","1","5","50","14","9","1","4","4","5","7","4","4","10","5","5","2","17","","","","","","B03","","","1","","2","","","23","","1","22","","B03","24.243386","120.716827","3"
"2019","8","17","21","30","臺中市","大里區","0","0","0","6","","","50","","","","","","","","","","","","","","","","","","","","","","","8","","10","","","67","","1","","","","24.10667","120.703083","3"
"2019","8","17","21","33","臺中市","西區","0","0","0","6","","","40","","","","","","","","","","","","","","","","","","","","C03","","","1","","2","","","16","","1","21","","C03","24.134659","120.665874","4"
"2019","8","17","21","40","臺中市","烏日區","0","0","0","8","","","30","","","","","","","","","","","","","","","","","","","","C03","","","1","","2","","","23","","1","18","","C03","24.108791","120.625755","3"
"2019","8","17","21","48","臺中市","南屯區","0","1","0","7","3","5","40","4","1","1","4","4","5","7","1","1","10","5","5","2","17","9","3","10","1","1","B03","7","6","1","8","2","15","","9","9","1","22","9","B03","24.148805","120.641657","2"
"2019","8","17","21","58","臺中市","北屯區","0","0","0","8","","","50","","","","","","","","","","","","","","","","","","","","B03","","","1","","2","","","23","","1","21","","B03","24.169817","120.701513","3"
"2019","8","17","22","15","臺中市","北區","0","2","0","7","3","5","40","14","8","1","4","4","5","7","4","4","9","5","4","2","3","51","2","8","4","5","H01","8","16","8","20","10","16","16","51","51","1","22","9","H01","24.147872","120.684656","2"
"2019","8","17","22","23","臺中市","西區","0","2","0","7","3","5","50","14","9","1","4","4","5","7","4","4","5","4","5","2","17","19","2","9","1","1","F03","7","1","8","20","2","16","","19","19","1","22","9","F03","24.151783","120.652968","2"
"2019","8","17","22","23","臺中市","東區","0","1","0","6","3","5","50","4","1","1","4","4","5","7","1","1","10","5","5","2","17","42","3","10","1","1","B03","7","1","1","8","2","15","","42","42","1","21","8","B03","24.142385","120.701281","2"
"2019","8","17","22","53","臺中市","豐原區","0","0","0","8","3","5","50","14","20","1","5","4","5","7","4","4","10","5","5","2","29","43","","","","","","","","7","","11","","","43","43","1","","","","24.25043","120.708461","3"
"2019","8","17","23","10","臺中市","霧峰區","0","1","0","8","3","5","50","5","1","1","5","4","5","7","3","1","10","5","5","2","16","6","3","10","1","1","B12","7","5","1","8","2","5","","6","6","1","4","1","B12","24.067383","120.699005","2"
"2019","8","17","23","17","臺中市","后里區","0","1","0","7","4","5","50","3","9","1","5","4","5","7","3","1","5","4","4","2","13","16","2","7","1","4","C03","7","9","1","10","2","11","","16","16","1","22","8","C03","24.310955","120.718175","2"
"2019","8","17","23","19","臺中市","大里區","0","0","0","8","","","50","","","","","","","","","","","","","","","","","","","","B03","","","1","","2","","","6","","1","12","","B03","24.113583","120.677837","3"
"2019","8","17","23","20","臺中市","清水區","0","1","0","8","3","5","50","14","7","1","5","4","5","7","4","4","5","4","4","2","12","23","2","9","1","1","C03","7","9","1","10","3","14","","44","23","1","5","5","C03","24.272822","120.556168","2"
"2019","8","17","23","33","臺中市","豐原區","0","0","0","8","","","50","","","","","","","","","","","","","","","","","","","","B03","","","1","","2","","","6","","1","22","","B03","24.271969","120.737572","3"
"2019","8","17","23","46","臺中市","大里區","0","1","0","8","4","5","50","4","1","1","5","4","5","7","3","1","10","5","5","2","16","6","3","10","3","4","B03","7","9","1","8","2","8","","6","6","1","3","8","B03","24.096533","120.698973","2"
"2019","8","18","0","0","臺中市","大里區","0","1","0","8","3","5","50","14","7","1","5","4","5","7","4","4","5","5","4","1","3","51","2","9","4","5","H01","8","16","8","20","10","16","","51","51","1","20","8","H01","24.109871","120.681843","2"
"2019","8","18","0","13","臺中市","大雅區","0","1","0","8","4","5","50","4","1","1","5","4","5","7","3","1","5","4","4","1","15","6","2","8","1","1","C03","7","9","3","18","2","11","","6","6","1","22","9","C03","24.219024","120.650501","2"
"2019","8","18","1","50","臺中市","西區","0","1","0","7","3","5","50","14","9","1","5","4","5","7","1","1","5","2","5","2","13","23","3","10","1","1","B03","7","9","1","8","2","1","","23","23","1","21","8","B03","24.136529","120.681481","2"
"2019","8","18","2","17","臺中市","東區","0","0","0","8","","","50","","","","","","","","","","","","","","","21","3","","","","B03","","","1","8","5","","","21","21","","21","","B03","24.142853","120.690604","3"
"2019","8","18","4","39","臺中市","北屯區","0","0","0","8","","","50","","","","","","","","","","","","","","","","","","","","A05","","","1","","2","","","23","","1","10","","A05","24.162881","120.71999","3"
"2019","8","18","5","4","臺中市","中區","0","2","0","7","3","5","50","4","1","1","5","4","5","7","1","1","10","5","5","2","3","15","3","10","1","1","B03","7","11","1","8","2","1","","15","15","1","21","8","B03","24.140694","120.68278","2"
"2019","8","18","6","20","臺中市","北區","0","0","0","8","","","50","","","","","","","","","","","","","","","","","","","","B03","","","1","","8","","","23","","1","22","","B03","24.1593","120.6766","3"
"2019","8","18","6","38","臺中市","大里區","0","1","0","7","1","5","40","11","8","1","4","4","5","7","4","4","1","4","4","1","18","42","2","9","3","4","C03","7","9","1","10","2","12","","42","42","1","21","5","C03","24.087951","120.695745","2"
"2019","8","18","7","1","臺中市","潭子區","0","2","0","7","1","5","40","3","1","1","5","4","5","7","4","4","10","5","5","2","16","19","2","8","1","1","C03","7","1","1","10","2","13","","19","19","1","22","8","C03","24.210751","120.703335","2"
"2019","8","18","7","37","臺中市","霧峰區","0","1","0","7","1","5","40","11","9","1","5","4","5","7","4","4","10","5","5","1","10","23","2","9","1","1","C03","7","9","1","10","2","11","","23","23","1","21","8","C03","24.034881","120.667881","2"
"2019","8","18","7","44","臺中市","烏日區","0","0","0","8","","","60","","","","","","","","","","","","","","","","","","","","B03","","","1","","2","","","16","","1","21","","B03","24.104001","120.626693","3"
"2019","8","18","7","50","臺中市","神岡區","0","1","0","7","1","5","50","3","1","1","4","4","5","7","1","1","1","3","5","1","16","10","3","10","1","1","B03","7","11","1","8","2","2","","10","10","1","21","8","B03","24.247765","120.689561","2"
"2019","8","18","8","34","臺中市","中區","0","1","0","7","1","5","40","4","1","1","4","4","5","7","1","1","10","5","5","2","18","42","2","9","3","4","C03","7","9","1","10","2","14","","42","42","1","21","8","C03","24.143846","120.680955","2"
"2019","8","18","8","47","臺中市","西屯區","0","1","0","7","1","5","40","3","2","1","5","4","5","7","3","1","10","5","5","2","17","19","3","10","3","4","B03","7","1","6","18","2","1","","19","19","1","22","8","B03","24.178931","120.646473","2"
"2019","8","18","8","52","臺中市","西屯區","0","2","0","8","1","5","50","3","1","1","5","4","5","7","4","4","10","5","5","2","16","10","3","10","1","1","B03","7","11","1","8","2","8","","10","10","1","22","8","B03","24.18665","120.619953","2"
"2019","8","18","9","1","臺中市","中區","0","1","0","7","1","5","50","4","2","1","5","4","5","7","1","1","10","5","5","2","18","42","2","9","1","1","C03","7","9","1","10","2","12","","42","42","1","21","8","C03","24.143164","120.67709","2"
"2019","8","18","9","7","臺中市","潭子區","0","0","0","8","","","50","","","","","","","","","","","","","","","","","","","","B02","","","1","","2","","","23","","1","22","","B02","24.215846","120.681598","3"
"2019","8","18","9","26","臺中市","沙鹿區","0","0","0","6","","","50","","","","","","","","","","","","","","","","","","","","B12","","","1","","2","","","16","","","4","","B12","24.233445","120.562696","3"
"2019","8","18","9","27","臺中市","西屯區","0","1","0","6","1","5","50","3","2","1","4","4","5","7","4","4","5","4","4","2","18","42","2","9","3","4","C03","7","9","1","10","2","12","","42","42","1","21","8","C03","24.168113","120.658064","2"
"2019","8","18","9","29","臺中市","西屯區","0","1","0","6","1","5","40","4","1","1","4","4","5","7","3","1","1","5","5","2","18","43","2","9","1","1","C03","7","9","1","10","2","11","14","43","43","1","22","9","C03","24.175055","120.642971","2"
"2019","8","18","9","29","臺中市","烏日區","0","1","0","6","1","5","50","4","1","1","4","4","5","7","1","1","10","5","5","2","17","16","2","9","1","1","C03","7","14","1","10","2","14","","16","16","1","21","8","C03","24.11046","120.625749","2"
"2019","8","18","9","30","臺中市","南屯區","0","0","0","6","","","50","","","","","","","","","","","","","","","54","3","","","","H01","8","16","8","20","2","","","54","54","1","22","","H01","24.138594","120.636101","3"
"2019","8","18","9","30","臺中市","南屯區","0","0","0","6","","","50","","","","","","","","4","","","","","","","23","3","","","","B03","","","1","","2","","","23","23","1","21","","B03","24.137523","120.64619","3"
"2019","8","18","9","40","臺中市","西屯區","0","0","0","8","","","50","","","","","","","","","","","","","","","","","","","","B01","","","1","","2","","","3","","1","22","","B01","24.16822","120.637393","3"
"2019","8","18","9","47","臺中市","后里區","0","1","0","6","1","5","50","14","9","1","4","4","5","7","4","4","10","5","5","2","18","44","2","9","3","4","C03","7","9","1","10","2","15","","44","44","1","22","8","C03","24.310636","120.721311","2"
"2019","8","18","9","52","臺中市","神岡區","0","0","0","6","","","50","","","","","","","","","","","","","","","18","","","","","B03","","","1","","2","","","18","18","1","21","","B03","24.25888","120.661203","3"
"2019","8","18","9","59","臺中市","清水區","0","0","0","6","","","50","","","","","","","","","","","","","","","","","","","","B03","","","1","","2","","","6","","1","20","","B03","24.275071","120.573511","3"
"2019","8","18","10","0","臺中市","北屯區","0","0","0","8","","","50","","","","","","","","","","","","","","","","","","","","B03","","","1","","2","","","23","","1","4","","B03","24.173803","120.685443","3"
"2019","8","18","10","0","臺中市","大甲區","0","1","0","6","1","5","50","14","9","1","4","4","5","7","4","4","5","5","5","1","12","19","3","10","1","1","B12","7","1","1","8","2","8","","19","19","1","22","1","B12","24.351509","120.62188","2"
"2019","8","18","10","10","臺中市","豐原區","0","0","0","6","","","50","","","","","","","","","","","","","","","","","","","","B03","","","1","","2","","","6","","1","21","","B03","24.24662","120.72176","3"
"2019","8","18","10","10","臺中市","豐原區","0","0","0","6","","","50","","","","","","","","","","","","","","","","","","","","B03","","","1","","2","","","12","","1","21","","B03","24.247033","120.728926","3"
"2019","8","18","10","31","臺中市","西屯區","0","0","0","8","1","5","50","5","","1","5","4","5","7","1","1","1","3","1","1","12","43","","","","","B12","","","1","","2","","","43","43","1","22","","B12","24.174448","120.633668","3"
"2019","8","18","10","31","臺中市","后里區","0","0","0","6","1","5","50","3","2","1","4","4","5","7","4","4","5","5","4","2","14","12","3","10","1","1","B12","7","2","1","8","2","7","","12","12","1","21","8","B12","24.305915","120.713256","3"
"2019","8","18","10","39","臺中市","豐原區","0","0","0","8","","","50","","","","","","","","","","","","","","","7","","","","","A02","","","1","","2","","","44","7","1","5","","A02","24.264452","120.720353","3"
"2019","8","18","10","44","臺中市","大里區","0","1","0","6","1","5","50","4","1","1","4","4","5","7","1","1","10","5","5","2","16","25","3","10","1","1","B03","7","9","1","8","2","4","","25","25","1","5","8","B03","24.114888","120.681626","2"
"2019","8","18","11","0","臺中市","霧峰區","0","1","0","8","1","5","50","5","1","1","5","4","5","7","4","4","10","5","5","2","16","19","3","10","1","1","B03","7","1","1","8","2","4","","19","19","1","21","8","B03","24.067925","120.69833","2"
"2019","8","18","11","7","臺中市","潭子區","0","0","0","6","1","5","50","14","9","1","4","4","5","7","1","1","8","3","5","1","11","","","","","","A11","","","1","","2","","","5","","1","22","","A11","24.204895","120.714804","3"
"2019","8","18","11","8","臺中市","東區","0","1","0","6","1","5","50","4","1","1","4","4","5","7","4","4","10","5","5","2","15","6","2","9","1","1","C03","7","9","1","10","2","11","","6","6","1","22","8","C03","24.143785","120.693269","2"
"2019","8","18","11","10","臺中市","豐原區","0","0","0","6","","","60","","","","","","","","","","","","","","","","","","","","B03","","","1","","2","","","25","","1","21","","B03","24.251536","120.702985","3"
"2019","8","18","11","15","臺中市","清水區","0","1","0","6","1","5","50","4","1","1","4","4","5","7","1","1","10","5","5","2","3","15","3","10","1","1","B03","7","5","1","8","2","5","","15","15","1","5","5","B03","24.267329","120.55897","2"
"2019","8","18","11","27","臺中市","北區","0","1","0","6","1","5","50","14","7","1","4","4","5","6","2","1","8","3","4","2","3","51","2","9","4","5","H01","8","16","8","20","10","16","","51","51","1","22","8","H01","24.162982","120.675268","2"
"2019","8","18","11","28","臺中市","北屯區","0","0","0","6","","","50","","","","","","","","","","","","","","","","","","","","B03","","","1","","2","","","7","","1","21","","B03","24.184013","120.66475","3"
"2019","8","18","11","30","臺中市","外埔區","0","0","0","6","","","50","","","","","","","","","","","","","","","","","","","","B12","","","1","","2","","","23","","1","22","","B12","24.331154","120.655977","4"
"2019","8","18","11","40","臺中市","大雅區","0","1","0","6","1","5","50","11","8","1","4","4","5","7","4","4","9","4","4","1","17","26","3","10","1","1","B01","7","11","1","4","2","7","","26","26","1","22","9","B01","24.21462","120.63523","2"
"2019","8","18","11","46","臺中市","西區","0","0","0","6","","","50","","","","","","","","","","","","","","","","","","","","B11","","","1","","2","","","23","","1","21","","B11","24.155454","120.654082","4"
"2019","8","18","11","54","臺中市","中區","0","0","0","6","","","50","","","","","","","","","","","","","","","","","","","","B02","","","1","","2","","","1","","1","21","","B02","24.137274","120.684451","3"
"2019","8","18","11","55","臺中市","豐原區","0","0","0","6","","","50","","","","","","","","","","","","","","","","","","","","B03","","","1","","2","","","38","","1","22","","B03","24.245363","120.726459","3"
"2019","8","18","11","57","臺中市","后里區","0","1","0","6","1","5","50","14","7","1","4","4","5","7","4","4","5","5","4","2","17","26","2","9","1","1","C03","7","9","1","10","2","12","","26","26","1","21","8","C03","24.306415","120.713296","2"