"年","月","日","時","分","縣市","區","死","受傷","2-30","天候","光線","道路類別","速限","道路型態","事故位置","路面鋪裝","路面狀態","路面缺陷","障礙物","視距","號誌種類","號誌動作","分向設施","快車道或一般車道間","快慢車道間","路面邊線","事故類型及型態","主要肇因","受傷程度","主要傷處","保護裝備","行動電話","當事者區分(類別)","車輛用途","當事者行動狀態","駕駛資格情形","駕駛執照種類","飲酒情形","車輛撞擊部位最初","車輛撞擊部位其他","肇事因素個別","肇事因素主要","肇事逃逸","職業","旅次目的","車種","GPS座標(緯度)","GPS座標(經度)","事故類別"
"2019","8","18","12","0","臺中市","大里區","0","1","0","6","1","5","50","14","8","1","4","4","5","7","4","4","1","4","1","1","13","23","2","7","1","1","F03","7","9","8","20","2","16","","23","23","1","12","8","F03","24.089106","120.654036","2"
"2019","8","18","12","0","臺中市","豐原區","0","0","0","6","","","50","","","","","","","","","","","","","","","","","","","","B03","","","1","","2","","","16","","","12","","B03","24.240921","120.716865","3"
"2019","8","18","12","0","臺中市","神岡區","0","0","0","6","","","50","","","","","","","","","","","","","","","","","","","","B12","","","1","","2","","","23","","1","21","","B12","24.252569","120.696395","3"
"2019","8","18","12","4","臺中市","西屯區","0","1","0","6","1","5","40","14","16","1","4","4","5","7","4","4","1","5","5","2","13","23","3","10","1","1","B03","7","9","1","8","2","1","","23","23","1","22","8","B03","24.182107","120.634512","2"
"2019","8","18","12","7","臺中市","北區","0","1","0","6","1","5","50","14","9","1","4","4","5","7","4","4","5","5","5","2","18","23","2","9","1","1","C03","7","9","1","10","2","14","","23","23","1","22","8","C03","24.16291","120.679961","2"
"2019","8","18","12","9","臺中市","西區","0","0","0","6","","","50","","","","","","","","","","","","","","","","","","","","B03","","","1","","2","","","16","","1","","","B03","24.149093","120.671993","3"
"2019","8","18","12","20","臺中市","北區","0","1","0","6","1","5","50","4","1","1","4","4","5","7","4","4","10","5","5","2","16","6","3","10","1","1","B03","7","5","1","8","2","15","","6","6","1","22","8","B03","24.1539","120.6685","2"
"2019","8","18","12","20","臺中市","北屯區","0","1","0","8","1","5","50","14","7","1","5","4","5","7","4","4","9","5","4","2","17","23","2","7","1","1","C03","7","9","1","10","2","11","","23","23","1","4","8","C03","24.19293","120.681748","2"
"2019","8","18","12","23","臺中市","西屯區","0","1","0","6","1","5","40","14","8","1","4","4","5","7","4","4","1","3","1","1","13","23","2","8","1","1","C03","7","9","1","10","2","11","","23","23","1","22","8","C03","24.181968","120.616863","2"
"2019","8","18","12","31","臺中市","大里區","0","2","0","8","1","5","50","14","9","1","5","4","5","7","4","4","5","5","5","2","6","51","2","9","4","5","H01","8","18","8","20","10","16","","51","51","1","22","6","H01","24.123363","120.689984","2"
"2019","8","18","12","50","臺中市","西區","0","3","0","8","1","5","50","4","1","1","4","4","5","7","4","4","10","5","5","2","15","6","2","9","1","1","C03","7","9","1","10","2","12","","6","6","1","5","5","C03","24.145328","120.6557","2"
"2019","8","18","13","2","臺中市","霧峰區","0","1","0","7","1","5","40","3","2","1","4","4","5","7","3","1","10","5","5","2","12","6","3","10","1","1","B03","7","6","1","8","2","2","","6","6","1","21","8","B03","24.065144","120.67774","2"
"2019","8","18","13","5","臺中市","北區","0","2","0","8","1","5","50","4","1","1","4","4","5","7","1","1","5","5","5","2","16","25","2","9","4","5","F02","7","6","8","20","2","16","","25","25","1","22","8","F02","24.165064","120.682415","2"
"2019","8","18","13","32","臺中市","北屯區","0","0","0","8","","","50","","","","","","","","","","","","","","","","","","","","B03","","","1","","2","","","23","","1","","","B03","24.201175","120.682513","3"
"2019","8","18","13","33","臺中市","沙鹿區","0","0","0","8","","","40","","","","","","","","","","","","","","","","","","","","B03","","","1","","2","","","42","","1","4","","B03","24.2179","120.550968","3"
"2019","8","18","13","35","臺中市","清水區","0","0","0","8","1","5","40","","","","","","","","","","","","","","","42","","","","","B12","","","1","","2","","","42","42","1","21","","B12","24.273825","120.569433","3"
"2019","8","18","13","40","臺中市","西屯區","0","1","0","8","1","5","50","3","2","1","5","4","5","7","4","4","5","4","4","2","16","6","2","9","1","1","C03","7","5","1","10","2","13","","6","6","1","22","8","C03","24.165898","120.662097","2"
"2019","8","18","13","45","臺中市","大甲區","0","0","0","8","1","5","50","14","2","1","5","4","","7","4","4","8","5","5","2","15","6","","","","","B12","","","1","","2","","","8","6","1","","","B12","24.351817","120.626451","3"
"2019","8","18","13","46","臺中市","大里區","0","1","0","8","1","5","50","14","8","1","5","4","5","7","4","4","9","4","4","1","16","6","3","10","1","1","B03","7","6","1","8","2","6","","6","6","1","22","9","B03","24.113576","120.690006","2"
"2019","8","18","13","52","臺中市","大雅區","0","1","0","8","1","5","50","14","8","1","5","4","5","7","4","4","1","4","4","1","17","7","3","10","1","1","B03","7","8","1","8","2","6","","7","7","1","21","8","B03","24.230781","120.640779","2"
"2019","8","18","13","58","臺中市","北屯區","0","2","0","8","1","5","50","4","1","1","5","4","5","7","1","1","10","5","5","2","16","43","2","3","1","1","B03","7","5","1","7","2","4","","43","43","1","4","8","B03","24.20071","120.676233","2"
"2019","8","18","14","1","臺中市","烏日區","0","0","0","8","","","70","","","","","","","","","","","","","","","","","","","","B03","","","1","","2","","","23","","1","21","","B03","24.105875","120.615769","3"
"2019","8","18","14","15","臺中市","西區","0","0","0","8","","","50","","","","","","","","","","","","","","","","","","","","B03","","","1","","2","","","16","","1","","","B03","24.144173","120.661726","3"
"2019","8","18","14","29","臺中市","龍井區","0","0","0","","","","","","","","","","","","","","","","","","","","","","","","B02","","","1","","2","","","42","","1","","","B02","24.179666","120.583708","3"
"2019","8","18","14","31","臺中市","西屯區","0","0","0","8","1","5","60","14","9","1","5","4","5","7","4","4","1","3","5","1","12","","","","","","B03","","","1","","2","","","7","","1","22","","B03","24.165401","120.651453","3"
"2019","8","18","14","45","臺中市","北區","0","0","0","8","1","5","30","14","19","1","5","4","5","7","3","1","8","3","5","2","16","","","","","","B03","","","1","","2","","","6","","1","22","","B03","24.157153","120.667831","3"
"2019","8","18","14","55","臺中市","太平區","0","0","0","8","","","50","","","","","","","","","","","","","","","6","","","","","B03","","","1","","2","","","6","6","1","","","B03","24.11373","120.71858","3"
"2019","8","18","14","57","臺中市","大里區","0","1","0","8","1","5","40","3","1","1","5","4","5","3","4","4","10","5","5","2","16","6","2","8","2","1","C03","7","9","1","10","2","12","","6","6","1","5","8","C03","24.116781","120.67997","2"
"2019","8","18","15","0","臺中市","北屯區","0","1","0","8","1","5","50","14","7","1","5","4","5","7","4","4","9","5","4","2","16","19","2","9","1","1","C03","7","1","1","10","2","14","","19","19","1","4","8","C03","24.170381","120.732485","2"
"2019","8","18","15","0","臺中市","北屯區","0","2","0","8","1","5","50","4","1","1","5","4","5","7","2","1","10","5","5","2","13","23","2","8","3","4","C03","7","9","1","10","2","11","","23","23","1","22","8","C03","24.201269","120.687022","2"
"2019","8","18","15","18","臺中市","南區","0","1","0","8","1","5","50","5","1","1","5","4","5","7","4","4","10","5","5","2","16","6","3","10","1","1","B03","7","6","1","8","2","6","","6","6","1","22","8","B03","24.127106","120.669668","2"
"2019","8","18","15","18","臺中市","大甲區","0","1","0","8","1","5","50","4","1","1","5","4","5","7","3","1","10","5","5","2","15","6","2","7","1","1","C03","7","9","1","10","2","12","","6","6","1","6","4","C03","24.349115","120.62695","2"
"2019","8","18","15","26","臺中市","南區","0","0","0","8","","","50","","","","","","","","","","","","","","","12","","","","","C03","","","1","","9","","","12","12","1","5","","C03","24.129898","120.671851","3"
"2019","8","18","15","29","臺中市","大雅區","0","2","0","8","1","5","60","14","9","1","5","4","5","7","4","4","3","4","4","1","12","1","2","9","1","1","C03","7","9","1","10","2","12","","1","1","1","22","9","C03","24.233724","120.664334","2"
"2019","8","18","15","34","臺中市","西區","0","1","0","8","1","5","50","4","1","1","5","4","5","7","1","1","5","4","5","2","16","6","3","10","1","1","B12","7","7","1","8","2","8","","6","6","1","22","8","B12","24.146725","120.65514","2"
"2019","8","18","15","51","臺中市","西屯區","0","0","0","8","","","50","","","","","","","","","","","","","","","16","","","","","B03","","","1","","2","","","16","16","1","12","","B03","24.200656","120.656682","3"
"2019","8","18","16","10","臺中市","潭子區","0","2","0","8","1","5","60","3","9","1","5","4","5","7","1","1","8","3","4","1","12","44","2","9","1","1","C03","7","9","1","10","2","13","","44","44","1","22","1","C03","24.218443","120.705836","2"
"2019","8","18","16","13","臺中市","西屯區","0","0","0","8","","","50","","","","","","","","","","","","","","","19","","","","","B12","","","1","","2","","","19","19","1","22","","B12","24.161751","120.641875","3"
"2019","8","18","16","16","臺中市","西區","0","1","0","8","1","5","50","3","1","1","5","4","5","7","4","4","10","5","5","2","18","42","2","9","1","1","C03","7","9","1","10","2","12","","42","42","1","22","9","C03","24.15338","120.66169","2"
"2019","8","18","16","23","臺中市","北屯區","0","1","0","8","1","5","50","4","1","1","5","4","5","7","2","1","10","5","5","2","16","26","3","10","3","4","B03","7","6","1","8","11","5","","26","26","2","22","8","B03","24.174111","120.671569","2"
"2019","8","18","16","24","臺中市","北區","0","3","0","8","1","5","40","14","8","1","5","4","5","7","4","4","5","4","4","2","13","23","2","9","3","4","C03","7","9","1","10","2","11","","23","23","1","5","8","C03","24.161072","120.66487","2"
"2019","8","18","16","25","臺中市","清水區","0","0","0","8","1","5","40","3","1","1","5","4","5","7","4","4","10","5","5","2","16","4","3","10","1","1","B03","7","6","1","8","2","8","","4","4","1","5","1","B03","24.270717","120.578761","3"
"2019","8","18","16","30","臺中市","大里區","0","0","0","8","","","50","","","","","","","","","","","","","","","","","","","","B02","","","1","","2","","","12","","1","4","","B02","24.092725","120.703659","3"
"2019","8","18","16","31","臺中市","烏日區","0","0","0","8","","","50","","","","","","","","","","","","","","","","","","","","B03","","","1","","2","","","16","","1","5","","B03","24.108286","120.597875","3"
"2019","8","18","16","31","臺中市","神岡區","0","0","0","8","","","50","","","","","","","","","","","","","","","","","","","","B03","","","1","","2","","","17","","1","22","","B03","24.246693","120.685103","3"
"2019","8","18","16","37","臺中市","北區","0","0","0","8","","","50","","","","","","","","","","","","","","","","3","","","","C03","","","1","","2","","","6","","1","22","","C03","24.14511","120.673255","3"
"2019","8","18","16","39","臺中市","西區","0","1","0","8","1","5","40","15","8","1","5","4","5","7","4","4","1","5","4","2","17","23","2","9","1","1","C03","7","9","1","10","2","14","","23","23","1","18","7","C03","24.147235","120.673191","2"
"2019","8","18","16","40","臺中市","大里區","0","0","0","8","","","50","","","","","","","","","","","","","","","","","","","","C03","","","1","","2","","","42","","1","18","","C03","24.095619","120.686279","3"
"2019","8","18","16","43","臺中市","沙鹿區","0","0","0","8","","","50","","","","","","","","","","","","","","","6","","","","","C03","","","1","","2","","","6","6","","","","C03","24.229521","120.571284","3"
"2019","8","18","16","51","臺中市","西區","0","1","0","7","1","5","50","4","1","1","5","4","5","7","4","4","10","5","5","2","15","6","3","10","1","1","C03","7","9","1","10","2","14","","6","6","1","21","8","C03","24.151267","120.670482","2"
"2019","8","18","17","1","臺中市","北區","0","0","0","8","","","50","","","","","","","","","","","","","","","","","","","","B03","","","1","","1","","","6","","1","6","","B03","24.162863","120.674508","3"
"2019","8","18","17","5","臺中市","北屯區","0","0","0","8","","","50","","","","","","","","","","","","","","","","","","","","B03","","","1","","2","","","23","","","","","B03","24.176486","120.680476","3"
"2019","8","18","17","6","臺中市","潭子區","0","0","0","8","","","50","","","","","","","","","","","","","","","","","","","","B03","","","1","","2","","","12","","1","","","B03","24.199753","120.725255","3"
"2019","8","18","17","8","臺中市","西區","0","1","0","6","1","5","50","3","1","1","4","4","5","7","4","4","5","5","5","2","16","10","3","10","1","1","B03","7","11","1","8","2","1","","10","10","1","22","8","B03","24.155136","120.655096","2"
"2019","8","18","17","8","臺中市","南區","0","0","0","8","","","50","","","","","","","","","","","","","","","","","","","","B02","","","1","","2","","","7","","1","","","B02","24.134043","120.682196","3"
"2019","8","18","17","27","臺中市","烏日區","0","1","0","6","2","5","60","14","8","1","4","4","3","5","4","4","9","4","4","1","17","43","2","9","1","1","C03","7","9","6","10","2","14","","43","43","1","22","8","C03","24.106561","120.635043","2"
"2019","8","18","17","27","臺中市","沙鹿區","0","0","0","8","","","50","","","","","","","","","","","","","","","","","","","","B03","","","1","","2","","","44","","1","4","","B03","24.242848","120.564388","3"
"2019","8","18","17","43","臺中市","北區","0","0","0","8","","","50","","","","","","","","","","","","","","","","","","","","B03","","","1","","2","","","6","","1","5","","B03","24.17173","120.67454","3"
"2019","8","18","17","43","臺中市","神岡區","0","1","0","7","1","5","25","14","9","1","5","4","5","7","4","4","5","5","5","2","16","23","2","7","4","5","F02","7","9","8","20","7","16","","23","23","1","22","9","F02","24.247166","120.681632","2"
"2019","8","18","17","52","臺中市","大雅區","0","0","0","8","","","50","","","","","","","","","","","","","","","","","","","","B03","","","1","","2","","","12","","1","22","","B03","24.233968","120.623993","3"
"2019","8","18","18","0","臺中市","潭子區","0","0","0","8","","","60","","","","","","","","","","","","","","","","","","","","B03","","","1","","2","","","6","","1","9","","B03","24.227059","120.708046","3"
"2019","8","18","18","20","臺中市","大里區","0","1","0","7","1","5","50","3","1","1","5","4","5","7","3","1","5","4","4","2","13","16","2","1","1","1","B03","7","9","1","8","2","8","","16","16","1","22","8","B03","24.114372","120.68387","2"
"2019","8","18","18","26","臺中市","西區","0","0","0","6","","","50","","","","","","","","","","","","","","","","","","","","B03","","","1","","2","","","42","","1","22","","B03","24.140206","120.656841","4"
"2019","8","18","18","29","臺中市","西屯區","0","2","0","6","3","5","50","4","18","1","4","4","5","7","3","1","10","5","5","2","3","15","2","9","1","1","C03","7","9","1","9","2","11","","15","15","1","22","8","C03","24.190033","120.61061","2"
"2019","8","18","18","30","臺中市","北屯區","0","2","0","6","3","5","40","3","1","1","4","4","5","7","4","4","10","5","5","2","9","51","2","9","4","5","H01","8","16","8","20","10","16","","51","51","1","21","8","H01","24.189786","120.664499","2"
"2019","8","18","18","32","臺中市","北屯區","0","1","0","8","3","5","50","4","1","1","5","4","5","7","1","1","10","5","5","2","18","23","2","9","1","1","C03","7","9","3","18","2","15","","23","23","1","21","8","C03","24.171805","120.68816","2"
"2019","8","18","18","40","臺中市","西屯區","0","0","0","6","","","50","","","","","","","","","","","","","","","","","","","","B03","","","1","","2","","","25","","1","","","B03","24.159605","120.649613","3"
"2019","8","18","18","43","臺中市","中區","0","1","0","6","3","5","50","3","1","1","4","4","5","6","4","4","10","5","5","2","3","51","2","8","4","5","H01","8","16","8","20","2","16","","51","51","1","5","7","H01","24.145385","120.678711","2"
"2019","8","18","18","45","臺中市","大里區","0","2","0","6","3","5","50","14","9","1","4","4","5","7","4","4","5","2","5","1","9","23","2","9","1","1","C03","7","9","1","10","2","11","","23","23","1","12","8","C03","24.111364","120.679309","2"
"2019","8","18","18","45","臺中市","霧峰區","0","0","0","6","","","40","","","","","","","","","","","","","","","","","","","","B03","","","1","","2","","","12","","1","4","","B03","24.064634","120.696445","3"
"2019","8","18","18","48","臺中市","大雅區","0","0","0","6","","","50","","","","","","","","","","","","","","","","","","","","","","","8","","10","","","67","","1","","","","24.217664","120.665073","3"
"2019","8","18","18","52","臺中市","西區","0","1","0","6","3","5","50","14","7","1","4","4","5","7","4","4","5","5","4","2","13","23","2","9","1","1","C03","7","9","1","10","2","12","","23","23","1","21","8","C03","24.153155","120.655171","2"
"2019","8","18","18","52","臺中市","北屯區","0","0","0","6","","","50","","","","","","","","","","","","","","","","","","","","B03","","","1","","2","","","16","","1","5","","B03","24.185836","120.663986","3"
"2019","8","18","18","58","臺中市","中區","0","1","0","6","3","5","50","14","9","1","4","4","5","7","4","4","5","4","5","2","17","42","3","10","1","1","B01","7","14","1","4","2","2","","42","42","1","10","9","B01","24.139502","120.685886","2"
"2019","8","18","19","0","臺中市","東區","0","0","0","","","","","","","","","","","","","","","","","","","44","","","","","B03","","","1","","2","","","44","44","1","","","B03","24.142843","120.690743","3"
"2019","8","18","19","6","臺中市","北屯區","0","0","0","6","","","50","","","","","","","","","","","","","","","","","","","","B03","","","1","","2","","","23","","1","","","B03","24.184163","120.664874","3"
"2019","8","18","19","6","臺中市","西屯區","0","1","0","6","3","5","50","14","9","1","4","4","5","7","4","4","1","3","4","1","16","17","2","7","1","1","C03","7","9","1","10","2","12","","17","17","1","4","8","C03","24.169088","120.655318","2"
"2019","8","18","19","7","臺中市","烏日區","0","0","0","6","","","50","","","","","","","","","","","","","","","","","","","","B03","","","1","","2","","","9","","1","","","B03","24.107738","120.603265","3"
"2019","8","18","19","12","臺中市","北屯區","0","1","0","6","3","5","50","14","9","1","4","4","5","7","4","4","9","5","5","2","13","23","2","9","1","1","C03","7","9","1","10","2","11","","23","23","1","21","8","C03","24.177892","120.693128","2"
"2019","8","18","19","25","臺中市","大里區","0","1","0","6","3","5","40","3","1","1","4","4","5","7","1","1","10","5","5","2","3","23","3","10","1","1","B03","7","5","1","4","11","8","","23","23","1","5","5","B03","24.089428","120.694214","2"
"2019","8","18","19","25","臺中市","大甲區","0","1","0","6","3","5","70","4","2","1","4","4","5","7","1","1","1","2","4","1","13","23","2","7","1","1","C03","7","9","1","10","2","12","","23","23","1","9","8","C03","24.36569","120.641522","2"
"2019","8","18","19","27","臺中市","潭子區","0","0","0","6","","","50","","","","","","","","","","","","","","","","","","","","B03","","","1","","2","","","16","","1","","","B03","24.215608","120.687993","3"
"2019","8","18","19","29","臺中市","龍井區","0","0","0","","","","","","","","","","","","","","","","","","","","","","","","B03","","","1","","2","","","16","","1","","","B03","24.187287","120.582967","3"
"2019","8","18","19","35","臺中市","大里區","0","0","0","6","","","40","","","","","","","","","","","","","","","","","","","","B03","","","1","","2","","","23","","1","","","B03","24.098439","120.695806","3"
"2019","8","18","19","39","臺中市","北屯區","0","0","0","6","","","50","","","","","","","","","","","","","","","","","","","","A11","","","1","","2","","","23","","1","","","A11","24.18722","120.686146","3"
"2019","8","18","19","45","臺中市","后里區","0","1","0","6","4","5","50","14","12","1","4","4","5","7","4","4","5","5","4","1","17","4","3","10","3","4","B03","7","15","1","8","2","4","","4","4","1","22","8","B03","24.310633","120.712156","2"
"2019","8","18","20","14","臺中市","北區","0","0","0","6","","","50","","","","","","","","","","","","","","","","","","","","B03","","","1","","2","","","9","","1","","","B03","24.165321","120.682946","3"
"2019","8","18","20","20","臺中市","北屯區","0","1","0","6","3","5","40","14","7","1","4","4","3","7","4","4","5","5","4","2","12","7","2","9","1","1","C03","7","7","1","10","2","14","","7","7","1","5","8","C03","24.164846","120.690645","2"
"2019","8","18","20","20","臺中市","清水區","0","0","0","8","3","5","50","","","","","","","","","","","","","","","25","","","","","B12","","","1","","2","","","25","25","1","22","","B12","24.263101","120.572886","3"
"2019","8","18","20","21","臺中市","北區","0","1","0","6","1","5","50","4","1","1","4","4","5","7","1","1","5","4","5","2","3","15","3","10","1","1","B03","7","6","1","7","2","5","","15","15","1","5","8","B03","24.1671","120.6778","2"
"2019","8","18","20","29","臺中市","大里區","0","0","0","6","","","40","","","","","","","","","","","","","","","","","","","","B03","","","1","","2","","","8","","1","22","","B03","24.112206","120.688821","3"
"2019","8","18","20","30","臺中市","南區","0","0","0","8","","","50","","","","","","","","","","","","","","","16","","","","","B12","","","1","","2","","","16","16","1","5","","B12","24.12775","120.669389","3"
"2019","8","18","20","48","臺中市","西屯區","0","0","0","6","","","50","","","","","","","","","","","","","","","","","","","","B03","","","1","","2","","","23","","1","12","","B03","24.184273","120.608969","3"
"2019","8","18","20","50","臺中市","霧峰區","0","1","0","6","3","5","50","14","7","1","4","4","5","7","1","1","3","4","4","1","13","16","2","9","1","1","C03","7","9","1","10","2","11","","16","16","1","4","8","C03","24.075666","120.699959","2"
"2019","8","18","21","0","臺中市","烏日區","0","1","0","6","3","5","50","4","1","1","4","4","5","7","2","1","4","4","5","1","17","10","3","10","1","1","B03","7","11","1","8","3","4","","10","10","1","21","8","B03","24.110485","120.625741","2"
"2019","8","18","21","6","臺中市","潭子區","0","0","0","6","3","5","50","3","1","1","4","4","5","7","1","1","1","4","4","1","14","12","3","10","1","1","B03","7","2","6","8","7","6","","12","12","1","21","8","B03","24.216023","120.694713","3"
"2019","8","18","21","7","臺中市","大里區","0","0","0","6","","","0","","","","","","","","","","","","","","","","","","","","B03","","","1","","2","","","12","","1","5","","B03","24.101379","120.687929","3"
"2019","8","18","21","24","臺中市","大里區","0","0","0","6","","","40","","","","","","","","","","","","","","","5","","","","","B03","","","1","","2","","","6","5","1","11","","B03","24.087215","120.70444","3"
"2019","8","18","21","37","臺中市","北屯區","0","2","0","6","3","5","50","4","1","1","4","4","5","7","2","1","10","5","5","2","16","10","3","10","1","1","B03","7","11","1","8","2","4","","10","10","1","5","8","B03","24.168753","120.697421","2"
"2019","8","18","21","56","臺中市","西屯區","0","0","0","8","","","50","","","","","","","","","","","","","","","","","","","","B03","","","1","","2","","","23","","1","4","","B03","24.163705","120.647303","3"
"2019","8","18","22","0","臺中市","霧峰區","0","0","0","8","","","40","","","","","","","","","","","","","","","","","","","","B03","","","1","","2","","","18","","1","22","","B03","24.044073","120.687262","3"
"2019","8","18","22","20","臺中市","潭子區","0","0","0","6","","","60","","","","","","","","","","","","","","","","","","","","B03","","","1","","2","","","16","","1","","","B03","24.209801","120.70525","3"
"2019","8","18","22","26","臺中市","太平區","0","0","0","6","","","40","","","","","","","","","","","","","","","","","","","","B03","","","1","","2","","","17","","1","8","","B03","24.121213","120.716382","3"
"2019","8","18","22","31","臺中市","西區","0","3","0","6","3","5","50","4","2","1","4","4","5","7","4","4","5","4","5","2","13","16","2","9","1","1","C03","7","9","1","10","2","11","","16","16","1","9","9","C03","24.150513","120.661452","2"
"2019","8","18","22","37","臺中市","大雅區","0","1","0","6","3","5","50","3","2","1","4","4","5","7","1","1","5","5","4","1","13","16","3","10","1","1","B03","7","9","1","8","2","5","","16","16","1","22","8","B03","24.219242","120.640987","2"
"2019","8","18","22","39","臺中市","北屯區","0","1","0","6","3","5","50","4","1","1","4","4","5","7","1","1","5","4","5","2","16","6","3","10","1","1","B03","7","5","1","8","2","5","","6","6","1","22","8","B03","24.176125","120.724697","2"
"2019","8","18","22","46","臺中市","東區","0","0","0","6","","","40","","","","","","","","","","","","","","","43","","","","","","","","","","","","","43","43","","","","","24.135841","120.700931","3"
"2019","8","18","23","3","臺中市","西屯區","","","","6","","","50","","","","","","","","","","","","","","","","","","","","B03","","","1","","2","","","23","","1","22","","B03","24.199716","120.65686","3"
"2019","8","18","23","11","臺中市","北區","0","0","0","8","","","40","","","","","","","","","","","","","","","","3","","","","B03","","","1","","2","","","12","","","22","","B03","24.166464","120.677146","3"
"2019","8","18","23","41","臺中市","大里區","0","2","0","6","3","5","50","5","1","1","4","4","5","7","3","1","9","5","4","2","16","6","3","10","1","1","B03","7","9","1","8","2","2","","6","6","1","22","8","B03","24.093768","120.700581","2"
"2019","8","19","2","24","臺中市","北屯區","0","1","0","6","3","5","50","5","1","1","4","4","5","7","4","4","10","5","5","2","16","26","2","9","1","1","C03","7","6","1","10","2","11","","26","26","1","4","8","C03","24.1702","120.6904","2"
"2019","8","19","3","40","臺中市","東區","0","0","0","6","3","5","50","14","9","1","4","4","5","7","4","4","9","5","5","2","29","12","3","10","1","1","B03","7","2","1","8","11","3","","12","12","1","22","8","B03","24.127238","120.699286","3"
"2019","8","19","4","31","臺中市","東區","0","0","0","6","","","40","","","","","","","","","","","","","","","6","","","","","B03","","","1","8","2","","","6","6","1","","","B03","24.145281","120.699573","3"
"2019","8","19","6","25","臺中市","霧峰區","0","1","0","8","1","5","40","4","1","5","4","4","5","7","4","4","10","5","5","2","19","42","2","9","1","1","C03","7","9","4","8","2","11","","42","42","1","21","1","C03","24.062358","120.700793","2"
"2019","8","19","6","53","臺中市","東區","0","0","0","8","1","5","50","4","2","1","5","4","5","7","1","1","5","2","4","2","13","21","3","10","1","1","B03","7","9","1","8","5","1","","21","21","1","21","8","B03","24.142696","120.692765","3"
"2019","8","19","6","56","臺中市","南屯區","0","2","0","8","1","5","50","4","1","1","5","4","5","7","1","1","10","5","5","2","15","25","2","8","1","1","C03","7","9","1","10","2","11","","25","25","1","22","9","C03","24.149951","120.647771","2"
"2019","8","19","6","57","臺中市","潭子區","0","1","0","7","1","5","50","3","1","1","5","4","5","7","4","4","5","5","5","1","16","6","3","10","1","1","B03","7","5","1","8","2","15","","6","6","1","22","8","B03","24.204201","120.721606","2"
"2019","8","19","7","3","臺中市","西屯區","0","1","0","6","1","5","50","4","1","1","4","4","5","7","1","1","10","4","4","2","16","23","2","8","3","4","C03","7","9","1","10","2","11","","23","23","1","22","9","C03","24.177238","120.669273","2"
"2019","8","19","7","24","臺中市","北屯區","0","1","0","8","1","5","70","14","9","1","5","4","5","7","4","4","1","3","5","1","13","16","3","10","1","1","B12","7","9","1","8","2","1","3","16","16","1","5","8","B12","24.201177","120.683843","2"
"2019","8","19","7","28","臺中市","龍井區","0","0","0","","","","","","","","","","","","","","","","","","","","","","","","B03","","","1","","2","","","23","","1","22","","B03","24.17738","120.575625","3"
"2019","8","19","7","30","臺中市","東勢區","0","1","0","7","1","5","50","4","2","1","4","4","5","7","2","1","5","4","5","1","17","42","3","10","1","1","C03","7","9","1","10","2","12","","42","42","1","9","1","C03","24.251101","120.833781","2"
"2019","8","19","7","33","臺中市","大雅區","0","1","0","8","1","5","40","14","9","1","5","4","5","7","4","4","10","5","5","1","13","16","2","8","1","1","C03","7","9","1","10","2","11","","16","16","1","21","8","C03","24.228034","120.665204","2"
"2019","8","19","7","35","臺中市","西屯區","0","1","0","8","1","5","50","3","1","1","5","4","5","7","1","1","10","5","5","2","16","25","3","10","1","1","B03","7","9","1","8","2","5","","25","25","1","21","8","B03","24.182146","120.636043","2"
"2019","8","19","7","38","臺中市","神岡區","0","3","0","7","1","5","50","3","1","1","4","4","5","7","1","1","10","5","5","2","17","16","2","9","3","4","C03","7","9","1","10","2","11","","16","16","1","22","1","C03","24.279066","120.705511","2"
"2019","8","19","7","45","臺中市","北屯區","0","0","0","8","","","40","","","","","","","","","","","","","","","","","","","","C03","","","1","","2","","","6","","1","22","","C03","24.174852","120.669511","3"
"2019","8","19","7","49","臺中市","大雅區","0","0","0","8","","","50","","","","","","","","","","","","","","","","","","","","C03","","","1","","2","","","23","","1","22","","C03","24.212782","120.647133","3"
"2019","8","19","7","50","臺中市","大里區","0","2","0","8","1","5","40","3","1","1","5","4","5","7","4","4","10","5","5","2","16","6","2","8","1","1","C03","7","5","1","10","2","11","","6","6","1","21","8","C03","24.106425","120.697653","2"
"2019","8","19","7","50","臺中市","神岡區","0","0","0","8","","","50","","","","","","","","","","","","","","","","","","","","B03","","","1","","2","","","23","","1","21","","B03","24.258348","120.689416","3"
"2019","8","19","7","52","臺中市","神岡區","0","1","0","7","1","5","40","4","1","1","5","4","5","7","4","4","10","5","5","2","17","6","2","9","1","1","C03","7","9","1","10","2","12","","6","6","1","22","9","C03","24.247365","120.663453","2"
"2019","8","19","7","59","臺中市","太平區","0","0","0","8","","","50","","","","","","","","","","","","","","","","","","","","B03","","","1","","2","","","23","","1","","","B03","24.129423","120.735716","3"
"2019","8","19","8","0","臺中市","北屯區","0","0","0","8","","","50","","","","","","","","","","","","","","","","","","","","B03","","","1","","2","","","23","","1","4","","B03","24.180726","120.721763","3"
"2019","8","19","8","1","臺中市","大雅區","0","1","0","8","1","5","40","11","9","1","5","4","5","1","4","4","10","5","5","1","11","6","2","8","1","1","C03","7","5","3","18","2","11","","6","6","1","21","8","C03","24.214576","120.650437","2"