"年","月","日","時","分","縣市","區","死","受傷","2-30","天候","光線","道路類別","速限","道路型態","事故位置","路面鋪裝","路面狀態","路面缺陷","障礙物","視距","號誌種類","號誌動作","分向設施","快車道或一般車道間","快慢車道間","路面邊線","事故類型及型態","主要肇因","受傷程度","主要傷處","保護裝備","行動電話","當事者區分(類別)","車輛用途","當事者行動狀態","駕駛資格情形","駕駛執照種類","飲酒情形","車輛撞擊部位最初","車輛撞擊部位其他","肇事因素個別","肇事因素主要","肇事逃逸","職業","旅次目的","車種","GPS座標(緯度)","GPS座標(經度)","事故類別"
"2019","8","19","8","8","臺中市","烏日區","0","0","0","8","","","40","","","","","","","","","","","","","","","","","","","","B03","","","1","","2","","","23","","1","22","","B03","24.107874","120.622217","3"
"2019","8","19","8","10","臺中市","西區","0","0","0","8","","","40","","","","","","","","","","","","","","","","","","","","B03","","","1","","2","","","23","","1","21","","B03","24.139292","120.676455","3"
"2019","8","19","8","14","臺中市","西屯區","0","0","0","8","","","80","","","","","","","","","","","","","","","","","","","","B03","","","1","","2","","","7","","1","22","","B03","24.168885","120.629548","3"
"2019","8","19","8","15","臺中市","南屯區","0","0","0","8","","","50","","","","","","","","","","","","","","","","","","","","C03","","","1","","2","","","16","","1","","","C03","24.146029","120.61623","3"
"2019","8","19","8","20","臺中市","東區","0","1","0","8","1","5","50","4","1","1","5","4","5","7","4","4","10","5","5","2","15","6","3","10","1","1","B03","7","9","1","8","2","5","","6","6","1","22","8","B03","24.135641","120.703966","2"
"2019","8","19","8","20","臺中市","大雅區","0","1","0","8","1","5","40","4","1","1","5","4","5","7","4","4","10","5","5","1","15","6","3","10","1","1","B03","7","9","1","8","2","2","","6","6","1","22","9","B03","24.226521","120.661593","2"
"2019","8","19","8","22","臺中市","清水區","0","1","0","6","1","5","40","3","9","1","4","4","5","7","4","4","9","5","5","2","16","6","2","9","1","1","C03","7","5","1","10","2","12","","6","6","1","21","1","C03","24.264772","120.563063","2"
"2019","8","19","8","23","臺中市","大雅區","0","0","0","8","","","50","","","","","","","","","","","","","","","","","","","","B03","","","1","","2","","","16","","1","","","B03","24.214651","120.649567","3"
"2019","8","19","8","25","臺中市","大甲區","0","1","0","6","1","5","50","14","9","1","4","4","5","7","4","4","5","4","4","1","16","19","3","10","1","4","B03","7","1","1","8","2","4","","19","19","1","21","1","B03","24.34186","120.622859","2"
"2019","8","19","8","26","臺中市","北區","0","2","0","8","1","5","50","14","9","1","5","4","5","7","4","4","10","5","5","2","29","23","2","9","1","1","C03","7","9","1","10","2","11","","23","23","1","5","8","C03","24.16628","120.670539","2"
"2019","8","19","8","28","臺中市","東區","0","1","0","7","1","5","50","3","2","1","5","4","5","7","4","4","10","5","5","2","17","6","3","10","1","1","C03","7","9","1","10","2","11","","23","6","1","5","8","C03","24.130455","120.690173","2"
"2019","8","19","8","31","臺中市","烏日區","1","0","0","8","1","5","50","14","8","1","5","4","5","7","4","4","4","3","4","1","17","19","3","10","1","1","G03","7","1","1","1","2","1","","19","19","1","21","8","G03","24.074509","120.64287","1"
"2019","8","19","8","37","臺中市","大里區","0","1","0","8","1","5","50","3","2","1","5","4","5","7","4","4","5","2","5","1","16","27","3","10","1","1","B03","7","5","1","8","2","8","","27","27","1","22","9","B03","24.109294","120.692317","2"
"2019","8","19","8","39","臺中市","北區","0","0","0","8","","","50","","","","","","","","","","","","","","","","","","","","B12","","","1","","2","","","23","","1","22","","B12","24.1635","120.6857","3"
"2019","8","19","8","40","臺中市","南屯區","0","2","0","7","1","5","50","4","1","1","5","4","5","7","4","4","10","5","5","2","15","6","2","3","1","1","B03","7","9","1","8","2","2","","6","6","1","22","8","B03","24.143071","120.625328","2"
"2019","8","19","8","42","臺中市","西屯區","0","0","0","8","","","40","","","","","","","","","","","","","","","","","","","","B03","","","1","","2","","","18","","1","","","B03","24.163202","120.634008","3"
"2019","8","19","8","46","臺中市","北屯區","0","2","0","8","1","5","40","11","9","1","5","4","5","4","4","4","10","5","5","2","10","5","2","9","1","1","C03","7","9","1","10","2","11","12","5","5","1","5","8","C03","24.178537","120.736991","2"
"2019","8","19","8","49","臺中市","西屯區","0","0","0","6","","","50","","","","","","","","","","","","","","","","","","","","B03","","","1","","2","","","16","","1","","","B03","24.179501","120.625033","3"
"2019","8","19","8","58","臺中市","北區","0","2","0","7","1","5","50","3","1","1","5","4","5","7","4","4","10","5","5","2","13","16","2","9","1","1","C03","7","5","1","10","2","11","","16","16","1","22","8","C03","24.16029","120.683306","2"
"2019","8","19","8","58","臺中市","太平區","0","0","0","8","","","40","","","","","","","","","","","","","","","","","","","","B03","","","1","","2","","","12","","1","5","","B03","24.137377","120.724284","3"
"2019","8","19","8","59","臺中市","西區","0","1","0","8","1","5","50","4","1","1","5","4","5","7","4","4","10","5","5","2","17","23","3","10","1","1","B03","7","5","1","8","2","1","","23","23","1","5","5","B03","24.142073","120.665014","2"
"2019","8","19","9","0","臺中市","南區","0","1","0","8","1","5","40","3","1","1","5","4","5","7","4","4","10","5","5","2","16","6","3","10","1","1","B03","7","5","1","8","2","5","","6","6","1","5","8","B03","24.114982","120.668274","2"
"2019","8","19","9","9","臺中市","北區","0","1","0","8","1","5","50","14","8","1","5","4","5","7","4","4","1","4","4","2","13","23","3","10","1","1","C03","7","9","1","8","2","11","","23","23","1","5","8","C03","24.163932","120.674078","2"
"2019","8","19","9","9","臺中市","烏日區","0","1","0","7","1","5","50","3","1","1","5","4","5","7","4","4","10","5","5","2","17","12","3","10","1","1","B03","7","2","1","8","2","3","","12","12","1","21","1","B03","24.108173","120.598313","2"
"2019","8","19","9","10","臺中市","清水區","0","1","0","7","1","5","50","5","1","1","5","4","5","7","4","4","5","4","5","1","15","6","3","10","1","1","B12","7","9","1","8","2","6","","6","6","1","21","8","B12","24.274843","120.576068","2"
"2019","8","19","9","17","臺中市","西區","0","1","0","8","1","5","50","4","1","1","5","4","5","7","1","1","10","5","5","2","13","23","2","9","1","1","C03","7","9","1","10","2","11","","23","23","1","21","8","C03","24.141137","120.66656","2"
"2019","8","19","9","20","臺中市","西區","0","2","0","6","1","5","40","4","2","1","4","4","5","7","1","1","10","5","5","2","17","16","2","9","3","4","C03","7","9","1","10","2","13","","16","16","1","21","8","C03","24.137223","120.665792","2"
"2019","8","19","9","23","臺中市","霧峰區","0","0","0","8","","","50","","","","","","","","","","","","","","","","","","","","B12","","","1","","2","","","42","","1","21","","B12","24.07607","120.714538","3"
"2019","8","19","9","27","臺中市","豐原區","0","0","0","8","","","40","","","","","","","","","","","","","","","","","","","","B03","","","1","","2","","","23","","1","22","","B03","24.251132","120.741518","3"
"2019","8","19","9","31","臺中市","清水區","0","0","0","6","","","40","","","","","","","","","","","","","","","","","","","","B03","","","1","","2","","","23","","1","21","","B03","24.272961","120.577011","3"
"2019","8","19","9","44","臺中市","北區","0","1","0","8","1","5","50","4","1","1","5","4","5","7","4","4","10","5","5","2","16","26","2","9","1","1","C03","7","9","1","10","2","11","","26","26","1","22","8","C03","24.1627","120.6866","2"
"2019","8","19","10","10","臺中市","東區","0","0","0","8","","","50","","","","","","","","","","","","","","","","","","","","B03","","","1","","2","","","26","","1","22","","B03","24.13271","120.692841","3"
"2019","8","19","10","10","臺中市","南屯區","0","1","0","8","1","5","50","4","1","1","5","4","5","7","2","1","10","5","5","2","16","6","3","10","3","4","B03","7","6","1","8","2","5","","6","6","1","22","9","B03","24.148795","120.646736","2"
"2019","8","19","10","10","臺中市","清水區","0","1","0","7","1","5","40","11","9","1","5","4","5","7","4","4","10","5","5","1","10","19","3","10","1","1","B03","7","1","1","8","2","1","","19","19","1","21","8","B03","24.267976","120.600056","2"
"2019","8","19","10","18","臺中市","烏日區","0","0","0","8","","","60","","","","","","","","","","","","","","","","","","","","B03","","","1","","2","","","23","","1","22","","B03","24.106668","120.614283","3"
"2019","8","19","10","19","臺中市","后里區","0","0","0","8","","","60","","","","","","","","","","","","","","","","","","","","B03","","","1","","2","","","17","","1","22","","B03","24.30725","120.721805","3"
"2019","8","19","10","24","臺中市","北屯區","0","1","0","8","1","5","50","14","7","1","5","4","5","7","4","4","1","4","4","2","12","7","2","9","1","1","C03","7","7","1","10","2","14","","7","7","1","21","8","C03","24.186722","120.663535","2"
"2019","8","19","10","28","臺中市","北屯區","0","0","0","8","","","50","","","","","","","","","","","","","","","43","","","","","B03","","","1","","2","","","43","43","2","21","","B03","24.181594","120.688538","3"
"2019","8","19","10","34","臺中市","豐原區","0","0","0","8","","","50","","","","","","","","","","","","","","","","","","","","A12","","","1","","2","","","19","","","10","","A12","24.242192","120.719514","3"
"2019","8","19","10","35","臺中市","神岡區","0","1","0","8","1","5","50","14","9","1","5","4","5","7","4","4","9","5","5","2","3","53","2","9","4","5","H01","8","16","8","20","10","16","","53","53","1","22","9","H01","24.267481","120.700103","2"
"2019","8","19","10","41","臺中市","后里區","0","2","0","8","1","5","50","3","2","1","5","4","5","7","4","4","5","4","4","1","16","19","2","9","1","1","C03","7","1","3","18","2","14","","19","19","1","19","8","C03","24.303236","120.714583","2"
"2019","8","19","10","43","臺中市","中區","1","0","0","8","1","5","50","4","1","1","5","4","5","7","1","1","10","5","5","2","15","25","1","9","3","4","C04","7","9","1","8","2","11","","25","25","1","20","8","C04","24.145563","120.679155","1"
"2019","8","19","10","45","臺中市","梧棲區","0","2","0","7","1","5","50","14","7","1","5","4","5","7","4","4","4","4","4","2","16","7","2","9","1","1","C03","7","7","1","10","2","14","","7","7","1","20","8","C03","24.254285","120.530303","2"
"2019","8","19","10","52","臺中市","豐原區","0","0","0","8","","","60","","","","","","","","","","","","","","","42","","","","","A12","","","1","","2","","","17","42","1","22","","A12","24.246606","120.703128","3"
"2019","8","19","11","12","臺中市","潭子區","0","1","0","8","1","5","60","5","1","1","5","4","5","7","1","1","10","5","4","2","12","6","3","10","1","1","B03","7","6","1","8","2","5","","6","6","1","21","8","B03","24.200686","120.703288","2"
"2019","8","19","11","18","臺中市","南區","0","1","0","8","1","5","50","14","7","1","3","4","1","7","4","4","5","5","4","2","12","26","3","10","1","1","B12","7","8","1","6","2","2","","26","26","1","5","8","B12","24.131983","120.679055","2"
"2019","8","19","11","29","臺中市","西屯區","0","0","0","8","","","40","","","","","","","","","","","","","","","","","","","","B03","","","1","","2","","","12","","1","","","B03","24.200853","120.64631","3"
"2019","8","19","11","30","臺中市","沙鹿區","0","0","0","8","","","40","","","","","","","","","","","","","","","","","","","","C03","","","1","","2","","","17","","1","5","","C03","24.240203","120.602071","3"
"2019","8","19","11","30","臺中市","大甲區","0","1","0","8","1","5","50","4","1","1","5","4","5","7","4","4","10","5","5","2","16","6","3","10","1","1","B03","7","5","1","8","2","8","","6","6","1","5","4","B03","24.403228","120.648434","2"
"2019","8","19","11","50","臺中市","豐原區","0","0","0","8","","","40","","","","","","","","","","","","","","","","","","","","B12","","","1","","2","","","12","","","12","","B12","24.224245","120.722415","3"
"2019","8","19","11","52","臺中市","梧棲區","0","0","0","8","","","50","","","","","","","","","","","","","","","","","","","","B03","","","1","","2","","","6","","1","","","B03","24.252123","120.527983","3"
"2019","8","19","11","56","臺中市","西區","0","1","0","8","1","5","50","3","1","1","5","4","5","7","1","1","10","5","5","2","16","6","3","10","3","4","B03","7","6","1","8","2","5","","6","6","1","21","8","B03","24.141233","120.661659","2"
"2019","8","19","12","0","臺中市","北區","0","1","0","8","1","5","50","5","1","1","5","4","5","7","1","1","10","5","5","2","16","6","3","10","1","1","B03","7","5","1","8","2","5","","6","6","1","22","8","B03","24.155742","120.675137","2"
"2019","8","19","12","0","臺中市","大甲區","0","0","0","","","","","","","","","","","","","","","","","","","","","","","","B03","","","1","","10","","","44","","1","22","","B03","","","3"
"2019","8","19","12","9","臺中市","北區","0","1","0","8","1","5","50","4","1","1","5","4","5","7","1","1","10","5","5","2","16","6","3","10","1","1","B03","7","6","1","8","2","2","","6","6","1","5","8","B03","24.155643","120.694441","2"
"2019","8","19","12","20","臺中市","北屯區","0","1","0","8","1","5","50","14","9","1","5","4","5","7","4","4","5","5","5","1","17","17","3","10","3","4","B03","7","15","1","8","2","2","","17","17","1","21","8","B03","24.203654","120.674346","2"
"2019","8","19","12","25","臺中市","北區","0","1","0","8","1","5","50","3","1","1","5","4","5","7","4","4","10","5","5","2","18","23","2","9","1","1","C03","7","9","1","10","2","14","","23","23","1","22","8","C03","24.149204","120.686116","2"
"2019","8","19","12","36","臺中市","西區","0","1","0","8","1","5","50","3","1","1","5","4","5","7","4","4","10","5","5","2","16","10","3","10","1","1","B03","7","11","1","8","2","5","","10","10","1","22","9","B03","24.152408","120.670273","2"
"2019","8","19","12","57","臺中市","西屯區","0","0","0","8","","","50","","","","","","","","","","","","","","","","","","","","A31","","","1","","2","","","12","","1","","","A31","24.163319","120.651018","3"
"2019","8","19","13","26","臺中市","西屯區","0","1","0","7","1","5","40","4","1","1","5","4","5","7","4","4","10","5","5","2","15","6","2","9","3","4","C03","7","9","1","10","2","11","","6","6","1","22","8","C03","24.176334","120.642749","2"
"2019","8","19","13","29","臺中市","東區","0","1","0","8","1","5","50","14","7","1","5","4","5","7","4","4","5","4","4","2","16","42","2","7","1","1","C03","7","9","1","10","2","14","","42","42","1","22","8","C03","24.142806","120.692627","2"
"2019","8","19","13","39","臺中市","龍井區","0","0","0","8","","","50","","","","","","","","","","","","","","","","","","","","B03","","","1","","2","","","23","","1","12","","B03","24.218474","120.542641","3"
"2019","8","19","13","45","臺中市","西屯區","0","1","0","8","1","5","50","14","9","1","5","4","5","7","4","4","1","5","5","2","16","7","2","9","1","1","C03","7","7","1","10","2","11","","7","7","1","22","8","C03","24.200782","120.657088","2"
"2019","8","19","13","52","臺中市","西區","0","1","0","7","1","5","50","4","1","1","4","4","5","7","4","4","10","5","5","2","16","42","3","10","1","1","B12","7","5","1","8","2","7","","42","42","1","21","8","B12","24.155468","120.659804","2"
"2019","8","19","13","56","臺中市","北區","0","0","0","6","","","50","","","","","","","","","","","","","","","","","","","","B03","","","1","","2","","","23","","1","5","","B03","24.1604","120.6842","3"
"2019","8","19","13","58","臺中市","北屯區","0","1","0","8","1","5","50","4","1","1","5","4","5","7","1","1","10","5","5","2","16","6","3","10","1","1","B03","7","6","1","8","2","5","","6","6","1","4","8","B03","24.191445","120.66041","2"
"2019","8","19","14","10","臺中市","烏日區","0","0","0","8","","","40","","","","","","","","","","","","","","","","","","","","B12","","","1","","2","","","6","","1","22","","B12","24.066928","120.64875","3"
"2019","8","19","14","12","臺中市","北區","0","0","0","8","","","50","","","","","","","","","","","","","","","","","","","","B03","","","1","","2","","","6","","1","5","","B03","24.155362","120.68593","3"
"2019","8","19","14","24","臺中市","太平區","0","1","0","8","1","5","50","4","1","1","5","4","5","7","1","1","10","5","5","2","12","43","3","10","1","1","B12","7","9","1","4","2","2","","43","43","1","5","8","B12","24.138346","120.715085","2"
"2019","8","19","14","41","臺中市","西屯區","0","0","0","8","","","70","","","","","","","","","","","","","","","","","","","","B03","","","1","","2","","","16","","1","","","B03","24.200853","120.64631","3"
"2019","8","19","14","45","臺中市","大里區","0","0","0","6","","","50","","","","","","","","","","","","","","","","","","","","B03","","","1","","2","","","16","","1","","","B03","24.095255","120.683931","3"
"2019","8","19","14","46","臺中市","烏日區","0","1","0","7","1","5","50","14","9","1","5","4","5","7","1","1","5","2","5","1","13","19","3","10","1","1","A11","7","1","1","2","2","1","","19","19","1","21","8","A11","24.092486","120.647856","2"
"2019","8","19","14","50","臺中市","石岡區","0","0","0","6","","","50","","","","","","","","","","","","","","","","","","","","A11","","","1","","2","","","12","","1","22","","A11","24.277065","120.762482","3"
"2019","8","19","14","53","臺中市","西屯區","0","0","0","8","","","50","","","","","","","","","","","","","","","","","","","","B03","","","1","","2","","","23","","1","21","","B03","24.172311","120.663883","3"
"2019","8","19","14","56","臺中市","西區","0","0","0","8","","","50","","","","","","","","","","","","","","","","3","","","","B03","","","1","","2","","","23","","","21","","B03","24.157742","120.658482","4"
"2019","8","19","14","57","臺中市","北屯區","0","1","0","7","1","5","40","14","8","1","4","4","5","7","4","4","1","4","4","2","18","23","2","9","3","4","C03","7","9","1","10","2","15","","23","23","1","21","8","C03","24.175656","120.670658","2"
"2019","8","19","15","0","臺中市","大雅區","0","0","0","8","","","50","","","","","","","","","","","","","","","","","","","","B03","","","1","","2","","","7","","1","22","","B03","24.225529","120.645354","4"
"2019","8","19","15","4","臺中市","北區","0","0","0","8","","","50","","","","","","","","","","","","","","","","","","","","B03","","","1","","2","","","6","","1","","","B03","24.158401","120.695157","3"
"2019","8","19","15","10","臺中市","北區","0","0","0","8","","","30","","","","","","","","","","","","","","","","","","","","B03","","","1","","1","","","23","","1","5","","B03","24.14971","120.6848","3"
"2019","8","19","15","15","臺中市","后里區","0","1","0","6","1","5","40","3","1","1","4","4","5","7","4","4","10","5","5","2","16","6","3","10","1","1","C03","7","5","1","10","2","11","","6","6","1","4","5","C03","24.315938","120.719305","2"
"2019","8","19","15","20","臺中市","后里區","0","0","0","6","","","","","","","","","","","","","","","","","","","","","","","B03","","","1","","2","","","12","","1","22","","B03","24.305215","120.710033","3"
"2019","8","19","15","33","臺中市","霧峰區","0","2","0","6","1","5","30","3","1","1","4","4","5","7","4","4","10","5","5","1","16","6","2","9","4","1","F01","7","5","8","20","2","16","","6","6","1","4","8","F01","24.079908","120.714754","2"
"2019","8","19","15","37","臺中市","豐原區","0","0","0","6","","","50","","","","","","","","","","","","","","","","","","","","B03","","","1","","2","","","16","","1","22","","B03","24.250492","120.707154","3"
"2019","8","19","15","45","臺中市","太平區","0","1","0","7","1","5","50","14","9","1","4","4","5","7","2","1","5","5","5","1","17","1","2","8","1","1","C03","7","4","1","8","2","13","","1","1","1","5","8","C03","24.139751","120.71496","2"
"2019","8","19","15","46","臺中市","西屯區","0","0","0","8","","","50","","","","","","","","","","","","","","","","","","","","B12","","","1","","2","","","40","","1","","","B12","24.163391","120.645785","3"
"2019","8","19","15","53","臺中市","西屯區","0","0","0","6","1","5","50","4","1","1","4","4","5","7","1","1","10","5","5","2","16","23","3","10","3","4","B03","7","9","1","8","2","7","","23","23","1","22","9","B03","24.185392","120.640129","3"
"2019","8","19","15","58","臺中市","西區","0","1","0","7","1","5","50","14","9","1","4","4","5","7","4","4","4","4","5","2","18","42","2","9","1","1","C03","7","9","1","10","2","12","","42","42","1","22","9","C03","24.142238","120.66177","2"
"2019","8","19","15","59","臺中市","清水區","0","1","0","6","1","5","40","3","1","1","4","4","5","7","4","4","10","5","5","2","17","6","3","10","1","1","B03","7","5","1","8","2","15","","6","6","1","5","8","B03","24.282925","120.573106","2"
"2019","8","19","16","0","臺中市","西屯區","0","0","0","8","","","40","","","","","","","","","","","","","","","","","","","","B03","","","1","","2","","","12","","1","22","","B03","24.180333","120.63899","3"
"2019","8","19","16","0","臺中市","潭子區","0","1","0","6","1","5","60","4","1","1","4","4","5","7","1","1","1","4","5","1","16","6","3","10","1","1","C03","7","6","1","10","2","12","","6","6","1","18","8","C03","24.200883","120.703386","2"
"2019","8","19","16","6","臺中市","烏日區","0","1","0","8","1","5","40","4","1","1","5","4","5","7","4","4","10","5","5","2","16","6","3","10","1","1","B03","7","6","1","8","2","8","","6","6","1","21","1","B03","24.099375","120.640506","2"
"2019","8","19","16","15","臺中市","大里區","0","1","0","6","2","5","50","14","9","1","4","4","1","7","4","4","10","5","5","2","18","23","2","8","1","1","C03","7","11","1","10","2","14","","23","23","1","5","8","C03","24.087326","120.702105","2"
"2019","8","19","16","15","臺中市","大雅區","0","0","0","6","","","50","","","","","","","","","","","","","","","","","","","","B03","","","1","","2","","","12","","1","22","","B03","24.221778","120.648256","3"
"2019","8","19","16","20","臺中市","北區","0","1","0","7","1","5","50","4","1","1","5","4","5","7","1","1","10","5","5","2","16","6","3","10","1","1","B02","7","6","1","8","2","5","","6","6","1","22","9","B02","24.168484","120.679931","2"
"2019","8","19","16","20","臺中市","神岡區","0","0","0","6","1","","50","","","","","","","","","","","","","","","16","","","","","B03","","","1","","2","","","16","16","1","22","","B03","24.246741","120.685466","3"
"2019","8","19","16","40","臺中市","大里區","0","0","0","8","","","40","","","","","","","","","","","","","","","","","","","","B03","","","1","","2","","","6","","1","5","","B03","24.085108","120.71214","3"
"2019","8","19","16","40","臺中市","梧棲區","0","0","0","6","","","70","","","","","","","","","","","","","","","","","","","","B03","","","1","","2","","","6","","1","","","B03","24.258167","120.526706","3"
"2019","8","19","16","43","臺中市","西區","0","0","0","8","","","50","","","","","","","","","","","","","","","","3","","","","B03","","","1","","2","","","12","","","21","","B03","24.135136","120.656222","3"
"2019","8","19","16","44","臺中市","西區","0","1","0","7","1","5","50","5","1","1","5","4","5","7","1","1","5","2","4","2","16","26","3","10","1","1","B12","7","6","1","8","2","6","","26","26","1","22","8","B12","24.132126","120.668799","2"
"2019","8","19","16","44","臺中市","北區","0","1","0","8","1","5","50","14","9","1","5","4","5","7","1","1","9","2","5","2","13","16","3","10","1","1","B03","7","9","1","8","2","1","","16","16","1","5","8","B03","24.1532","120.6986","2"
"2019","8","19","16","51","臺中市","潭子區","0","0","0","6","","","40","","","","","","","","","","","","","","","","","","","","B03","","","1","","2","","","16","","","21","","B03","24.211766","120.690113","3"
"2019","8","19","16","58","臺中市","潭子區","0","0","0","8","","","40","","","","","","","","","","","","","","","42","","","","","","","","8","","10","","","67","42","1","","","","24.193378","120.723028","3"
"2019","8","19","17","9","臺中市","潭子區","0","0","0","6","","","50","","","","","","","","","","","","","","","","","","","","B03","","","1","","2","","","26","","","21","","B03","24.210308","120.709753","3"
"2019","8","19","17","10","臺中市","太平區","0","0","0","6","","","50","","","","","","","","","","","","","","","","","","","","A12","","","1","","2","","","43","","1","23","","A12","24.130619","120.72414","3"
"2019","8","19","17","13","臺中市","大雅區","0","2","0","6","1","5","40","4","2","1","4","4","5","7","3","1","10","5","5","2","16","6","2","9","1","5","F02","7","9","8","20","2","16","","6","6","1","22","8","F02","24.239478","120.667207","2"
"2019","8","19","17","14","臺中市","烏日區","0","0","0","8","","","50","","","","","","","","","","","","","","","","","","","","B12","","","1","","3","","","12","","1","22","","B12","24.116535","120.614972","3"
"2019","8","19","17","20","臺中市","西區","0","1","0","6","1","5","40","4","1","1","4","4","5","7","1","1","10","5","5","2","16","6","3","10","1","1","B03","7","6","1","8","2","5","","6","6","1","22","9","B03","24.131463","120.667648","2"
"2019","8","19","17","24","臺中市","豐原區","0","0","0","6","","","50","","","","","","","","","","","","","","","","","","","","B03","","","1","","2","","","26","","1","4","","B03","24.277925","120.722266","3"
"2019","8","19","17","27","臺中市","南屯區","0","0","0","6","","","50","","","","","","","","","","","","","","","","","","","","B03","","","1","","2","","","23","","1","22","","B03","24.153632","120.645828","3"
"2019","8","19","17","27","臺中市","潭子區","0","2","0","6","1","5","80","14","9","1","4","4","5","7","4","4","9","4","4","1","13","16","3","10","1","1","B12","7","9","1","8","2","1","","16","16","1","10","3","B12","24.2009","120.701083","2"
"2019","8","19","17","29","臺中市","清水區","0","0","0","6","","","50","","","","","","","","","","","","","","","","","","","","B03","","","1","","2","","","23","","1","12","","B03","24.279506","120.564564","3"
"2019","8","19","17","30","臺中市","西屯區","0","0","0","6","","","40","","","","","","","","","","","","","","","","","","","","B03","","","1","","11","","","17","","2","22","","B03","24.189183","120.618393","3"
"2019","8","19","17","30","臺中市","烏日區","0","1","0","7","1","5","40","4","1","1","4","4","5","7","4","4","10","5","5","2","16","6","3","10","1","1","B03","7","5","1","8","2","8","","6","6","1","21","8","B03","24.080708","120.644378","2"
"2019","8","19","17","30","臺中市","大甲區","0","1","0","6","1","5","50","3","1","1","4","4","5","7","4","4","10","5","5","2","16","6","3","10","1","1","B03","7","6","1","7","2","2","","6","6","1","9","8","B03","24.344132","120.626108","2"
"2019","8","19","17","33","臺中市","西屯區","0","0","0","8","","","40","","","","","","","","","","","","","","","","","","","","B03","","","1","","2","","","16","","1","22","","B03","24.162696","120.628531","3"
"2019","8","19","17","35","臺中市","北屯區","0","0","0","6","","","50","","","","","","","","","","","","","","","","","","","","B03","","","1","","2","","","23","","1","","","B03","24.175519","120.689765","3"
"2019","8","19","17","36","臺中市","北屯區","0","1","0","6","1","5","50","14","7","1","4","4","5","7","4","4","5","5","4","2","17","43","3","10","3","4","B03","7","15","1","8","2","15","","43","43","1","21","8","B03","24.168631","120.68638","2"
"2019","8","19","17","39","臺中市","新社區","0","0","0","6","","","50","","","","","","","","","","","","","","","","","","","","B03","","","1","","2","","","9","","1","22","","B03","24.19284","120.813408","3"
"2019","8","19","17","40","臺中市","神岡區","0","0","0","6","","","40","","","","","","","","","","","","","","","","","","","","B03","","","1","","1","","","6","","1","21","","B03","24.254944","120.687759","3"
"2019","8","19","17","48","臺中市","南區","0","0","0","6","","","50","","","","","","","","","","","","","","","","3","","","","B03","","","1","","2","","","23","","1","21","","B03","24.119581","120.651171","3"
"2019","8","19","17","50","臺中市","梧棲區","0","1","0","8","1","5","50","4","2","1","4","4","5","6","4","4","10","4","5","2","13","23","2","9","1","1","C03","7","9","1","10","2","11","","23","23","1","9","1","C03","24.246147","120.535596","2"
"2019","8","19","17","53","臺中市","太平區","0","1","0","6","3","5","50","3","1","1","4","4","5","7","4","4","5","5","5","2","16","26","3","10","1","1","B12","7","5","1","8","2","8","","26","26","1","5","1","B12","24.149187","120.721267","2"
"2019","8","19","17","54","臺中市","大里區","0","3","0","6","3","5","80","14","8","1","4","4","5","7","4","4","1","4","5","1","13","16","2","2","1","1","B12","7","9","1","8","2","1","","16","16","1","12","8","B12","24.098648","120.68864","2"
"2019","8","19","17","55","臺中市","梧棲區","0","0","0","6","","","60","","","","","","","","","","","","","","","","","","","","B03","","","1","","2","","","23","","1","2","","B03","24.245532","120.548142","3"
"2019","8","19","17","56","臺中市","大雅區","0","1","0","6","3","5","50","14","8","1","4","4","5","7","1","1","1","4","4","1","12","1","3","10","1","1","C03","7","4","1","10","2","12","","1","1","1","22","8","C03","24.229928","120.641643","2"
"2019","8","19","18","0","臺中市","后里區","0","0","0","6","","","40","","","","","","","","","","","","","","","","","","","","B03","","","1","","2","","","12","","1","4","","B03","24.304618","120.719646","4"
"2019","8","19","18","0","臺中市","大雅區","0","0","0","6","","","50","","","","","","","","","","","","","","","","","","","","B03","","","1","","2","","","40","","1","22","","B03","24.24175","120.629223","4"
"2019","8","19","18","7","臺中市","西屯區","0","0","0","8","","","50","","","","","","","","","","","","","","","","","","","","B03","","","1","","2","","","23","","1","4","","B03","24.179891","120.645066","3"
"2019","8","19","18","10","臺中市","太平區","0","0","0","6","","","50","","","","","","","","","","","","","","","","","","","","B03","","","1","","2","","","26","","1","22","","B03","24.133716","120.721212","3"
"2019","8","19","18","10","臺中市","大安區","0","1","0","6","3","5","50","4","1","1","4","4","5","7","3","1","10","5","5","2","17","19","3","10","1","1","B03","7","1","1","8","2","8","","19","19","1","9","8","B03","24.345741","120.587016","2"
"2019","8","19","18","16","臺中市","大甲區","0","0","0","6","","","50","","","","","","","","","","","","","","","","","","","","B03","","","1","","2","","","6","","1","22","","B03","24.347213","120.619985","3"
"2019","8","19","18","18","臺中市","豐原區","0","0","0","","","","","","","","","","","","","","","","","","","","","","","","B03","","","1","","2","","","23","","1","4","","B03","24.236505","120.722465","3"
"2019","8","19","18","25","臺中市","西屯區","0","1","0","8","3","5","40","14","9","1","4","4","5","7","4","4","10","5","5","2","29","43","2","9","1","1","C03","7","9","1","10","2","11","","43","43","1","22","8","C03","24.174076","120.637584","2"
"2019","8","19","18","30","臺中市","南區","0","1","0","8","3","5","50","14","9","1","5","4","5","7","4","4","1","5","5","2","13","23","2","8","1","1","C03","7","9","1","10","2","11","","23","23","1","4","8","C03","24.119611","120.648521","2"