"年","月","日","時","分","縣市","區","死","受傷","2-30","天候","光線","道路類別","速限","道路型態","事故位置","路面鋪裝","路面狀態","路面缺陷","障礙物","視距","號誌種類","號誌動作","分向設施","快車道或一般車道間","快慢車道間","路面邊線","事故類型及型態","主要肇因","受傷程度","主要傷處","保護裝備","行動電話","當事者區分(類別)","車輛用途","當事者行動狀態","駕駛資格情形","駕駛執照種類","飲酒情形","車輛撞擊部位最初","車輛撞擊部位其他","肇事因素個別","肇事因素主要","肇事逃逸","職業","旅次目的","車種","GPS座標(緯度)","GPS座標(經度)","事故類別"
"2019","8","19","18","30","臺中市","豐原區","0","0","0","","","","","","","","","","","","","","","","","","","","","","","","B12","","","1","","2","","","10","","","","","B12","24.239644","120.722251","3"
"2019","8","19","18","32","臺中市","南區","0","0","0","8","","","50","","","","","","","","","","","","","","","23","","","","","B03","","","1","","2","","","23","23","1","5","","B03","24.118843","120.679376","3"
"2019","8","19","18","49","臺中市","西屯區","0","0","0","8","","","50","","","","","","","","","","","","","","","","","","","","B03","","","1","","2","","","42","","1","22","","B03","24.183408","120.614515","3"
"2019","8","19","18","50","臺中市","南區","0","0","0","","","","","","","","","","","","","","","","","","","","","","","","B03","","","1","","2","","","23","","1","","","B03","24.130057","120.683013","3"
"2019","8","19","19","0","臺中市","東區","1","1","0","6","3","5","50","3","1","1","4","4","5","7","1","1","10","5","5","2","23","23","2","1","1","1","B03","7","9","1","8","2","1","","23","23","1","4","8","B03","24.146765","120.97753","1"
"2019","8","19","19","0","臺中市","神岡區","0","0","0","6","","","50","","","","","","","","","","","","","","","","","","","","B03","","","1","","2","","","12","","1","21","","B03","24.25721","120.668893","3"
"2019","8","19","19","2","臺中市","豐原區","0","0","0","6","","","50","","","","","","","","","","","","","","","23","","","","","B03","","","1","","2","","","23","23","1","4","","B03","24.24052","120.704928","3"
"2019","8","19","19","5","臺中市","東區","0","0","0","6","","","50","","","","","","","","","","","","","","","","3","","","","A02","","","1","","2","","","23","","","21","","A02","24.143444","120.694273","3"
"2019","8","19","19","10","臺中市","大甲區","0","1","0","7","3","5","50","4","1","1","4","4","5","7","4","4","10","5","5","2","15","6","2","7","1","1","C03","7","9","1","10","2","12","","6","6","1","12","8","C03","24.346121","120.621099","2"
"2019","8","19","19","12","臺中市","北區","0","1","0","7","3","5","50","5","1","1","4","4","5","7","1","1","10","5","5","2","17","26","3","10","1","1","B03","7","9","1","1","2","2","","26","26","1","22","9","B03","24.144582","120.679608","2"
"2019","8","19","19","17","臺中市","北區","0","0","0","8","","","50","","","","","","","","","","","","","","","","","","","","B03","","","1","","2","","","1","","1","5","","B03","24.1558","120.67923","3"
"2019","8","19","19","30","臺中市","西區","0","1","0","7","3","5","50","4","1","1","5","3","5","7","4","4","10","5","5","2","18","42","2","9","1","1","C03","7","9","1","10","1","11","","42","42","1","21","4","C03","24.151589","120.672459","2"
"2019","8","19","19","32","臺中市","西區","0","1","0","7","3","5","40","14","8","1","4","4","5","7","4","4","1","4","4","2","17","16","2","9","1","1","C03","7","9","1","10","2","11","","16","16","1","22","9","C03","24.138285","120.657233","2"
"2019","8","19","19","35","臺中市","潭子區","0","0","0","6","","","50","","","","","","","","","","","","","","","","","","","","B12","","","1","","2","","","12","","1","21","","B12","24.218163","120.692756","3"
"2019","8","19","19","36","臺中市","北屯區","0","2","0","8","3","5","50","3","1","1","5","4","5","7","4","4","10","5","5","2","16","42","2","9","4","5","F01","7","9","8","20","6","16","","42","42","1","21","8","F01","24.180636","120.694998","2"
"2019","8","19","19","40","臺中市","北屯區","0","0","0","8","","","80","","","","","","","","","","","","","","","7","","","","","B03","","","1","","2","","","7","7","1","","","B03","24.170475","120.720823","3"
"2019","8","19","19","41","臺中市","潭子區","0","0","0","6","","","60","","","","","","","","","","","","","","","","","","","","B03","","","1","","2","","","23","","","21","","B03","24.200411","120.712243","3"
"2019","8","19","19","47","臺中市","龍井區","0","0","0","","","","","","","","","","","","","","","","","","","","","","","","B03","","","1","","2","","","16","","1","","","B03","24.180957","120.590376","3"
"2019","8","19","19","51","臺中市","豐原區","0","1","0","7","1","5","50","14","7","1","5","4","5","7","1","1","3","4","4","1","13","","","","","","B12","","","1","","2","","","23","","1","22","","B12","24.264403","120.725356","3"
"2019","8","19","19","53","臺中市","太平區","0","1","0","7","3","5","50","4","1","1","4","4","5","7","3","1","10","5","5","2","18","23","2","9","3","4","C03","7","9","1","10","2","14","","23","23","1","9","8","C03","24.142236","120.723097","2"
"2019","8","19","20","4","臺中市","外埔區","0","0","0","6","3","5","50","3","1","1","4","4","5","7","4","4","5","5","5","1","17","21","3","10","1","1","B03","7","5","1","8","6","8","","21","21","1","21","8","B03","24.344765","120.683835","3"
"2019","8","19","20","21","臺中市","清水區","0","0","0","8","","","50","","","","","","","","","","","","","","","","","","","","B03","","","1","","2","","","12","","1","12","","B03","24.273565","120.578486","3"
"2019","8","19","20","27","臺中市","北區","0","0","0","8","","","50","","","","","","","","","","","","","","","","","","","","B03","","","1","","2","","","12","","1","5","","B03","24.1526","120.6942","3"
"2019","8","19","20","36","臺中市","烏日區","0","1","0","7","3","5","40","14","9","1","5","4","5","7","4","4","10","5","5","1","13","16","2","9","1","1","C03","7","9","1","11","2","11","","16","16","1","21","8","C03","24.101181","120.640808","2"
"2019","8","19","20","50","臺中市","新社區","0","1","0","6","4","5","50","3","1","1","4","4","5","7","4","4","10","5","5","2","17","10","3","10","1","1","B03","7","11","1","8","2","4","","10","10","1","9","8","B03","24.23904","120.806938","2"
"2019","8","19","20","51","臺中市","北屯區","0","1","0","8","3","5","50","4","1","1","5","4","5","7","1","1","10","5","5","2","11","38","3","10","3","4","B03","7","14","1","8","2","8","","38","38","1","21","8","B03","24.174215","120.690541","2"
"2019","8","19","21","6","臺中市","南屯區","0","0","0","6","","","40","","","","","","","","","","","","","","","","","","","","B03","","","6","","2","","","23","","1","21","","B03","24.136669","120.65239","3"
"2019","8","19","21","14","臺中市","南區","0","2","0","8","3","5","50","14","8","1","5","4","5","7","1","1","10","5","4","2","13","23","2","9","1","1","C03","7","9","1","10","2","11","","23","23","1","21","8","C03","24.123811","120.683444","2"
"2019","8","19","21","16","臺中市","霧峰區","0","1","0","8","3","5","50","14","9","1","5","4","5","7","4","4","5","5","5","1","18","23","2","9","1","1","C03","7","9","1","10","2","12","","23","23","1","4","8","C03","24.064419","120.698966","2"
"2019","8","19","21","20","臺中市","大里區","0","0","0","8","","","50","","","","","","","","","","","","","","","","","","","","B03","","","1","","2","","","18","","1","5","","B03","24.096276","120.714686","3"
"2019","8","19","21","20","臺中市","大雅區","0","0","0","8","","","50","","","","","","","","","","","","","","","","","","","","B03","","","1","","2","","","12","","1","","","B03","24.225232","120.645564","3"
"2019","8","19","22","5","臺中市","北屯區","0","0","0","8","","","50","","","","","","","","","","","","","","","","","","","","B03","","","1","","2","","","26","","1","22","","B03","24.163067","120.719154","3"
"2019","8","19","22","9","臺中市","太平區","0","1","0","8","3","5","40","4","1","1","4","4","5","7","4","4","10","5","5","2","16","6","3","10","1","1","B03","7","5","1","7","2","1","","6","6","1","21","8","B03","24.141486","120.727053","2"
"2019","8","19","22","14","臺中市","大雅區","0","1","0","7","3","5","40","3","2","1","5","4","5","7","4","4","5","5","5","1","16","40","3","10","1","1","B03","7","14","1","8","2","4","","40","40","1","22","8","B03","24.224781","120.657166","2"
"2019","8","19","22","28","臺中市","神岡區","0","2","0","7","3","5","50","4","2","1","4","4","5","7","1","1","4","5","5","1","10","4","2","8","1","1","C03","7","9","1","10","2","11","","4","4","1","21","8","C03","24.254166","120.696713","2"
"2019","8","19","22","42","臺中市","大里區","0","0","0","8","","","50","","","","","","","","","","","","","","","","","","","","B03","","","1","","2","","","23","","1","12","","B03","24.107567","120.68466","3"
"2019","8","19","23","0","臺中市","北屯區","0","1","0","8","3","5","50","14","9","1","5","4","5","7","4","4","9","4","5","2","17","10","3","10","1","1","B03","7","11","1","8","2","7","","10","10","1","21","8","B03","24.170448","120.707621","2"
"2019","8","19","23","3","臺中市","北區","0","1","0","8","3","5","50","3","1","1","5","4","5","7","4","4","10","5","5","2","16","27","3","10","1","1","B03","7","6","3","18","2","2","","27","27","1","22","8","B03","24.155876","120.690106","2"
"2019","8","19","23","10","臺中市","太平區","0","1","0","8","3","5","50","4","2","1","5","4","5","7","1","1","5","5","5","2","17","23","2","7","1","1","C03","7","9","1","10","2","11","","23","23","1","18","1","C03","24.133008","120.736344","2"
"2019","8","19","23","15","臺中市","大里區","0","0","0","8","","","50","","","","","","","","","","","","","","","","","","","","B12","","","1","","11","","","12","","1","22","","B12","24.095335","120.706671","3"
"2019","8","19","23","55","臺中市","北區","0","0","0","8","","","50","","","","","","","","","","","","","","","23","","","","","B02","","","1","8","2","","","23","23","1","","","B02","24.151433","120.673652","3"
"2019","8","20","0","10","臺中市","烏日區","0","0","0","8","","","40","","","","","","","","","","","","","","","","","","","","B02","","","1","","2","","","43","","1","","","B02","24.101788","120.629427","3"
"2019","8","20","0","20","臺中市","霧峰區","0","1","0","8","3","5","50","3","1","1","5","4","5","7","3","1","10","5","5","2","16","6","3","10","1","1","B03","7","5","1","8","2","1","","6","6","1","5","8","B03","24.065281","120.697175","2"
"2019","8","20","0","43","臺中市","大里區","0","0","0","8","","","50","","","","","","","","","","","","","","","","","","","","B03","","","1","","2","","","12","","1","22","","B03","24.099801","120.719681","3"
"2019","8","20","1","10","臺中市","西區","0","1","0","8","3","5","50","3","1","1","5","4","5","7","4","4","1","4","4","2","17","9","3","10","1","1","B03","7","6","1","8","2","7","","9","9","1","5","9","B03","24.137085","120.656677","2"
"2019","8","20","2","1","臺中市","北屯區","0","0","0","6","3","5","50","14","22","1","4","4","4","7","4","4","8","3","5","2","14","18","3","10","1","1","B03","7","2","1","8","2","2","","18","18","1","21","8","B03","24.184558","120.704248","3"
"2019","8","20","2","45","臺中市","西區","0","2","0","8","3","5","50","4","1","1","5","4","5","7","1","1","10","5","5","2","13","23","2","9","1","1","C03","7","9","1","10","2","11","","23","23","1","2","9","C03","24.152323","120.654579","2"
"2019","8","20","5","58","臺中市","后里區","0","1","0","8","2","5","50","4","2","1","5","4","5","7","1","1","5","4","4","1","18","21","2","9","1","1","C03","7","9","1","10","5","12","","21","21","1","20","8","C03","24.311255","120.695838","2"
"2019","8","20","6","10","臺中市","烏日區","0","1","0","8","1","5","40","4","1","1","5","4","5","7","4","4","10","5","5","2","29","14","2","9","1","1","C03","7","9","1","10","2","11","","14","14","1","21","8","C03","24.102888","120.641547","2"
"2019","8","20","6","37","臺中市","潭子區","0","2","0","8","1","5","50","4","1","1","5","4","5","7","3","1","10","4","5","2","16","19","2","9","1","1","C03","7","1","1","10","2","14","","19","19","1","22","8","C03","24.218983","120.688936","2"
"2019","8","20","6","39","臺中市","潭子區","0","2","0","8","1","5","50","3","1","1","5","4","5","7","4","4","10","5","5","2","17","6","2","9","1","1","C03","7","5","1","10","2","11","","6","6","1","21","8","C03","24.21691","120.692043","2"
"2019","8","20","6","50","臺中市","北屯區","0","2","0","8","1","5","40","14","9","1","5","4","5","7","4","4","10","5","5","2","17","7","2","9","1","1","C03","7","9","2","18","2","11","","23","7","2","22","8","C03","24.178188","120.696768","2"
"2019","8","20","7","3","臺中市","西屯區","0","1","0","8","1","5","50","14","7","1","5","4","5","7","4","4","8","4","4","2","13","23","2","5","3","4","C03","7","9","1","10","2","11","","23","23","1","22","9","C03","24.183734","120.630369","2"
"2019","8","20","7","13","臺中市","神岡區","0","0","0","8","","","50","","","","","","","","","","","","","","","23","","","","","B12","","","1","","2","","","23","23","1","","","B12","24.251678","120.67533","3"
"2019","8","20","7","15","臺中市","太平區","0","0","0","8","","","50","","","","","","","","","","","","","","","","","","","","B03","","","1","","9","","","17","","1","21","","B03","24.141273","120.713752","3"
"2019","8","20","7","31","臺中市","南區","0","1","0","8","1","5","50","4","1","1","5","4","5","7","4","4","10","5","5","2","16","6","2","9","1","1","C03","7","9","1","10","2","12","","6","6","1","5","8","C03","24.123035","120.668103","2"
"2019","8","20","7","34","臺中市","北屯區","0","0","0","8","","","50","","","","","","","","","","","","","","","","","","","","B03","","","1","","2","","","23","","1","","","B03","24.164981","120.695391","3"
"2019","8","20","7","35","臺中市","大里區","0","2","0","8","1","5","50","4","2","1","5","4","5","7","1","1","5","4","5","1","17","6","2","8","3","4","C03","7","5","1","10","2","12","","6","6","1","12","8","C03","24.082838","120.699487","2"
"2019","8","20","7","38","臺中市","西屯區","0","0","0","8","","","50","","","","","","","","","","","","","","","","","","","","B03","","","1","","2","","","23","","1","","","B03","24.179148","120.624689","3"
"2019","8","20","7","40","臺中市","西屯區","0","0","0","8","","","50","","","","","","","","","","","","","","","","","","","","B02","","","1","","2","","","23","","1","21","","B02","24.172392","120.620778","3"
"2019","8","20","7","43","臺中市","北屯區","0","1","0","8","1","5","50","4","2","1","5","4","5","7","1","1","10","5","5","2","16","7","2","9","3","4","C03","7","7","1","10","2","12","","7","7","1","22","8","C03","24.172983","120.667936","2"
"2019","8","20","7","43","臺中市","大甲區","0","0","0","8","","","50","","","","","","","","","","","","","","","","","","","","B03","","","1","","2","","","12","","1","21","","B03","24.346375","120.639781","3"
"2019","8","20","7","45","臺中市","大里區","0","0","0","8","","","40","","","","","","","","","","","","","","","","","","","","C03","","","1","","2","","","23","","1","","","C03","24.082601","120.709563","3"
"2019","8","20","7","46","臺中市","潭子區","0","0","0","8","","","40","","","","","","","","","","","","","","","","","","","","B03","","","1","","2","","","23","","1","22","","B03","24.204094","120.71614","3"
"2019","8","20","7","48","臺中市","西屯區","0","1","0","8","1","5","40","3","1","1","5","4","5","7","4","4","10","5","5","2","12","8","2","9","3","4","C03","7","5","1","10","2","14","","8","8","1","22","8","C03","24.181473","120.64199","2"
"2019","8","20","7","57","臺中市","梧棲區","0","1","0","8","1","5","50","3","1","1","5","4","5","7","4","4","10","5","5","2","16","6","3","10","3","4","B03","7","6","1","8","2","4","","6","6","1","21","8","B03","24.242248","120.542634","2"
"2019","8","20","8","1","臺中市","烏日區","0","1","0","8","1","5","50","11","9","1","5","4","5","7","4","4","8","3","4","2","10","4","2","9","1","1","C03","7","4","1","10","2","11","","4","4","1","10","8","C03","24.096721","120.647611","2"
"2019","8","20","8","2","臺中市","神岡區","0","2","0","8","1","5","50","14","9","1","5","4","5","7","4","4","9","5","5","1","3","23","3","10","1","1","C03","7","9","1","10","2","12","","23","23","1","22","8","C03","24.237642","120.677997","2"
"2019","8","20","8","4","臺中市","北屯區","0","1","0","8","1","5","50","5","1","1","5","4","5","7","4","4","10","5","5","2","3","26","3","10","3","4","B03","7","11","1","8","2","8","","26","26","1","21","8","B03","24.174298","120.695688","2"
"2019","8","20","8","5","臺中市","烏日區","0","0","0","8","","","80","","","","","","","","","","","","","","","","","","","","B02","","","1","","2","","","16","","1","22","","B02","24.112135","120.620524","3"
"2019","8","20","8","6","臺中市","后里區","0","1","0","8","1","5","60","14","7","1","5","4","5","7","4","4","1","4","4","1","17","19","3","10","1","1","B03","7","1","1","8","2","7","","19","19","1","21","8","B03","24.294305","120.723648","2"
"2019","8","20","8","10","臺中市","神岡區","0","1","0","8","1","5","50","3","1","1","5","4","5","7","1","1","10","5","5","2","16","25","3","10","1","1","B12","7","9","6","1","2","5","","25","25","1","22","9","B12","24.248314","120.692745","2"
"2019","8","20","8","24","臺中市","太平區","0","1","0","8","1","5","50","14","9","1","5","4","5","7","4","4","4","4","5","2","16","7","3","10","3","4","C03","7","8","1","10","2","13","","7","7","1","9","8","C03","24.134714","120.71043","2"
"2019","8","20","8","25","臺中市","北屯區","0","0","0","8","","","50","","","","","","","","","","","","","","","","","","","","B03","","","1","","2","","","12","","1","","","B03","24.171931","120.680169","3"
"2019","8","20","8","30","臺中市","南區","0","0","0","","","","","","","","","","","","","","","","","","","","","","","","B02","","","1","","2","","","12","","1","","","B02","24.113304","120.662775","3"
"2019","8","20","8","30","臺中市","北屯區","0","0","0","8","","","40","","","","","","","","","","","","","","","26","","","","","B03","","","1","","2","","","26","26","1","21","","B03","24.165997","120.6891","3"
"2019","8","20","8","30","臺中市","大甲區","0","1","0","8","1","5","50","14","9","1","5","4","5","7","4","4","5","4","5","1","12","17","2","8","1","1","C03","7","9","1","10","2","12","","17","17","1","21","8","C03","24.3482","120.626391","2"
"2019","8","20","8","34","臺中市","大雅區","0","0","0","","","","","","","","","","","","","","","","","","","","","","","","B12","","","1","","2","","","5","","1","","","B12","24.231723","120.671893","3"
"2019","8","20","8","40","臺中市","北屯區","0","1","0","8","1","5","50","4","1","1","5","4","5","7","1","1","10","5","5","2","17","43","2","9","1","1","C03","7","15","3","18","2","12","","43","43","1","4","8","C03","24.180101","120.721193","2"
"2019","8","20","8","45","臺中市","大甲區","0","1","0","8","1","5","50","4","1","1","5","4","5","7","4","4","10","5","5","2","17","6","2","9","1","1","C03","7","9","1","10","2","12","","6","6","1","20","8","C03","24.349388","120.620915","2"
"2019","8","20","9","1","臺中市","潭子區","0","0","0","8","","","60","","","","","","","","","","","","","","","23","","","","","B03","","","1","","2","","","23","23","1","","","B03","24.217248","120.691595","3"
"2019","8","20","9","8","臺中市","潭子區","0","0","0","8","","","50","","","","","","","","","","","","","","","","","","","","B12","","","1","","2","","","7","","1","22","","B12","24.201453","120.702468","3"
"2019","8","20","9","20","臺中市","西區","0","2","0","8","1","5","50","4","1","1","5","4","5","7","4","4","10","5","5","2","15","6","2","9","1","1","C03","7","9","1","10","2","14","","6","6","1","21","8","C03","24.142945","120.657891","2"
"2019","8","20","9","30","臺中市","西屯區","0","0","0","8","1","5","40","14","9","1","5","4","4","7","4","4","10","5","5","2","16","17","3","10","3","4","B03","7","9","1","8","9","2","","17","17","2","22","9","B03","24.19709","120.658409","3"
"2019","8","20","9","30","臺中市","大甲區","0","1","0","8","1","5","60","14","12","1","5","4","5","7","4","4","1","4","4","1","17","6","3","10","1","1","B12","7","6","1","3","2","5","","6","6","1","21","8","B12","24.354176","120.618095","2"
"2019","8","20","9","31","臺中市","梧棲區","0","1","0","8","1","5","60","4","1","1","5","4","5","7","1","1","10","5","5","1","15","26","3","10","3","4","B03","7","9","1","8","2","1","","44","26","1","21","8","B03","24.229974","120.527907","2"
"2019","8","20","9","33","臺中市","西屯區","0","0","0","8","","","50","","","","","","","","","","","","","","","18","","","","","B03","","","1","","2","","","18","18","1","21","","B03","24.157368","120.64416","3"
"2019","8","20","9","37","臺中市","清水區","0","2","0","8","1","5","40","4","1","1","5","4","5","7","3","1","10","5","5","2","17","11","2","9","1","1","C03","7","11","4","8","2","14","","11","11","1","21","8","C03","24.27922","120.577141","2"
"2019","8","20","9","40","臺中市","西區","0","1","0","8","1","5","50","4","1","1","5","4","5","7","2","1","10","5","5","2","16","6","3","10","1","1","B03","7","6","1","8","2","2","","6","6","1","5","5","B03","24.141037","120.666741","2"
"2019","8","20","9","45","臺中市","后里區","0","1","0","8","1","5","50","3","1","1","5","4","5","7","1","1","5","5","5","2","12","8","3","10","1","1","B03","7","5","1","8","2","5","","8","8","1","4","3","B03","24.311105","120.70934","2"
"2019","8","20","9","53","臺中市","北區","0","1","0","8","1","5","50","4","1","1","5","4","5","7","2","1","10","5","5","2","15","25","2","9","1","1","C03","7","9","1","10","2","14","","25","25","1","22","8","C03","24.1512","120.6773","2"
"2019","8","20","10","4","臺中市","中區","0","0","0","8","","","50","","","","","","","","","","","","","","","","","","","","B12","","","1","","2","","","6","","1","","","B12","24.140781","120.682906","3"
"2019","8","20","10","7","臺中市","龍井區","0","1","0","8","1","5","40","4","1","1","5","4","5","7","4","4","10","5","5","2","15","6","2","9","1","1","C03","7","9","1","10","2","12","","6","6","1","19","8","C03","24.218276","120.529755","2"
"2019","8","20","10","28","臺中市","北屯區","0","1","0","8","1","5","40","4","1","1","5","4","5","7","4","4","10","5","5","2","15","6","3","10","3","4","C03","7","9","3","18","2","11","","6","6","1","21","8","C03","24.179","120.6666","2"
"2019","8","20","10","40","臺中市","后里區","0","0","0","8","","","40","","","","","","","","","","","","","","","","","","","","A12","","","1","","2","","","12","","1","","","A12","24.312936","120.684705","3"
"2019","8","20","10","47","臺中市","大雅區","0","0","0","","","","","","","","","","","","","","","","","","","","","","","","B03","","","1","","2","","","12","","1","21","","B03","24.208635","120.62972","3"
"2019","8","20","10","50","臺中市","北區","0","0","0","8","","","50","","","","","","","","","","","","","","","","","","","","B03","","","1","","2","","","1","","1","5","","B03","24.164408","120.677085","3"
"2019","8","20","10","56","臺中市","西區","0","1","0","8","1","5","50","4","1","1","5","4","5","7","1","1","5","5","4","2","16","42","2","9","1","1","C03","7","5","4","11","2","14","","42","42","1","22","8","C03","24.148792","120.655119","2"
"2019","8","20","10","59","臺中市","北區","0","1","0","8","1","5","20","5","1","1","5","4","5","7","2","1","10","5","5","2","12","9","3","10","1","1","B03","7","6","1","8","2","2","","9","9","1","22","8","B03","24.1582","120.6762","2"
"2019","8","20","11","0","臺中市","北屯區","0","1","0","8","1","5","50","4","2","1","5","4","5","7","4","4","5","5","5","2","16","6","2","9","1","1","C03","7","5","4","8","2","12","","6","6","1","5","8","C03","24.186858","120.668321","2"
"2019","8","20","11","8","臺中市","北區","0","0","0","8","","","50","","","","","","","","","","","","","","","","","","","","B03","","","1","","2","","","23","","1","5","","B03","24.159785","120.691793","3"
"2019","8","20","11","9","臺中市","神岡區","0","1","0","8","1","5","50","3","2","1","5","4","5","7","3","1","4","4","4","2","16","23","2","9","1","1","C03","7","4","1","10","2","11","","23","23","1","22","8","C03","24.254986","120.672462","2"
"2019","8","20","11","10","臺中市","烏日區","0","1","0","8","1","5","40","4","1","1","5","4","5","7","4","4","10","5","5","2","15","6","2","9","1","1","C04","7","9","6","10","2","12","","6","6","1","20","8","C04","24.058116","120.64362","2"
"2019","8","20","11","15","臺中市","大里區","0","1","0","7","1","5","50","4","1","1","5","4","5","7","1","1","10","5","5","2","16","9","3","10","1","1","B03","7","6","1","8","2","5","","9","9","1","21","8","B03","24.110976","120.695833","2"
"2019","8","20","11","28","臺中市","大里區","0","1","0","8","1","5","50","4","1","1","5","4","5","7","1","1","5","4","5","2","17","6","2","7","3","4","C03","7","5","4","8","2","12","","6","6","1","20","8","C03","24.097326","120.702413","2"
"2019","8","20","11","28","臺中市","清水區","0","0","0","8","","","70","","","","","","","","","","","","","","","","","","","","A41","","","1","","2","","","23","","1","10","","A41","24.2969732","120.562258","3"
"2019","8","20","11","34","臺中市","潭子區","0","0","0","8","","","50","","","","","","","","","","","","","","","","","","","","B12","","","1","","2","","","2","","1","20","","B12","24.216748","120.69757","3"
"2019","8","20","11","45","臺中市","霧峰區","0","0","0","8","","","50","","","","","","","","","","","","","","","","","","","","B12","","","1","","2","","","23","","1","22","","B12","24.066251","120.700573","4"
"2019","8","20","11","47","臺中市","南屯區","0","2","0","7","1","5","50","5","1","1","5","4","5","7","4","4","1","4","5","2","15","6","2","9","1","1","B03","7","9","1","8","2","8","","6","6","1","22","8","B03","24.143021","120.625276","2"
"2019","8","20","11","51","臺中市","太平區","0","1","0","8","1","5","50","4","1","1","5","4","5","7","2","1","5","4","4","2","16","16","2","9","1","1","C03","7","4","1","10","2","12","","16","16","1","18","8","C03","24.148862","120.71868","2"
"2019","8","20","11","57","臺中市","太平區","0","1","0","7","1","5","50","5","1","1","5","4","5","7","2","1","10","5","5","2","16","19","2","9","1","1","C03","7","1","1","10","2","12","","19","19","1","19","7","C03","24.149625","120.724801","2"
"2019","8","20","11","57","臺中市","潭子區","0","2","0","7","1","5","60","14","8","1","5","4","5","7","4","4","1","4","4","1","13","16","2","8","1","1","C03","7","9","1","10","2","11","","16","16","1","22","8","C03","24.216569","120.70539","2"
"2019","8","20","11","58","臺中市","西屯區","0","0","0","8","","","50","","","","","","","","","","","","","","","","","","","","B03","","","1","","2","","","23","","1","21","","B03","24.169351","120.647418","3"
"2019","8","20","11","58","臺中市","西屯區","0","0","0","8","","","40","","","","","","","","","","","","","","","","","","","","B03","","","1","","2","","","19","","1","22","","B03","24.169237","120.66281","3"
"2019","8","20","12","0","臺中市","烏日區","0","0","0","8","","","60","","","","","","","","","","","","","","","","","","","","B03","","","1","","2","","","9","","1","22","","B03","24.106336","120.634503","3"
"2019","8","20","12","2","臺中市","南區","0","0","0","8","","","40","","","","","","","","","","","","","","","","","","","","B03","","","1","","2","","","12","","1","","","B03","24.127066","120.665972","3"
"2019","8","20","12","18","臺中市","東區","0","1","0","8","1","5","50","14","9","1","5","4","5","7","4","4","1","4","5","2","27","66","","","","","","","","","","","","","66","66","1","","","","24.134309","120.69709","2"
"2019","8","20","12","32","臺中市","西屯區","0","1","0","8","1","5","50","14","9","1","5","4","5","7","4","4","10","5","5","2","16","19","3","10","3","4","B03","7","1","1","8","2","5","","19","19","1","22","9","B03","24.166685","120.655899","2"
"2019","8","20","12","35","臺中市","南屯區","0","1","0","8","1","5","40","3","1","1","5","4","5","7","4","4","10","5","5","2","17","19","3","10","1","1","B03","7","1","1","8","2","1","","19","19","1","22","9","B03","24.148824","120.641657","2"
"2019","8","20","12","36","臺中市","北區","0","0","0","8","","","50","","","","","","","","","","","","","","","","","","","","B12","","","1","","2","","","23","","1","22","","B12","24.1604","120.6994","3"
"2019","8","20","12","40","臺中市","大里區","0","0","0","8","","","50","","","","","","","","","","","","","","","","","","","","A12","","","1","","11","","","43","","1","21","","A12","24.104186","120.684161","3"
"2019","8","20","12","50","臺中市","大里區","0","2","0","7","1","5","40","4","2","1","5","4","5","7","4","4","10","5","5","2","11","23","2","8","1","1","C03","7","6","3","18","2","14","","23","23","1","20","8","C03","24.094883","120.677395","2"
"2019","8","20","13","12","臺中市","太平區","0","0","0","8","","","40","","","","","","","","","","","","","","","","","","","","A11","","","1","","2","","","43","","1","21","","A11","24.132837","120.713724","3"
"2019","8","20","13","17","臺中市","清水區","0","0","0","8","","","70","","","","","","","","","","","","","","","","","","","","B03","","","1","","2","","","16","","1","20","","B03","24.27837","120.575498","3"
"2019","8","20","13","19","臺中市","西屯區","0","0","0","8","","","40","","","","","","","","","","","","","","","","","","","","B03","","","1","","2","","","44","","1","22","","B03","24.159156","120.655358","4"
"2019","8","20","13","22","臺中市","清水區","0","0","0","8","","","50","","","","","","","","","","","","","","","23","","","","","B12","","","1","","2","","","23","23","1","21","","B12","24.274787","120.572245","3"
"2019","8","20","13","30","臺中市","大安區","0","1","0","8","1","5","50","14","9","1","5","4","5","7","4","4","9","5","5","1","14","26","3","10","2","1","B12","7","9","1","8","2","8","","26","26","1","4","1","B12","24.35222","120.594576","2"
"2019","8","20","13","40","臺中市","大甲區","0","2","0","8","1","5","50","4","1","1","5","4","5","7","4","4","10","5","5","2","16","23","2","8","1","1","C03","7","9","1","10","2","14","11","23","23","1","7","8","C03","24.342771","120.624218","2"
"2019","8","20","13","51","臺中市","太平區","0","1","0","6","1","5","50","3","1","1","4","4","5","7","4","4","5","5","5","1","16","6","3","10","1","1","B03","7","5","1","8","2","5","","6","6","1","21","8","B03","24.103852","120.722904","2"
"2019","8","20","14","0","臺中市","西區","0","0","0","8","","","50","","","","","","","","","","","","","","","","","","","","B02","","","1","","2","","","23","","1","21","","B02","24.160912","120.661594","4"
"2019","8","20","14","1","臺中市","龍井區","0","1","0","8","1","5","40","14","9","4","5","4","5","7","4","4","10","5","5","2","13","43","2","8","1","1","C03","7","9","1","10","2","11","","43","43","1","21","8","C03","24.181002","120.59337","2"
"2019","8","20","14","2","臺中市","中區","0","0","0","8","","","50","","","","","","","","","","","","","","","43","","","","","B03","","","1","","9","","","12","43","2","","","B03","24.138485","120.683967","3"