"年","月","日","時","分","縣市","區","死","受傷","2-30","天候","光線","道路類別","速限","道路型態","事故位置","路面鋪裝","路面狀態","路面缺陷","障礙物","視距","號誌種類","號誌動作","分向設施","快車道或一般車道間","快慢車道間","路面邊線","事故類型及型態","主要肇因","受傷程度","主要傷處","保護裝備","行動電話","當事者區分(類別)","車輛用途","當事者行動狀態","駕駛資格情形","駕駛執照種類","飲酒情形","車輛撞擊部位最初","車輛撞擊部位其他","肇事因素個別","肇事因素主要","肇事逃逸","職業","旅次目的","車種","GPS座標(緯度)","GPS座標(經度)","事故類別"
"2019","8","20","14","5","臺中市","大雅區","0","0","0","","","","","","","","","","","","","","","","","","","","","","","","A11","","","1","","2","","","23","","1","","","A11","24.222344","120.672731","3"
"2019","8","20","14","20","臺中市","北區","0","1","0","6","1","5","50","4","2","1","4","4","5","7","1","1","10","5","5","2","3","15","3","10","1","1","C03","7","9","1","10","2","11","","15","15","1","5","8","C03","24.161432","120.692252","2"
"2019","8","20","14","31","臺中市","大里區","0","1","0","8","1","5","60","14","8","1","5","4","5","7","1","1","1","4","4","1","17","18","3","10","3","4","B03","7","3","1","8","2","2","","18","18","1","5","8","B03","24.104885","120.66753","2"
"2019","8","20","14","34","臺中市","北區","0","0","0","8","","","50","","","","","","","","","","","","","","","","","","","","B03","","","1","","2","","","12","","1","22","","B03","24.1537","120.6834","3"
"2019","8","20","14","35","臺中市","北屯區","0","0","0","8","","","50","","","","","","","","","","","","","","","23","","","","","B03","","","1","8","2","","","23","23","1","21","","B03","24.174313","120.67463","3"
"2019","8","20","14","55","臺中市","大雅區","0","1","0","8","1","5","50","3","1","1","5","4","5","7","4","4","10","4","5","1","16","6","3","10","1","1","B03","7","5","1","8","2","2","","6","6","1","22","9","B03","24.233621","120.638144","2"
"2019","8","20","14","56","臺中市","西屯區","0","0","0","8","","","50","","","","","","","","","","","","","","","5","","","","","B12","","","6","","3","","","5","5","1","","","B12","24.164774","120.61239","3"
"2019","8","20","14","56","臺中市","后里區","0","2","0","7","1","5","50","5","1","1","5","4","5","7","1","1","5","5","4","1","17","25","2","6","1","1","C03","7","6","1","10","2","13","","25","25","1","21","8","C03","24.304011","120.709693","2"
"2019","8","20","15","0","臺中市","大雅區","0","1","0","8","1","5","50","3","2","1","5","4","5","7","1","1","1","2","4","1","13","16","2","9","1","1","C03","7","9","1","10","2","11","","16","16","1","22","8","C03","24.220471","120.65785","2"
"2019","8","20","15","4","臺中市","北區","0","1","0","6","1","5","50","5","1","1","4","4","5","7","2","1","10","5","5","2","17","25","3","10","1","1","B03","7","5","1","8","2","4","","25","25","1","22","9","B03","24.154825","120.684063","2"
"2019","8","20","15","15","臺中市","北屯區","0","1","0","6","1","5","50","4","1","1","4","4","5","7","1","1","10","5","5","2","18","23","2","9","1","1","B03","7","9","1","10","2","15","","26","23","1","22","8","B03","24.161986","120.719106","2"
"2019","8","20","15","21","臺中市","北屯區","0","0","0","6","","","50","","","","","","","","","","","","","","","","","","","","B03","","","1","","2","","","23","","1","5","","B03","24.175869","120.690422","3"
"2019","8","20","15","32","臺中市","太平區","0","0","0","6","","","40","","","","","","","","","","","","","","","","","","","","A12","","","1","","2","","","26","","1","21","","A12","24.122904","120.714576","3"
"2019","8","20","15","33","臺中市","北屯區","0","1","0","6","1","5","50","4","1","1","4","4","5","7","2","1","10","5","5","2","17","6","3","10","3","4","B03","7","6","1","8","2","5","","6","6","1","21","8","B03","24.172553","120.683521","2"
"2019","8","20","15","35","臺中市","北屯區","0","0","0","6","","","50","","","","","","","","","","","","","","","","","","","","B01","","","1","","2","","","19","","2","","","B01","24.182837","120.699048","3"
"2019","8","20","15","47","臺中市","大雅區","0","0","0","8","","","50","","","","","","","","","","","","","","","","","","","","B03","","","1","","1","","","16","","1","22","","B03","24.221184","120.654279","3"
"2019","8","20","15","55","臺中市","后里區","0","0","0","6","1","5","50","14","13","1","4","4","5","7","4","4","5","5","5","1","14","12","3","10","1","1","B03","7","2","1","8","2","3","","12","12","1","21","8","B03","24.306775","120.715465","3"
"2019","8","20","16","0","臺中市","北屯區","0","0","0","8","","","50","","","","","","","","","","","","","","","","","","","","B03","","","1","","2","","","6","","1","22","","B03","24.171455","120.71961","3"
"2019","8","20","16","5","臺中市","北區","0","0","0","8","","","50","","","","","","","","","","","","","","","","","","","","B03","","","1","","2","","","12","","1","22","","B03","24.167608","120.676638","3"
"2019","8","20","16","10","臺中市","南屯區","0","0","0","8","","","50","","","","","","","","","","","","","","","","","","","","B03","","","1","","2","","","23","","1","22","","B03","24.135273","120.65238","3"
"2019","8","20","16","19","臺中市","中區","0","1","0","6","1","5","50","4","1","1","4","4","5","7","1","1","10","5","5","2","16","26","2","7","1","1","C03","7","9","1","10","2","11","","23","26","1","5","5","C03","24.144818","120.67538","2"
"2019","8","20","16","20","臺中市","中區","0","1","0","7","1","5","40","14","9","1","4","4","5","7","4","4","5","5","5","2","18","23","2","9","1","1","C03","7","9","1","10","2","12","","23","23","1","22","8","C03","24.139715","120.683396","2"
"2019","8","20","16","25","臺中市","西屯區","0","1","0","6","1","5","50","3","7","1","4","4","5","7","4","4","1","4","4","2","17","42","2","9","1","1","C03","7","9","1","10","2","12","","44","42","1","22","8","C03","24.186752","120.613434","2"
"2019","8","20","16","28","臺中市","東區","0","1","0","6","1","5","50","14","9","1","4","4","5","7","4","4","5","5","5","2","13","23","2","9","1","1","C03","7","9","1","10","2","11","","23","23","1","22","8","C03","24.128346","120.700028","2"
"2019","8","20","16","30","臺中市","北屯區","0","0","0","6","","","50","","","","","","","","","","","","","","","44","","","","","B12","","","1","","2","","","23","44","1","21","","B12","24.170333","120.722505","3"
"2019","8","20","16","40","臺中市","大甲區","0","0","0","8","","","50","","","","","","","","","","","","","","","","","","","","B03","","","1","","2","","","6","","1","9","","B03","24.402094","120.650375","3"
"2019","8","20","16","44","臺中市","北屯區","0","2","0","6","1","5","50","14","7","1","4","4","5","7","4","4","9","5","5","2","16","6","2","9","1","1","C04","7","5","1","11","2","12","","6","6","1","22","8","C04","24.170965","120.683714","2"
"2019","8","20","16","46","臺中市","大里區","0","0","0","8","","","80","","","","","","","","","","","","","","","","","","","","A12","","","1","","2","","","16","","1","4","","A12","24.107829","120.69472","3"
"2019","8","20","16","55","臺中市","北屯區","0","0","0","6","","","50","","","","","","","","","","","","","","","","","","","","B03","","","1","","2","","","19","","1","5","","B03","24.17684","120.679791","3"
"2019","8","20","16","58","臺中市","北屯區","0","1","0","6","1","5","50","4","1","1","4","4","5","7","1","1","5","5","5","2","12","6","2","9","1","1","C03","7","9","1","10","2","14","","23","6","2","22","8","C03","24.173583","120.683496","2"
"2019","8","20","17","0","臺中市","梧棲區","0","0","0","8","","","50","","","","","","","","","","","","","","","","","","","","B11","","","1","","2","","","12","","1","4","","B11","24.259029","120.5324","3"
"2019","8","20","17","1","臺中市","北區","0","1","0","6","1","5","50","4","1","1","4","4","5","7","1","1","10","5","5","2","17","6","3","10","1","1","C03","7","5","1","10","2","14","","6","6","1","22","8","C03","24.160411","120.678532","2"
"2019","8","20","17","10","臺中市","南屯區","0","1","0","6","1","5","50","14","7","1","4","4","5","7","4","4","1","4","4","2","18","23","2","9","1","1","C03","7","9","1","9","2","14","","23","23","1","22","9","C03","24.151296","120.640908","2"
"2019","8","20","17","10","臺中市","神岡區","0","0","0","8","","","50","","","","","","","","","","","","","","","","","","","","","","","7","","11","","","43","","1","","","","24.276966","120.707352","3"
"2019","8","20","17","18","臺中市","北屯區","0","0","0","8","","","50","","","","","","","","","","","","","","","43","","","","","B03","","","1","","2","","","43","43","1","22","","B03","24.182296","120.721681","3"
"2019","8","20","17","20","臺中市","北屯區","0","1","0","7","3","5","50","3","1","1","4","4","5","7","4","4","10","5","5","2","16","6","3","10","1","1","B03","7","5","1","8","2","5","","6","6","1","21","8","B03","24.180281","120.720561","2"
"2019","8","20","17","20","臺中市","太平區","0","1","0","6","1","5","50","14","9","1","4","4","5","7","4","4","5","4","4","1","17","23","2","9","1","1","C03","7","9","1","10","2","15","","23","23","1","18","8","C03","24.099495","120.729031","2"
"2019","8","20","17","25","臺中市","神岡區","0","1","0","8","1","5","50","3","1","1","5","4","5","7","4","4","5","5","5","1","16","6","3","10","1","1","B03","7","5","1","7","2","1","","6","6","1","21","8","B03","24.242365","120.681726","2"
"2019","8","20","17","30","臺中市","南區","0","1","0","8","1","5","50","14","8","1","5","4","5","7","4","4","5","5","4","2","17","23","2","9","1","1","C03","7","9","1","10","2","12","","23","23","1","22","8","C03","24.127678","120.664394","2"
"2019","8","20","17","30","臺中市","西屯區","0","2","0","8","1","5","40","14","9","1","5","4","5","7","4","4","10","5","5","2","12","23","3","10","1","1","B03","7","9","1","8","2","5","","23","23","1","22","9","B03","24.159231","120.63904","2"
"2019","8","20","17","30","臺中市","大雅區","0","0","0","8","","","40","","","","","","","","","","","","","","","","","","","","C03","","","1","","2","","","16","","1","","","C03","24.215321","120.639669","3"
"2019","8","20","17","35","臺中市","豐原區","0","1","0","6","1","5","50","3","1","1","4","4","5","7","4","4","5","4","4","2","17","6","3","10","1","1","B12","7","5","1","8","2","15","","6","6","1","21","8","B12","24.251478","120.716772","2"
"2019","8","20","17","45","臺中市","大雅區","0","1","0","8","1","5","50","3","1","1","5","4","5","7","4","4","10","5","5","2","3","23","3","10","1","1","C03","7","9","1","10","2","11","","23","23","1","22","9","C03","24.235587","120.623944","2"
"2019","8","20","17","57","臺中市","北屯區","0","0","0","","","","","","","","","","","","","","","","","","","","","","","","B03","","","1","","2","","","23","","1","22","","B03","24.173195","120.71323","3"
"2019","8","20","18","10","臺中市","西區","0","2","0","7","2","5","50","4","1","1","5","4","5","7","1","1","10","5","5","2","10","26","2","9","1","1","C03","7","9","1","10","2","12","","26","26","1","21","8","C03","24.153774","120.667576","2"
"2019","8","20","18","10","臺中市","大里區","0","1","0","6","2","5","40","4","1","1","4","4","5","7","4","4","10","5","5","2","18","23","2","9","1","1","C03","7","9","1","10","2","14","","23","23","1","4","8","C03","24.107901","120.693785","2"
"2019","8","20","18","14","臺中市","豐原區","0","0","0","8","","","50","","","","","","","","","","","","","","","","","","","","","","","8","","10","","","60","","1","","","","24.253721","120.72115","3"
"2019","8","20","18","15","臺中市","北屯區","0","0","0","8","","","80","","","","","","","","","","","","","","","","","","","","B03","","","1","","2","","","23","","1","22","","B03","24.16113","120.718591","3"
"2019","8","20","18","17","臺中市","北屯區","0","3","0","8","3","5","50","14","7","1","5","4","5","7","4","4","5","5","5","2","16","7","3","10","1","1","C03","7","7","1","10","2","14","","7","7","1","22","8","C03","24.177924","120.690544","2"
"2019","8","20","18","23","臺中市","西區","0","1","0","8","3","5","50","14","7","1","5","4","5","7","4","4","1","4","4","2","13","23","3","10","1","1","B03","7","9","1","8","2","1","","23","23","1","21","5","B03","24.153095","120.657297","2"
"2019","8","20","18","26","臺中市","龍井區","0","0","0","","","","","","","","","","","","","","","","","","","","","","","","C03","","","1","","2","","","6","","1","","","C03","24.180896","120.58835","3"
"2019","8","20","18","28","臺中市","北區","0","1","0","8","3","5","50","3","2","1","5","4","5","7","4","4","5","5","5","2","18","23","2","9","1","1","C03","7","9","1","10","2","14","","23","23","1","22","8","C03","24.1616","120.667766","2"
"2019","8","20","18","30","臺中市","北屯區","0","0","0","8","","","40","","","","","","","","","","","","","","","","","","","","B03","","","1","","2","","","7","","1","5","","B03","24.163843","120.693501","3"
"2019","8","20","18","34","臺中市","西區","0","1","0","8","3","5","50","4","1","1","5","4","5","7","1","1","5","4","5","2","16","23","3","10","1","1","B03","7","9","1","8","2","5","","23","23","1","22","8","B03","24.131034","120.667826","2"
"2019","8","20","18","48","臺中市","烏日區","0","1","0","8","3","5","40","4","1","1","5","4","5","7","3","1","10","5","5","2","16","6","2","9","1","1","C03","7","9","1","10","2","11","","6","6","1","21","8","C03","24.112816","120.643995","2"
"2019","8","20","18","50","臺中市","北屯區","0","0","0","8","","","40","","","","","","","","","","","","","","","","","","","","C03","","","1","","2","","","23","","1","21","","C03","24.172504","120.694311","3"
"2019","8","20","18","53","臺中市","太平區","0","1","0","6","3","5","50","4","2","1","4","4","5","7","4","4","5","5","4","1","13","16","2","9","1","1","C03","7","9","1","10","2","11","","16","16","1","21","8","C03","24.148114","120.702104","2"
"2019","8","20","18","53","臺中市","潭子區","0","0","0","6","","","60","","","","","","","","","","","","","","","","","","","","B03","","","1","","2","","","23","","","21","","B03","24.195155","120.702635","3"
"2019","8","20","19","0","臺中市","西屯區","0","0","0","6","","","40","","","","","","","","","","","","","","","23","","","","","B03","","","1","","2","","","23","23","1","22","","B03","24.161623","120.651081","3"
"2019","8","20","19","8","臺中市","南區","0","0","0","8","","","50","","","","","","","","","","","","","","","","","","","","B03","","","1","","2","","","26","","1","22","","B03","24.120626","120.669982","3"
"2019","8","20","19","10","臺中市","大甲區","0","0","0","8","","","50","","","","","","","","","","","","","","","","","","","","C03","","","1","","2","","","23","","1","22","","C03","24.346998","120.619905","3"
"2019","8","20","19","10","臺中市","潭子區","0","0","0","8","1","5","40","14","16","1","5","4","5","7","4","4","10","5","5","1","13","","","","","","B03","","","1","","2","","","23","","1","22","","B03","24.201004","120.699164","3"
"2019","8","20","19","17","臺中市","豐原區","0","0","0","8","","","60","","","","","","","","","","","","","","","","","","","","B03","","","1","","2","","","25","","1","3","","B03","24.268815","120.749131","3"
"2019","8","20","19","20","臺中市","烏日區","0","0","0","8","","","50","","","","","","","","","","","","","","","","","","","","","","","7","","11","","","43","","1","","","","24.106079","120.638563","3"
"2019","8","20","19","23","臺中市","太平區","0","0","0","8","","","50","","","","","","","","","","","","","","","","","","","","B03","","","1","","2","","","42","","1","21","","B03","24.148447","120.700549","3"
"2019","8","20","19","30","臺中市","清水區","0","0","0","8","","","50","","","","","","","","","","","","","","","42","","","","","B12","","","1","","2","","","42","42","1","10","","B12","24.264285","120.572968","3"
"2019","8","20","19","35","臺中市","西屯區","0","1","0","8","2","5","50","14","7","1","5","4","5","7","4","4","5","4","4","2","17","42","2","9","3","4","C03","7","9","1","10","2","12","","42","42","1","21","8","C03","24.190853","120.621664","2"
"2019","8","20","19","36","臺中市","龍井區","0","2","0","7","3","5","50","4","1","1","5","4","5","7","1","1","10","5","5","2","13","23","2","3","1","1","C03","7","9","1","10","2","12","","23","23","1","21","8","C03","24.184418","120.585006","2"
"2019","8","20","19","40","臺中市","西屯區","0","0","0","8","","","40","","","","","","","","","","","","","","","","","","","","","","","7","","11","","","43","","","","","","24.174913","120.637438","3"
"2019","8","20","19","56","臺中市","大肚區","0","0","0","6","","","50","","","","","","","","","","","","","","","","","","","","B03","","","1","","8","","","16","","1","","","B03","24.167461","120.578459","3"
"2019","8","20","19","57","臺中市","西屯區","0","0","0","8","3","5","40","14","9","1","5","4","5","7","4","4","10","5","5","2","16","17","3","10","3","4","B03","7","9","1","8","9","2","","17","17","2","22","9","B03","24.163821","120.661545","3"
"2019","8","20","20","3","臺中市","西屯區","0","0","0","6","","","40","","","","","","","","","","","","","","","","","","","","B03","","","1","","2","","","12","","1","22","","B03","24.183503","120.649734","3"
"2019","8","20","20","5","臺中市","西區","0","1","0","8","3","5","40","14","9","1","5","4","5","7","4","4","10","5","5","2","17","40","3","10","1","1","B12","7","13","6","8","2","4","","40","40","1","21","8","B12","24.153179","120.660916","2"
"2019","8","20","20","9","臺中市","東區","0","0","0","6","3","5","50","5","2","1","5","4","5","7","4","4","10","5","5","2","12","7","3","10","1","1","B03","7","9","1","8","2","7","","7","7","1","5","8","B03","24.129777","120.685539","3"
"2019","8","20","20","26","臺中市","潭子區","0","0","0","6","","","50","","","","","","","","","","","","","","","","","","","","B03","","","1","","2","","","17","","","18","","B03","24.189483","120.70181","3"
"2019","8","20","20","28","臺中市","北屯區","0","0","0","8","","","40","","","","","","","","","","","","","","","","","","","","B03","","","1","","11","","","23","","2","5","","B03","24.175588","120.681234","3"
"2019","8","20","20","32","臺中市","北屯區","0","0","0","8","","","50","","","","","","","","","","","","","","","","","","","","B03","","","1","","2","","","7","","1","22","","B03","24.181863","120.742841","3"
"2019","8","20","20","40","臺中市","北屯區","0","1","0","7","3","5","50","5","1","1","4","4","5","7","1","1","10","5","5","2","16","6","3","10","1","1","B01","7","5","1","4","2","8","","6","6","1","21","8","B01","24.192778","120.66885","2"
"2019","8","20","20","42","臺中市","烏日區","0","1","0","8","3","5","50","4","1","1","5","4","5","7","1","1","10","5","5","2","17","26","3","10","1","1","C03","7","5","2","18","2","15","","26","26","1","16","8","C03","24.11038","120.625656","2"
"2019","8","20","20","50","臺中市","東區","0","0","0","","","","","","","","","","","","","","","","","","","","","","","","B12","","","1","","2","","","19","","1","21","","B12","24.150801","120.695198","3"
"2019","8","20","20","50","臺中市","大雅區","0","2","0","6","3","5","50","3","1","1","4","4","5","6","4","4","3","4","4","1","3","23","2","9","1","1","C03","7","9","1","10","2","11","","23","23","1","21","8","C03","24.235268","120.636172","2"
"2019","8","20","20","57","臺中市","潭子區","0","1","0","7","3","5","40","14","8","1","5","4","5","7","4","4","3","4","4","1","17","12","3","10","1","1","B03","7","2","1","8","2","3","","12","12","1","22","8","B03","24.235906","120.709875","2"
"2019","8","20","20","58","臺中市","西屯區","0","1","0","8","2","5","40","4","2","1","5","4","5","7","1","1","1","4","4","2","17","43","3","10","3","4","B03","7","14","1","8","2","15","","43","43","1","21","8","B03","24.186608","120.614669","2"
"2019","8","20","21","12","臺中市","西屯區","0","0","0","8","","","40","","","","","","","","","","","","","","","","","","","","B03","","","1","","2","","","12","","1","22","","B03","24.176969","120.641347","3"
"2019","8","20","21","30","臺中市","南區","0","2","0","8","3","5","50","3","1","1","5","4","5","7","1","1","10","5","5","2","13","23","2","8","1","1","C03","7","9","1","10","2","11","","23","23","1","22","8","C03","24.119149","120.684075","2"
"2019","8","20","21","37","臺中市","潭子區","0","1","0","8","3","5","50","4","1","1","5","4","5","7","1","1","10","5","4","2","13","23","3","10","2","1","B03","7","9","1","8","2","8","","23","23","1","22","8","B03","24.205451","120.679546","2"
"2019","8","20","21","43","臺中市","梧棲區","0","0","0","8","","","70","","","","","","","","","","","","","","","","","","","","B03","","","1","","2","","","43","","1","2","","B03","24.244867","120.549875","3"
"2019","8","20","21","51","臺中市","北屯區","0","0","0","8","","","50","","","","","","","","","","","","","","","","","","","","B03","","","1","","9","","","23","","2","","","B03","24.20184","120.678563","3"
"2019","8","20","22","11","臺中市","大里區","0","0","0","8","","","60","","","","","","","","","","","","","","","","","","","","B03","","","1","","2","","","12","","1","4","","B03","24.077837","120.689175","3"
"2019","8","20","22","15","臺中市","大里區","0","0","0","8","","","50","","","","","","","","","","","","","","","","","","","","C03","","","2","","9","","","44","","1","16","","C03","24.091663","120.730498","3"
"2019","8","20","22","29","臺中市","西區","0","0","0","8","","","50","","","","","","","","","","","","","","","","","","","","B03","","","1","","2","","","19","","1","","","B03","24.1375","120.670904","3"
"2019","8","20","23","40","臺中市","西區","0","1","0","8","3","5","50","4","1","1","5","4","5","7","1","1","10","5","5","2","17","26","3","10","1","1","B12","7","5","1","8","2","8","","26","26","1","22","9","B12","24.150438","120.665365","2"
"2019","8","21","0","2","臺中市","大雅區","0","1","0","6","3","5","50","4","1","1","4","4","5","7","1","1","5","4","5","1","18","23","2","9","1","1","C03","7","9","1","10","2","14","","23","23","1","21","8","C03","24.22799","120.651793","2"
"2019","8","21","1","8","臺中市","豐原區","0","0","0","8","","","50","","","","","","","","","","","","","","","","","","","","B03","","","1","","2","","","23","","1","21","","B03","24.257093","120.71795","3"
"2019","8","21","1","53","臺中市","中區","0","2","0","8","3","5","50","4","1","1","5","4","5","7","1","1","10","5","5","2","16","9","3","10","1","1","B03","7","6","3","18","2","2","","9","9","1","21","8","B03","24.145004","120.676562","2"
"2019","8","21","5","0","臺中市","和平區","1","0","0","6","3","8","15","12","9","1","4","4","5","2","4","4","10","5","5","1","25","43","1","1","2","4","C03","7","9","7","19","11","11","","43","43","1","22","9","C03","24.314495","121.29437","1"
"2019","8","21","6","39","臺中市","潭子區","0","0","0","8","","","40","","","","","","","","","","","","","","","","","","","","B03","","","1","","2","","","5","","1","22","","B03","24.216428","120.727697","3"
"2019","8","21","6","49","臺中市","北屯區","0","0","0","8","","","50","","","","","","","","","","","","","","","43","","","","","B03","","","1","","2","","","43","43","1","","","B03","24.171401","120.728998","3"
"2019","8","21","6","52","臺中市","潭子區","0","1","0","8","1","5","50","14","13","1","5","4","5","7","4","4","4","5","5","1","16","6","3","10","1","1","B12","7","6","1","8","2","2","","6","6","1","22","8","B12","24.207711","120.673881","2"
"2019","8","21","7","6","臺中市","烏日區","0","1","0","8","1","5","60","4","1","1","5","4","5","7","2","1","7","5","5","1","16","25","3","10","1","1","C01","7","5","1","10","2","12","","44","25","1","22","8","C01","24.104165","120.624607","2"
"2019","8","21","7","19","臺中市","南屯區","0","1","0","8","1","5","50","4","2","1","5","4","5","7","1","1","5","5","5","2","18","43","2","9","1","1","C03","7","9","1","10","2","12","","43","43","1","22","8","C03","24.139827","120.644791","2"
"2019","8","21","7","19","臺中市","南屯區","0","1","0","8","1","5","50","14","8","1","5","4","5","7","4","4","1","4","5","2","18","23","2","9","1","1","C03","7","9","1","9","2","12","","23","23","1","22","8","C03","24.130917","120.626553","2"
"2019","8","21","7","32","臺中市","北屯區","0","1","0","8","1","5","50","3","2","1","4","4","4","7","4","4","10","5","5","2","18","23","2","9","1","1","C03","7","9","1","10","2","14","","23","23","1","5","8","C03","24.178996","120.75916","2"
"2019","8","21","7","38","臺中市","南屯區","0","1","0","8","1","5","50","3","1","1","5","4","5","7","4","4","10","5","5","2","16","8","2","8","1","1","C03","7","5","1","10","2","13","","8","8","1","22","9","C03","24.146782","120.604708","2"
"2019","8","21","7","38","臺中市","南屯區","0","1","0","8","1","5","50","3","1","1","5","4","5","7","1","1","10","5","5","2","16","25","3","10","1","1","C03","7","9","1","10","2","11","","25","25","1","22","9","C03","24.140473","120.607741","2"
"2019","8","21","7","44","臺中市","神岡區","0","2","0","8","1","5","50","14","7","1","5","4","5","7","4","4","8","5","4","2","16","19","2","9","1","1","C03","7","1","1","10","2","11","","19","19","1","7","8","C03","24.260215","120.679525","2"
"2019","8","21","7","45","臺中市","豐原區","0","0","0","8","","","50","","","","","","","","","","","","","","","","","","","","B12","","","1","","2","","","16","","1","4","","B12","24.272353","120.721736","3"
"2019","8","21","7","53","臺中市","清水區","0","2","0","8","1","5","40","3","2","1","5","4","5","7","4","4","5","4","4","2","11","6","2","9","1","1","C03","7","5","1","10","2","12","","6","6","1","5","1","C03","24.275416","120.57746","2"
"2019","8","21","7","55","臺中市","清水區","0","1","0","7","1","5","50","3","1","1","5","4","5","7","1","1","5","4","4","2","16","25","3","10","1","1","C03","7","9","1","10","2","11","","25","25","1","22","8","C03","24.266653","120.606431","2"
"2019","8","21","7","56","臺中市","南屯區","0","0","0","8","","","50","","","","","","","","","","","","","","","6","","","","","B03","","","1","","2","","","6","6","1","22","","B03","24.146893","120.642698","3"
"2019","8","21","7","56","臺中市","豐原區","0","0","0","8","","","60","","","","","","","","","","","","","","","","","","","","B03","","","1","","2","","","17","","1","22","","B03","24.257222","120.737163","3"
"2019","8","21","7","56","臺中市","豐原區","0","0","0","8","","","50","","","","","","","","","","","","","","","","","","","","B03","","","5","","2","","","10","","1","22","","B03","24.262414","120.739559","3"
"2019","8","21","7","57","臺中市","大甲區","0","1","0","8","1","5","70","3","1","1","5","4","5","7","1","1","10","5","5","2","15","25","2","9","4","1","F02","7","9","8","20","2","16","","25","25","1","20","8","F02","24.407866","120.642943","2"
"2019","8","21","8","0","臺中市","霧峰區","0","1","0","8","1","5","50","14","9","1","5","4","5","7","4","4","9","5","5","1","17","42","3","10","3","4","A41","7","14","1","5","2","1","","42","42","1","21","5","A41","24.072229","120.704864","2"
"2019","8","21","8","0","臺中市","潭子區","0","0","0","8","","","50","","","","","","","","","","","","","","","","","","","","B03","","","1","","2","","","19","","1","22","","B03","24.210458","120.704699","3"
"2019","8","21","8","1","臺中市","西屯區","0","1","0","8","1","5","50","3","1","1","5","4","5","7","4","4","10","5","5","2","16","6","3","10","1","1","B03","7","5","1","8","2","5","","6","6","1","21","8","B03","24.160063","120.648781","2"
"2019","8","21","8","1","臺中市","西屯區","0","1","0","7","1","5","40","14","9","1","5","4","5","7","4","4","10","5","5","2","12","23","3","10","3","4","B03","7","9","1","8","2","1","","23","23","1","22","8","B03","24.195615","120.621108","2"
"2019","8","21","8","6","臺中市","南屯區","0","1","0","8","1","5","50","5","18","1","5","4","5","7","1","1","10","5","5","2","3","15","3","10","1","1","B03","7","5","1","8","2","4","","15","15","1","22","8","B03","24.150856","120.633341","2"
"2019","8","21","8","9","臺中市","后里區","0","1","0","8","1","5","50","3","1","1","5","4","5","7","1","1","10","5","5","2","16","25","2","8","3","4","C03","7","9","1","10","2","11","","25","25","1","21","8","C03","24.313666","120.692545","2"
"2019","8","21","8","9","臺中市","神岡區","0","1","0","8","1","5","50","3","1","1","5","4","5","7","1","1","1","1","5","1","16","6","3","10","1","1","B03","7","5","1","8","2","5","","6","6","1","21","8","B03","24.248274","120.692753","2"
"2019","8","21","8","15","臺中市","潭子區","0","1","0","7","1","5","50","4","1","1","5","4","5","7","1","1","10","5","5","2","15","25","3","10","1","1","B03","7","9","1","8","2","2","","25","25","1","22","8","B03","24.204468","120.716038","2"
"2019","8","21","8","20","臺中市","大雅區","0","1","0","8","1","5","50","3","1","1","5","4","5","7","4","4","5","4","4","1","17","6","3","10","1","1","B03","7","5","1","8","2","5","","6","6","1","21","8","B03","24.220765","120.650134","2"
"2019","8","21","8","40","臺中市","北屯區","0","1","0","8","1","5","50","14","7","1","5","4","5","7","4","4","5","2","4","2","17","23","2","8","3","4","C03","7","15","1","10","2","14","","23","23","1","21","8","C03","24.16498","120.694693","2"
"2019","8","21","8","45","臺中市","中區","0","1","0","8","1","5","50","4","1","1","5","4","5","7","1","1","10","5","5","2","16","8","2","9","1","1","C03","7","5","1","10","2","11","","8","8","1","5","1","C03","24.143633","120.675031","2"
"2019","8","21","8","46","臺中市","南屯區","0","0","0","8","","5","50","3","9","1","5","4","5","7","1","1","1","2","5","2","12","7","3","10","1","1","B03","7","8","1","8","2","5","","7","7","1","22","8","B03","24.142251","120.638425","3"
"2019","8","21","8","49","臺中市","西屯區","0","0","0","8","1","5","50","","","","","","","","","","","","","","","17","","","","","B03","","","3","","2","5","","17","17","1","22","","B03","24.166898","120.665037","3"
"2019","8","21","8","50","臺中市","大雅區","0","0","0","","","","","","","","","","","","","","","","","","","","","","","","B03","","","1","","2","","","17","","1","22","","B03","24.224047","120.652907","3"
"2019","8","21","8","57","臺中市","西屯區","0","0","0","8","","","40","","","","","","","","","","","","","","","","","","","","C03","","","1","","1","","","6","","1","12","","C03","24.182875","120.648217","3"
"2019","8","21","9","0","臺中市","南屯區","0","1","0","8","1","5","40","3","1","1","5","4","5","7","4","4","10","5","5","2","18","23","2","9","1","1","C03","7","9","1","10","2","12","","23","23","1","22","9","C03","24.156917","120.614397","2"
"2019","8","21","9","3","臺中市","北屯區","0","2","0","8","1","5","50","4","1","1","5","4","5","7","2","1","10","5","5","2","16","13","2","7","3","4","C03","7","9","1","10","2","11","","13","13","1","18","8","C03","24.171125","120.729461","2"
"2019","8","21","9","5","臺中市","烏日區","0","0","0","8","","","40","","","","","","","","","","","","","","","","","","","","B03","","","1","","2","","","17","","1","21","","B03","24.105071","120.623759","3"
"2019","8","21","9","30","臺中市","太平區","0","0","0","8","","","10","","","","","","","","","","","","","","","","","","","","A12","","","1","","2","","","23","","1","9","","A12","24.126617","120.705951","3"
"2019","8","21","9","34","臺中市","西屯區","0","0","0","8","","","40","","","","","","","","","","","","","","","","","","","","A41","","","1","","2","","","23","","1","21","","A41","24.174546","120.634271","3"