"年","月","日","時","分","縣市","區","死","受傷","2-30","天候","光線","道路類別","速限","道路型態","事故位置","路面鋪裝","路面狀態","路面缺陷","障礙物","視距","號誌種類","號誌動作","分向設施","快車道或一般車道間","快慢車道間","路面邊線","事故類型及型態","主要肇因","受傷程度","主要傷處","保護裝備","行動電話","當事者區分(類別)","車輛用途","當事者行動狀態","駕駛資格情形","駕駛執照種類","飲酒情形","車輛撞擊部位最初","車輛撞擊部位其他","肇事因素個別","肇事因素主要","肇事逃逸","職業","旅次目的","車種","GPS座標(緯度)","GPS座標(經度)","事故類別"
"2019","8","21","9","38","臺中市","北區","0","1","0","8","1","5","50","4","2","1","4","4","5","7","1","1","10","5","5","2","29","67","","","","","","","","","","","","","67","67","1","","","","24.163035","120.667977","2"
"2019","8","21","10","0","臺中市","北區","0","0","0","8","","","40","","","","","","","","","","","","","","","","","","","","B03","","","1","","11","","","43","","1","22","","B03","24.159274","120.695243","3"
"2019","8","21","10","3","臺中市","大里區","0","0","0","8","","","50","","","","","","","","","","","","","","","","","","","","B12","","","1","","2","","","42","","1","21","","B12","24.074961","120.679653","3"
"2019","8","21","10","14","臺中市","北屯區","0","0","0","8","","","50","","","","","","","","","","","","","","","","","","","","B03","","","1","","2","","","16","","1","5","","B03","24.165008","120.701511","3"
"2019","8","21","10","16","臺中市","西區","0","2","0","8","1","5","50","3","1","1","5","4","3","7","4","4","10","5","5","2","17","43","2","9","3","4","C03","7","15","1","10","2","14","","43","43","1","21","8","C03","24.142091","120.679164","2"
"2019","8","21","10","16","臺中市","北屯區","0","0","0","8","","","50","","","","","","","","","","","","","","","23","","","","","A02","","","1","2","2","","","23","23","1","10","","A02","24.193273","120.686648","3"
"2019","8","21","10","19","臺中市","大肚區","0","1","0","8","1","5","50","4","1","1","5","4","5","7","1","1","10","5","5","2","16","6","3","10","1","1","B03","7","5","1","8","2","8","","6","6","1","21","8","B03","24.168907","120.579029","2"
"2019","8","21","10","25","臺中市","西屯區","0","3","0","8","1","5","60","14","7","1","4","4","5","7","4","4","1","4","4","2","13","16","2","9","1","1","B03","7","9","1","8","2","1","","16","16","1","22","8","B03","24.16809","120.640446","2"
"2019","8","21","10","37","臺中市","烏日區","0","1","0","8","1","5","30","3","1","1","5","4","5","7","1","1","10","5","5","2","16","25","2","8","1","1","B03","7","5","1","10","2","1","","25","25","1","21","8","B03","24.115471","120.641453","2"
"2019","8","21","10","37","臺中市","神岡區","0","2","0","8","1","5","50","14","9","1","5","4","5","7","4","4","5","5","5","1","16","6","2","9","1","1","C03","7","5","1","10","2","14","","6","6","1","21","8","C03","24.270341","120.645129","2"
"2019","8","21","10","43","臺中市","潭子區","0","0","0","8","","","30","","","","","","","","","","","","","","","","","","","","B03","","","1","","2","","","12","","","22","","B03","24.212793","120.703403","4"
"2019","8","21","10","58","臺中市","西屯區","0","0","0","8","","","40","","","","","","","","","","","","","","","","","","","","A41","","","1","","2","","","42","","1","21","","A41","24.163818","120.629136","3"
"2019","8","21","11","2","臺中市","梧棲區","0","0","0","8","","","50","","","","","","","","","","","","","","","","","","","","B03","","","1","","2","","","16","","1","4","","B03","24.251317","120.537046","3"
"2019","8","21","11","8","臺中市","西屯區","0","1","0","7","1","5","40","14","7","1","5","4","5","7","4","4","5","4","4","2","17","19","3","10","3","4","B03","7","1","1","8","2","4","","19","19","1","22","8","B03","24.172541","120.637123","2"
"2019","8","21","11","11","臺中市","北區","0","2","0","8","1","5","40","3","2","1","5","4","5","7","4","4","4","5","5","2","17","6","2","9","3","4","C03","7","6","1","10","2","13","","6","6","1","22","9","C03","24.157193","120.695723","2"
"2019","8","21","11","11","臺中市","梧棲區","0","1","0","8","1","5","50","4","1","1","5","4","5","7","4","4","10","5","5","2","16","6","2","9","1","1","C04","7","5","1","10","2","11","","6","6","1","9","5","C04","24.251626","120.52931","2"
"2019","8","21","11","17","臺中市","石岡區","0","0","0","8","","","50","","","","","","","","","","","","","","","","","","","","A11","","","1","","2","","","38","","1","10","","A11","24.27701","120.777356","3"
"2019","8","21","11","24","臺中市","西區","0","2","0","8","1","5","50","3","1","1","5","4","5","7","4","4","5","4","5","2","15","6","2","7","1","1","C03","7","9","1","10","2","11","","6","6","1","21","5","C03","24.152953","120.661679","2"
"2019","8","21","11","28","臺中市","北屯區","0","0","0","","","","","","","","","","","","","","","","","","","","","","","","C03","","","1","","2","","","16","","1","5","","C03","24.164978","120.701698","3"
"2019","8","21","11","29","臺中市","大里區","0","1","0","8","1","5","40","14","8","1","5","4","5","7","4","4","1","4","4","1","17","40","3","10","3","3","B03","7","13","6","18","2","4","","40","40","1","21","5","B03","24.081174","120.698198","2"
"2019","8","21","11","47","臺中市","北屯區","0","1","0","8","1","5","50","4","1","1","5","4","5","7","2","1","10","5","5","2","17","6","3","10","3","4","B03","7","6","1","8","2","5","","6","6","1","21","8","B03","24.175653","120.68578","2"
"2019","8","21","11","49","臺中市","北區","0","1","0","8","1","5","50","4","1","1","5","4","5","7","1","1","10","5","5","2","17","25","3","10","3","4","B03","7","6","1","8","2","2","","25","25","1","5","8","B03","24.151218","120.677347","2"
"2019","8","21","11","50","臺中市","外埔區","0","1","0","8","1","5","40","3","1","1","5","4","5","7","4","4","10","5","5","2","16","4","2","8","2","5","F01","7","9","8","20","2","16","","4","4","1","20","7","F01","24.33055","120.654588","2"
"2019","8","21","11","51","臺中市","西區","0","1","0","8","1","5","50","14","9","1","5","4","5","7","4","4","10","5","5","2","11","5","3","10","3","4","B03","7","9","1","8","2","4","","5","5","1","21","8","B03","24.14109","120.655902","2"
"2019","8","21","11","55","臺中市","西屯區","0","0","0","8","1","5","70","","","","","","","","","","","","","","","23","","","","","B12","","","1","","2","1","","23","23","1","22","","B12","24.178392","120.624949","3"
"2019","8","21","11","57","臺中市","大雅區","0","0","0","8","","","40","","","","","","","","","","","","","","","","","","","","B03","","","1","","1","","","23","","1","","","B03","24.230527","120.623631","3"
"2019","8","21","12","0","臺中市","西區","0","0","0","8","","","50","","","","","","","","","","","","","","","","","","","","B12","","","1","","2","","","43","","1","21","","B12","24.150832","120.668755","3"
"2019","8","21","12","4","臺中市","西屯區","0","0","0","8","","","40","","","","","","","","","","","","","","","44","","","","","B03","","","1","","2","","","44","44","1","22","","B03","24.183886","120.60038","3"
"2019","8","21","12","5","臺中市","西區","0","0","0","","","","","","","","","","","","","","","","","","","","","","","","","","","7","","11","","","43","","1","","","","","","3"
"2019","8","21","12","6","臺中市","北屯區","0","1","0","8","1","5","50","3","1","1","5","4","5","7","4","4","10","5","5","2","14","12","3","10","1","1","B03","7","2","1","8","2","3","","12","12","1","21","8","B03","24.167946","120.685278","2"
"2019","8","21","12","8","臺中市","北屯區","0","0","0","8","","","50","","","","","","","","","","","","","","","","","","","","B03","","","1","","2","","","16","","1","5","","B03","24.168753","120.69647","3"
"2019","8","21","12","10","臺中市","南屯區","0","0","0","8","1","5","50","14","9","1","5","4","5","7","4","4","5","2","5","2","14","12","3","10","1","1","B03","7","2","1","8","2","7","","12","12","1","22","8","B03","24.146751","120.648631","3"
"2019","8","21","12","15","臺中市","清水區","0","1","0","8","1","5","40","4","1","1","5","4","5","7","4","4","5","5","5","2","16","42","2","8","4","5","F02","7","5","8","20","2","16","","42","42","1","16","8","F02","24.269001","120.575065","2"
"2019","8","21","12","19","臺中市","北區","0","0","0","8","","","50","","","","","","","","","","","","","","","","","","","","B03","","","1","","2","","","6","","1","22","","B03","24.162178","120.66408","4"
"2019","8","21","12","20","臺中市","大甲區","0","0","0","8","","","50","","","","","","","","","","","","","","","12","","","","","B03","","","1","","2","","","12","12","1","22","","B03","24.344023","120.623943","3"
"2019","8","21","12","22","臺中市","南屯區","0","0","0","8","","","50","","","","","","","","","","","","","","","13","","","","","C03","","","1","","2","","","13","13","1","22","","C03","24.146926","120.642935","3"
"2019","8","21","12","24","臺中市","大里區","0","0","0","8","","","50","","","","","","","","","","","","","","","","","","","","C03","","","7","","1","","","23","","1","22","","C03","24.110875","120.683968","3"
"2019","8","21","12","26","臺中市","北區","0","0","0","8","","","50","","","","","","","","","","","","","","","","","","","","C03","","","1","","2","","","6","","1","5","","C03","24.168598","120.677616","3"
"2019","8","21","12","30","臺中市","西屯區","0","0","0","8","1","5","50","","","","","","","","","","","","","","","42","","","","","B03","","","1","","2","1","","42","42","1","22","","B03","24.187921","120.618469","3"
"2019","8","21","12","32","臺中市","豐原區","0","0","0","8","","","50","","","","","","","","","","","","","","","","","","","","B12","","","1","","3","","","12","","1","4","","B12","24.244551","120.715506","3"
"2019","8","21","12","34","臺中市","太平區","0","1","0","8","1","5","40","14","8","1","5","4","5","7","4","4","5","5","4","2","12","43","3","10","3","4","C03","7","9","1","10","2","12","","43","43","1","5","8","C03","24.160379","120.7134","2"
"2019","8","21","12","40","臺中市","梧棲區","0","1","0","8","1","5","50","3","7","1","5","4","5","7","4","4","1","4","4","1","16","6","2","9","1","1","C03","7","6","1","10","2","14","","6","6","1","19","5","C03","24.246582","120.547989","2"
"2019","8","21","12","48","臺中市","梧棲區","0","0","0","8","","","50","","","","","","","","","","","","","","","","","","","","B03","","","1","","2","","","23","","1","9","","B03","24.246546","120.541026","3"
"2019","8","21","12","52","臺中市","西區","0","0","0","8","1","5","50","4","1","1","5","4","5","7","1","1","5","5","5","2","13","","3","","","","B03","","","1","","2","","","16","","1","21","","B03","24.137934","120.661693","3"
"2019","8","21","12","52","臺中市","北屯區","0","0","0","8","","","50","","","","","","","","","","","","","","","16","","","","","B03","","","1","","2","","","16","16","1","22","","B03","24.164856","120.694038","3"
"2019","8","21","13","20","臺中市","外埔區","0","0","0","8","1","5","50","3","9","1","5","4","5","7","1","1","4","2","5","1","13","42","3","10","1","1","B03","7","9","1","8","2","1","","42","42","1","21","8","B03","24.341401","120.640383","3"
"2019","8","21","13","23","臺中市","西區","0","2","0","8","1","5","50","4","1","1","5","4","5","7","1","1","10","5","5","2","16","42","2","9","1","1","C03","7","6","1","10","2","12","","42","42","1","21","8","C03","24.146701","120.653027","2"
"2019","8","21","13","23","臺中市","太平區","0","0","0","8","","","50","","","","","","","","","","","","","","","","","","","","B12","","","1","","2","","","23","","1","23","","B12","24.124393","120.713136","3"
"2019","8","21","13","25","臺中市","豐原區","0","0","0","8","","","50","","","","","","","","","","","","","","","","","","","","B03","","","1","","2","","","23","","1","22","","B03","24.256286","120.715363","3"
"2019","8","21","13","31","臺中市","北屯區","0","2","0","8","1","5","40","3","1","1","5","4","5","7","4","4","10","5","5","2","17","6","2","9","3","4","C03","7","5","1","10","2","11","","6","6","1","21","8","C03","24.164818","120.693365","2"
"2019","8","21","13","34","臺中市","太平區","0","0","0","8","","","50","","","","","","","","","","","","","","","","","","","","B03","","","1","","2","","","16","","1","9","","B03","24.101064","120.721205","3"
"2019","8","21","13","36","臺中市","烏日區","0","0","0","","","","","","","","","","","","","","","","","","","","","","","","B12","","","1","","2","","","16","","1","","","B12","24.092299","120.648075","3"
"2019","8","21","13","45","臺中市","北區","0","2","0","8","1","5","50","4","1","1","5","4","5","7","1","1","10","5","5","2","13","16","2","9","1","4","C03","7","9","1","10","2","11","","16","16","1","5","8","C03","24.166812","120.665783","2"
"2019","8","21","13","47","臺中市","西區","0","0","0","8","","","50","","","","","","","","","","","","","","","","3","","","","B03","","","1","","2","","","23","","","21","","B03","24.155849","120.662002","3"
"2019","8","21","14","7","臺中市","豐原區","0","0","0","8","","","50","","","","","","","","","","","","","","","","","","","","B03","","","1","","2","","","12","","1","4","","B03","24.250433","120.72628","3"
"2019","8","21","14","19","臺中市","北區","0","0","0","8","","","50","","","","","","","","","","","","","","","","","","","","B12","","","1","","2","","","12","","1","22","","B12","24.148748","120.678925","3"
"2019","8","21","14","38","臺中市","大雅區","0","0","0","8","","","50","","","","","","","","","","","","","","","","","","","","B03","","","1","","2","","","16","","1","","","B03","24.218564","120.639055","3"
"2019","8","21","14","40","臺中市","南區","0","0","0","8","","","50","","","","","","","","","","","","","","","","","","","","B03","","","1","","2","","","7","","1","5","","B03","24.118565","120.679248","3"
"2019","8","21","14","41","臺中市","東區","0","0","0","8","","","40","","","","","","","","","","","","","","","17","","","","","A02","","","1","","2","","","23","17","1","10","","A02","24.144647","120.699414","3"
"2019","8","21","14","46","臺中市","南屯區","0","0","0","8","","","50","","","","","","","","","","","","","","","23","","","","","B03","","","1","","2","","","23","23","1","22","","B03","24.136406","120.634081","3"
"2019","8","21","14","47","臺中市","西屯區","0","1","0","8","1","5","40","14","8","1","5","4","5","7","4","4","9","4","4","2","12","17","3","10","1","1","B12","7","9","1","10","2","5","","17","17","1","12","8","B12","24.200578","120.643803","2"
"2019","8","21","14","49","臺中市","大雅區","0","1","0","8","1","5","50","3","2","1","5","4","5","7","1","3","9","4","5","1","17","6","2","9","1","1","C03","7","5","3","18","2","12","","6","6","1","22","9","C03","24.229101","120.644431","2"
"2019","8","21","14","50","臺中市","西區","0","1","0","8","1","5","50","4","1","1","5","4","5","7","1","1","5","5","5","2","16","6","3","10","3","4","B03","7","5","1","8","2","1","","6","6","1","21","8","B03","24.140599","120.673594","2"
"2019","8","21","14","52","臺中市","西區","0","0","0","8","1","5","50","4","9","1","5","4","5","7","4","4","5","2","5","2","16","","","","","","B03","","","1","","2","","","9","","1","19","","B03","24.14824","120.666609","3"
"2019","8","21","14","53","臺中市","北屯區","0","0","0","8","","","50","","","","","","","","","","","","","","","","","","","","B03","","","1","","2","","","6","","","5","","B03","24.162286","120.69198","3"
"2019","8","21","14","59","臺中市","南屯區","0","0","0","8","","","50","","","","","","","","4","","","","","","","19","3","","","","B03","","","1","","2","","","19","19","1","21","","B03","24.150929","120.647936","3"
"2019","8","21","15","0","臺中市","大甲區","0","1","0","8","1","5","50","14","12","1","5","4","5","7","4","4","5","4","4","1","17","6","3","10","1","4","C03","7","5","1","10","2","15","","6","6","1","21","8","C03","24.344588","120.634388","2"
"2019","8","21","15","7","臺中市","東區","0","0","0","8","","","50","","","","","","","","","","","","","","","","3","","","","B03","","","1","","2","","","6","","1","21","","B03","24.130304","120.692928","3"
"2019","8","21","15","10","臺中市","南區","0","1","0","8","1","5","50","14","7","1","5","4","5","7","4","4","1","4","4","2","13","23","3","10","1","1","B03","7","9","1","8","2","5","","23","23","1","22","8","B03","24.117312","120.679305","2"
"2019","8","21","15","10","臺中市","清水區","0","1","0","8","1","5","40","5","1","1","5","4","5","7","1","1","5","4","4","1","17","19","2","8","1","1","C03","7","1","1","10","2","11","","19","19","1","22","8","C03","24.265986","120.556821","2"
"2019","8","21","15","22","臺中市","新社區","0","1","0","7","1","5","50","4","1","1","5","4","5","7","1","1","10","5","5","1","16","23","3","10","1","1","B03","7","5","1","8","2","8","","23","23","1","5","8","B03","24.226944","120.80336","2"
"2019","8","21","15","23","臺中市","西屯區","0","1","0","8","1","5","40","14","7","1","5","4","5","7","4","4","5","5","4","2","16","26","3","10","1","1","C03","7","5","1","10","2","12","","26","26","1","22","8","C03","24.185323","120.640009","2"
"2019","8","21","15","35","臺中市","神岡區","0","2","0","8","1","5","50","5","1","1","5","4","5","7","1","1","5","5","4","2","16","6","3","10","1","1","B12","7","5","6","8","2","8","","6","6","1","21","8","B12","24.269944","120.660585","2"
"2019","8","21","15","44","臺中市","西區","0","0","0","8","","","40","","","","","","","","","","","","","","","23","3","","","","B03","","","1","8","2","2","","23","23","1","21","8","B03","24.155473","120.664928","3"
"2019","8","21","15","45","臺中市","大甲區","0","1","0","8","1","5","50","3","1","1","5","4","5","7","4","4","5","5","5","2","16","17","3","10","1","4","B03","7","4","1","10","2","2","","17","17","1","21","8","B03","24.382231","120.654395","2"
"2019","8","21","15","50","臺中市","南區","0","1","0","6","1","5","40","14","8","1","4","4","5","7","4","4","1","4","4","2","16","19","3","10","1","1","B12","7","1","1","8","2","8","","19","19","1","21","8","B12","24.112198","120.651753","2"
"2019","8","21","15","50","臺中市","大甲區","0","1","0","8","1","5","70","4","1","1","5","4","5","7","1","1","1","5","5","2","16","8","2","8","1","4","F01","7","5","8","20","2","16","","8","8","1","9","8","F01","24.376385","120.648613","2"
"2019","8","21","15","55","臺中市","北屯區","0","1","0","6","1","5","50","14","7","1","4","4","5","7","4","4","5","5","4","2","16","10","3","10","1","1","B03","7","11","1","8","2","1","","10","10","1","5","8","B03","24.178203","120.670336","2"
"2019","8","21","15","55","臺中市","北屯區","0","0","0","8","","","50","","","","","","","","","","","","","","","","","","","","B03","","","1","","2","","","23","","1","22","","B03","24.173966","120.674256","3"
"2019","8","21","16","0","臺中市","霧峰區","0","0","0","8","","","50","","","","","","","","","","","","","","","","","","","","B02","","","1","","11","","","23","","1","5","","B02","24.063792","120.678859","3"
"2019","8","21","16","3","臺中市","西區","0","0","0","8","1","5","60","14","7","1","5","4","5","7","4","4","1","5","5","2","13","","3","","","","B03","","","1","","2","","","7","","1","21","","B03","24.15781","120.658183","3"
"2019","8","21","16","5","臺中市","西區","0","0","0","8","","","50","","","","","","","","","","","","","","","","3","","","","B03","","","1","","2","","","6","","","21","","B03","24.158485","120.66175","3"
"2019","8","21","16","6","臺中市","烏日區","0","0","0","6","","","40","","","","","","","","","","","","","","","","","","","","B03","","","1","","2","","","23","","1","","","B03","24.097371","120.635681","3"
"2019","8","21","16","29","臺中市","北屯區","0","0","0","8","","","40","","","","","","","","","","","","","","","7","","","","","C03","","","1","","2","","","7","7","1","5","","C03","24.176433","120.681796","3"
"2019","8","21","16","30","臺中市","南區","0","1","0","8","1","5","50","14","7","1","5","4","5","7","4","4","1","4","4","2","13","23","2","9","1","1","C03","7","9","1","10","2","11","","23","23","1","22","8","C03","24.112598","120.651685","2"
"2019","8","21","16","34","臺中市","豐原區","0","0","0","6","","","60","","","","","","","","","","","","","","","","","","","","B03","","","1","","2","","","23","","1","22","","B03","24.258956","120.736901","3"
"2019","8","21","16","35","臺中市","太平區","0","0","0","6","","","50","","","","","","","","","","","","","","","","","","","","B03","","","1","","2","","","17","","1","22","","B03","24.158544","120.724001","3"
"2019","8","21","16","40","臺中市","西區","0","0","0","6","","","50","","","","","","","","","","","","","","","23","3","","","","B03","","","1","8","2","1","","23","23","1","21","8","B03","24.135236","120.665633","3"
"2019","8","21","16","45","臺中市","潭子區","0","1","0","6","1","5","50","4","1","1","4","4","5","7","3","3","10","5","5","2","16","6","3","10","1","1","C03","7","9","1","10","2","12","","6","6","1","21","8","C03","24.210743","120.704256","2"
"2019","8","21","16","53","臺中市","太平區","0","1","0","6","2","5","40","4","1","1","4","4","5","7","4","4","10","5","5","2","27","23","","","","","","","","","","","","","66","23","1","","","","24.122659","120.716995","2"
"2019","8","21","17","3","臺中市","北屯區","0","1","0","6","2","5","40","4","19","1","4","4","5","7","2","1","10","5","5","2","3","25","3","10","1","1","C03","7","9","4","8","2","11","","25","25","1","22","8","C03","24.196565","120.680348","2"
"2019","8","21","17","13","臺中市","北區","0","1","0","6","1","5","40","4","1","1","4","4","5","7","1","1","5","2","4","2","18","23","2","9","1","1","C03","7","9","1","10","2","12","","23","23","1","21","8","C03","24.16313","120.676737","2"
"2019","8","21","17","15","臺中市","霧峰區","0","0","0","6","","","50","","","","","","","","","","","","","","","","","","","","C03","","","1","","2","","","23","","1","5","","C03","24.066779","120.69901","3"
"2019","8","21","17","16","臺中市","太平區","0","1","0","6","2","5","50","14","9","1","4","4","5","7","4","4","5","5","5","1","18","43","2","9","1","1","C03","7","9","1","10","2","14","","43","43","1","18","8","C03","24.141697","120.725888","2"
"2019","8","21","17","18","臺中市","太平區","0","1","0","6","1","5","50","3","1","1","4","4","5","7","4","4","10","5","5","2","16","23","3","10","1","1","B12","7","5","1","8","2","8","","23","23","1","5","2","B12","24.140054","120.714874","2"
"2019","8","21","17","21","臺中市","北屯區","0","1","0","6","1","5","50","3","1","1","4","4","5","7","4","4","10","5","5","2","16","6","2","9","1","1","F01","7","5","8","20","2","16","","6","6","1","22","8","F01","24.178682","120.699949","2"
"2019","8","21","17","24","臺中市","大安區","0","1","0","8","1","5","50","14","9","1","5","4","5","7","4","4","5","5","5","1","17","19","3","10","1","1","A11","7","1","1","1","2","4","","19","19","1","10","8","A11","24.343301","120.589197","2"
"2019","8","21","17","25","臺中市","龍井區","0","1","0","8","1","5","40","14","9","1","5","4","3","5","4","4","10","5","5","2","17","44","3","10","1","4","B03","7","9","1","8","2","5","","44","44","1","22","8","B03","24.182555","120.585214","2"
"2019","8","21","17","26","臺中市","北區","0","0","0","6","","","50","","","","","","","","","","","","","","","","","","","","B03","","","1","","2","","","7","","","22","","B03","24.167016","120.68308","3"
"2019","8","21","17","29","臺中市","太平區","0","0","0","6","","","40","","","","","","","","","","","","","","","","","","","","B03","","","1","","2","","","23","","1","21","","B03","24.1445","120.718912","3"
"2019","8","21","17","29","臺中市","烏日區","0","0","0","8","","","40","","","","","","","","","","","","","","","","","","","","B12","","","1","","2","","","16","","1","","","B12","24.119208","120.616238","3"
"2019","8","21","17","30","臺中市","北屯區","0","0","0","6","","","50","","","","","","","","","","","","","","","","","","","","B12","","","1","","2","","","7","","1","22","","B12","24.162921","120.720853","3"
"2019","8","21","17","30","臺中市","大雅區","0","1","0","6","1","5","40","11","9","1","4","4","5","7","4","4","10","5","5","2","17","5","3","10","1","1","B03","7","9","1","8","2","8","","5","5","1","22","9","B03","24.21249","120.64427","2"
"2019","8","21","17","32","臺中市","大里區","0","1","0","8","1","5","50","4","1","1","5","4","5","7","1","1","10","5","5","2","16","8","3","10","1","1","B01","7","5","1","4","2","2","","8","8","1","22","8","B01","24.110031","120.689971","2"
"2019","8","21","17","34","臺中市","大里區","0","0","0","6","","","50","","","","","","","","","","","","","","","","","","","","B03","","","1","","2","","","17","","1","21","","B03","24.092008","120.703525","3"
"2019","8","21","17","35","臺中市","南屯區","0","0","0","6","","","50","","","","","","","","4","","","","","","","23","3","","","","B03","","","1","","2","","","23","23","1","21","","B03","24.140144","120.653781","3"
"2019","8","21","17","39","臺中市","大雅區","0","0","0","6","","","50","","","","","","","","","","","","","","","","","","","","B03","","","1","","2","","","12","","1","","","B03","24.219118","120.640634","3"
"2019","8","21","17","40","臺中市","西區","0","0","0","8","","","50","","","","","","","","","","","","","","","23","3","","","","B03","","","1","8","2","1","","23","23","1","21","8","B03","24.159218","120.660973","3"
"2019","8","21","17","44","臺中市","西區","0","2","0","6","1","5","50","4","1","1","4","4","5","7","4","4","10","5","5","2","16","6","2","9","1","1","C03","7","5","1","10","2","12","","6","6","1","5","1","C03","24.151592","120.655101","2"
"2019","8","21","17","47","臺中市","梧棲區","0","0","0","8","","","70","","","","","","","","","","","","","","","","","","","","B12","","","1","","2","","","23","","1","2","","B12","24.249577","120.536851","3"
"2019","8","21","17","55","臺中市","北屯區","0","1","0","6","3","5","50","3","1","1","4","4","5","7","4","4","10","5","5","2","16","6","2","9","1","1","C03","7","6","1","10","2","11","","6","6","1","21","8","C03","24.175628","120.730263","2"
"2019","8","21","18","8","臺中市","北屯區","0","0","0","8","","","50","","","","","","","","","","","","","","","19","","","","","B03","","","1","","2","","","19","19","1","5","","B03","24.172356","120.690713","3"
"2019","8","21","18","10","臺中市","大甲區","0","1","0","6","3","5","50","4","1","1","4","4","5","7","1","1","5","5","5","2","17","23","2","9","1","4","C03","7","9","1","10","2","15","","23","23","1","5","3","C03","24.348263","120.625841","2"
"2019","8","21","18","21","臺中市","大里區","0","0","0","6","","","50","","","","","","","","","","","","","","","","","","","","B03","","","1","","2","","","42","","1","3","","B03","24.094597","120.704083","3"
"2019","8","21","18","24","臺中市","西區","0","1","0","6","3","5","40","14","8","1","4","4","5","7","4","4","1","5","1","2","18","42","2","9","1","1","C03","7","9","1","10","2","14","","42","42","1","21","5","C03","24.154822","120.663443","2"
"2019","8","21","18","31","臺中市","西區","0","3","0","6","3","5","40","4","2","1","4","4","5","7","2","1","1","4","1","2","13","23","2","9","1","1","C03","7","9","1","10","2","11","","23","23","1","5","9","C03","24.154426","120.663626","2"
"2019","8","21","18","33","臺中市","西屯區","0","0","0","8","","","40","","","","","","","","","","","","","","","","","","","","B03","","","1","","2","","","42","","1","","","B03","24.163858","120.629088","3"
"2019","8","21","18","35","臺中市","南區","0","3","0","6","3","5","50","4","1","1","4","4","5","7","4","4","10","5","5","2","15","6","2","9","1","1","C03","7","9","1","10","2","11","","6","6","1","22","8","C03","24.12502","120.673066","2"
"2019","8","21","18","40","臺中市","北屯區","0","0","0","6","","","50","","","","","","","","","","","","","","","43","","","","","C03","","","4","","2","","","43","43","1","22","","C03","24.16957","120.704872","3"
"2019","8","21","18","44","臺中市","西區","0","0","0","8","","","50","","","","","","","","","","","","","","","","","","","","B03","","","1","","2","","","6","","1","22","","B03","24.150868","120.668178","3"
"2019","8","21","18","47","臺中市","北屯區","0","2","0","6","3","5","50","14","8","1","4","4","5","7","4","4","9","5","5","2","16","6","2","7","1","1","C03","7","5","1","10","2","12","","6","6","1","21","8","C03","24.185071","120.690386","2"
"2019","8","21","18","53","臺中市","豐原區","0","0","0","6","","","50","","","","","","","","","","","","","","","","","","","","B03","","","1","","2","","","23","","1","3","","B03","24.239516","120.711571","3"
"2019","8","21","18","56","臺中市","西區","0","0","0","6","","","50","","","","","","","","","","","","","","","","","","","","B02","","","1","","2","","","16","","1","5","","B02","24.147929","120.673702","4"
"2019","8","21","19","2","臺中市","后里區","0","2","0","6","3","5","60","14","12","1","4","4","5","7","4","4","1","4","4","1","13","16","2","9","1","1","C03","7","9","3","18","2","11","","16","16","1","21","8","C03","24.28959","120.723455","2"
"2019","8","21","19","10","臺中市","北區","0","1","0","6","3","5","40","3","2","1","4","4","5","7","1","1","1","2","4","2","17","19","3","10","1","1","B03","7","1","1","7","2","8","","19","19","1","21","8","B03","24.161255","120.694092","2"
"2019","8","21","19","12","臺中市","東勢區","0","1","0","7","3","5","50","14","8","1","4","4","5","7","4","4","1","3","4","1","1","23","3","10","1","1","C03","7","9","1","10","2","11","","23","23","1","22","9","C03","24.250298","120.828363","2"
"2019","8","21","19","13","臺中市","西屯區","0","3","0","8","1","5","50","14","7","1","5","4","5","7","4","4","5","4","4","2","3","23","2","9","3","4","C04","7","9","1","10","2","11","","23","23","1","21","8","C04","24.187081","120.62033","2"
"2019","8","21","19","20","臺中市","西屯區","0","0","0","8","","","50","14","7","1","5","4","5","7","4","4","9","4","4","2","13","23","3","10","3","4","B03","7","9","1","8","2","1","","23","23","1","","9","B03","24.175734","120.649875","3"
"2019","8","21","19","30","臺中市","大雅區","0","1","0","7","3","5","40","4","1","1","4","4","5","7","1","1","10","5","5","2","17","23","3","10","1","1","B03","7","5","1","8","2","8","","23","23","1","22","9","B03","24.21756","120.65322","2"
"2019","8","21","19","33","臺中市","西屯區","0","0","0","8","","","40","","","","","","","","","","","","","","","","","","","","B03","","","1","","2","","","23","","1","","","B03","24.17964","120.637421","3"
"2019","8","21","19","51","臺中市","大肚區","0","1","0","8","3","5","50","14","8","1","5","4","5","7","4","4","5","5","4","2","17","23","2","8","1","1","C03","7","9","1","10","2","11","","23","23","1","21","8","C03","24.152255","120.548555","2"
"2019","8","21","19","57","臺中市","清水區","0","0","0","8","","","50","","","","","","","","","","","","","","","","","","","","B03","","","1","","2","","","23","","1","21","","B03","24.265668","120.556366","4"
"2019","8","21","20","0","臺中市","東區","0","0","0","8","","","40","","","","","","","","","","","","","","","","3","","","","B03","","","1","","2","","","19","","1","21","","B03","24.144878","120.705854","3"