"年","月","日","時","分","縣市","區","死","受傷","2-30","天候","光線","道路類別","速限","道路型態","事故位置","路面鋪裝","路面狀態","路面缺陷","障礙物","視距","號誌種類","號誌動作","分向設施","快車道或一般車道間","快慢車道間","路面邊線","事故類型及型態","主要肇因","受傷程度","主要傷處","保護裝備","行動電話","當事者區分(類別)","車輛用途","當事者行動狀態","駕駛資格情形","駕駛執照種類","飲酒情形","車輛撞擊部位最初","車輛撞擊部位其他","肇事因素個別","肇事因素主要","肇事逃逸","職業","旅次目的","車種","GPS座標(緯度)","GPS座標(經度)","事故類別"
"2019","8","21","20","2","臺中市","清水區","0","1","0","7","3","5","50","4","1","1","5","4","5","7","4","4","9","4","5","1","16","6","3","10","1","1","B03","7","5","1","8","2","1","","6","6","1","4","1","B03","24.268258","120.576673","2"
"2019","8","21","20","5","臺中市","潭子區","0","0","0","8","3","5","50","4","1","1","5","4","5","7","1","1","10","4","4","2","16","","","","","","B03","","","1","","2","","","6","","1","22","","B03","24.211643","120.712018","3"
"2019","8","21","20","12","臺中市","豐原區","0","0","0","8","","","50","","","","","","","","","","","","","","","","","","","","C03","","","1","","2","","","19","","1","21","","C03","24.25819","120.731313","3"
"2019","8","21","20","20","臺中市","西屯區","0","0","0","8","","","50","","","","","","","","","","","","","","","23","","","","","B03","","","1","","2","","","23","23","1","","","B03","24.157042","120.641657","3"
"2019","8","21","20","30","臺中市","北屯區","0","0","0","8","","","50","","","","","","","","","","","","","","","","","","","","B03","","","1","","2","","","19","","1","","","B03","24.169652","120.697439","3"
"2019","8","21","20","33","臺中市","北屯區","0","1","0","8","3","5","50","14","7","1","5","4","5","7","4","4","7","5","5","2","13","16","2","9","1","1","C03","7","9","1","10","2","11","","16","16","1","22","8","C03","24.169476","120.705901","2"
"2019","8","21","20","35","臺中市","西區","0","1","0","8","3","5","50","4","1","1","5","4","5","7","1","1","10","5","5","2","12","7","3","10","1","1","B01","7","8","1","4","2","5","","7","7","1","21","8","B01","24.146328","120.67025","2"
"2019","8","21","20","46","臺中市","北區","0","1","0","8","3","5","50","3","1","1","5","4","5","7","1","1","10","5","5","2","16","9","3","10","1","1","B03","7","6","1","8","2","5","","9","9","1","22","8","B03","24.159814","120.702258","2"
"2019","8","21","20","47","臺中市","西屯區","0","0","0","8","","","50","","","","","","","","","","","","","","","","","","","","B03","","","1","","2","","","7","","1","","","B03","24.173203","120.633675","3"
"2019","8","21","21","8","臺中市","大里區","0","0","0","8","","","40","","","","","","","","","","","","","","","","","","","","B12","","","1","","2","","","18","","1","22","","B12","24.095498","120.701571","3"
"2019","8","21","21","21","臺中市","豐原區","0","0","0","8","","","50","","","","","","","","","","","","","","","","","","","","B03","","","1","","2","","","23","","1","21","","B03","24.249325","120.730926","3"
"2019","8","21","21","25","臺中市","太平區","0","0","0","6","","","40","","","","","","","","","","","","","","","","","","","","","","","8","","10","","","67","","1","","","","24.120571","120.716902","3"
"2019","8","21","21","43","臺中市","南區","0","0","0","","","","","","","","","","","","","","","","","","","","","","","","B03","","","1","","2","","","16","","1","","","B03","24.120597","120.662597","3"
"2019","8","21","21","43","臺中市","東區","0","0","0","8","","","50","","","","","","","","","","","","","","","","","","","","B03","","","1","","2","","","23","","1","22","","B03","24.142773","120.70013","3"
"2019","8","21","21","50","臺中市","西屯區","0","1","0","8","3","5","50","4","1","1","5","4","5","7","4","4","1","5","5","2","17","43","2","9","1","1","C03","7","9","5","10","2","14","","43","43","1","22","8","C03","24.166656","120.65037","2"
"2019","8","21","22","40","臺中市","北屯區","0","0","0","8","","","50","","","","","","","","","","","","","","","","","","","","B02","","","1","","11","","","19","","2","22","","B02","24.170313","120.691473","3"
"2019","8","21","22","52","臺中市","西區","0","1","0","8","3","5","50","4","1","1","5","4","5","7","1","1","10","5","5","2","3","15","3","10","1","1","B03","7","5","1","8","2","15","","15","15","1","5","8","B03","24.137972","120.657289","2"
"2019","8","21","23","3","臺中市","北屯區","0","0","0","8","","","50","","","","","","","","","","","","","","","1","","","","","B03","","","1","","2","","","7","1","1","21","","B03","24.188648","120.660815","3"
"2019","8","21","23","10","臺中市","北屯區","0","1","0","7","3","5","50","4","1","1","4","4","5","7","1","1","10","5","5","2","16","6","3","10","1","1","B03","7","6","1","8","2","6","","6","6","2","21","8","B03","24.200832","120.686743","2"
"2019","8","21","23","16","臺中市","中區","0","1","0","8","3","5","50","14","7","1","5","4","3","7","4","4","10","4","4","2","16","7","2","9","1","1","C03","7","7","1","10","2","14","","7","7","1","21","8","C03","24.143292","120.674441","2"
"2019","8","22","1","7","臺中市","北屯區","0","1","0","8","3","5","50","4","1","1","5","4","5","7","1","1","10","5","5","2","12","25","2","9","3","4","C03","7","5","1","10","2","12","","25","25","1","21","8","C03","24.176335","120.681208","2"
"2019","8","22","1","56","臺中市","豐原區","0","0","0","8","","","50","","","","","","","","","","","","","","","","","","","","B03","","","1","","2","","","23","","2","21","","B03","24.250213","120.73175","3"
"2019","8","22","5","45","臺中市","大肚區","0","1","0","8","1","5","50","3","1","1","5","4","5","7","2","1","10","5","5","2","16","6","3","10","1","1","A41","7","5","1","1","2","1","","6","6","1","10","1","A41","24.122708","120.567818","2"
"2019","8","22","6","45","臺中市","清水區","0","2","0","8","1","5","50","5","2","1","5","4","5","7","1","1","10","4","5","1","12","26","2","9","1","1","C03","7","5","1","10","2","13","","26","26","1","5","7","C03","24.275416","120.57746","2"
"2019","8","22","6","55","臺中市","清水區","0","1","0","8","2","5","70","4","1","1","5","4","5","7","1","1","10","5","4","2","15","25","3","10","1","1","B02","7","9","1","8","2","7","","25","25","1","5","1","B02","24.269498","120.571878","2"
"2019","8","22","7","4","臺中市","梧棲區","0","0","0","8","","","50","","","","","","","","","","","","","","","","","","","","A12","","","1","","2","","","6","","1","","","A12","24.23754","120.52144","3"
"2019","8","22","7","10","臺中市","南屯區","0","1","0","8","1","5","50","14","9","1","5","4","5","7","1","1","5","4","5","2","13","23","3","10","1","1","B03","7","9","1","10","2","1","","23","23","1","22","8","B03","24.151889","120.649863","2"
"2019","8","22","7","17","臺中市","太平區","0","2","0","8","1","5","40","3","2","1","5","4","5","7","4","4","10","5","5","2","11","5","2","8","1","1","C03","7","9","1","10","2","11","","5","5","1","9","1","C03","24.129566","120.73148","2"
"2019","8","22","7","18","臺中市","太平區","0","1","0","8","1","5","50","16","9","1","5","4","5","7","4","4","10","5","5","2","10","4","3","10","1","1","C03","7","9","6","18","2","11","","4","4","1","21","8","C03","24.146546","120.716086","2"
"2019","8","22","7","30","臺中市","北屯區","0","0","0","8","","","40","","","","","","","","","","","","","","","","","","","","B03","","","1","","2","","","16","","","22","","B03","24.164356","120.693693","3"
"2019","8","22","7","35","臺中市","清水區","0","1","0","8","1","5","50","3","1","1","5","4","5","7","4","4","5","4","5","2","3","23","3","10","1","1","C03","7","9","1","10","2","11","","23","23","1","22","8","C03","24.268502","120.575987","2"
"2019","8","22","7","35","臺中市","大甲區","0","2","0","8","1","5","60","14","9","1","5","4","5","7","4","4","1","4","4","1","12","7","2","9","1","1","C03","7","7","1","10","2","13","","7","7","1","22","8","C03","24.346371","120.617258","2"
"2019","8","22","7","36","臺中市","梧棲區","0","2","0","8","1","5","50","14","9","1","5","4","5","7","4","4","5","4","5","2","16","19","3","10","1","1","B12","7","1","1","8","2","8","","19","19","1","12","1","B12","24.253351","120.534089","2"
"2019","8","22","7","37","臺中市","大里區","0","0","0","8","","","50","","","","","","","","","","","","","","","","","","","","C03","","","1","","2","","","16","","1","21","","C03","24.081263","120.702541","3"
"2019","8","22","7","40","臺中市","大里區","0","0","0","8","","","0","","","","","","","","","","","","","","","","","","","","B03","","","1","","2","","","12","","1","5","","B03","24.096281","120.682604","3"
"2019","8","22","7","40","臺中市","潭子區","0","1","0","8","1","5","50","14","7","1","5","4","5","7","4","4","5","4","4","2","16","10","3","10","1","1","B03","7","11","1","8","2","8","","10","10","1","20","8","B03","24.194021","120.695486","2"
"2019","8","22","7","42","臺中市","北屯區","0","0","0","8","","","40","","","","","","","","","","","","","","","","","","","","B12","","","1","","2","","","23","","1","5","","B12","24.161808","120.719106","3"
"2019","8","22","7","46","臺中市","大里區","0","2","0","8","1","5","50","4","1","1","5","4","5","7","1","1","10","5","5","2","12","26","2","7","3","4","C03","7","9","1","10","2","14","","26","26","1","22","8","C03","24.100355","120.69147","2"
"2019","8","22","7","47","臺中市","大甲區","0","1","0","8","1","5","60","4","1","1","5","4","5","7","1","1","10","5","5","1","11","25","3","10","1","1","B03","7","5","1","8","2","8","","25","25","1","22","1","B03","24.351071","120.614831","2"
"2019","8","22","7","47","臺中市","后里區","0","1","0","8","1","5","50","8","9","1","5","4","5","7","4","4","5","4","4","2","10","4","3","10","1","1","B03","7","9","1","8","2","8","","4","4","1","21","8","B03","24.308685","120.701666","2"
"2019","8","22","7","50","臺中市","南屯區","0","1","0","8","1","5","10","14","8","1","5","4","5","7","4","4","5","4","4","2","16","19","3","10","1","1","B12","7","1","1","8","2","1","","19","19","1","22","8","B12","24.153286","120.651681","2"
"2019","8","22","7","50","臺中市","清水區","0","1","0","8","1","5","50","4","1","1","5","4","5","7","1","1","10","5","5","2","3","15","3","10","1","1","B03","7","5","1","8","2","1","8","15","15","1","5","5","B03","24.267604","120.574954","2"
"2019","8","22","7","52","臺中市","北屯區","0","1","0","8","1","5","50","4","1","1","5","4","5","7","1","1","10","5","5","2","17","25","3","10","3","4","B03","7","9","1","8","2","5","","25","25","1","21","8","B03","24.173925","120.714468","2"
"2019","8","22","7","57","臺中市","北屯區","0","1","0","8","1","5","50","14","7","1","5","4","5","7","4","4","5","5","4","2","12","26","3","10","1","1","B12","7","11","1","8","2","4","","26","26","1","22","8","B12","24.17403","120.690538","2"
"2019","8","22","7","57","臺中市","大雅區","0","0","0","8","","","40","","","","","","","","","","","","","","","","","","","","B12","","","1","","2","","","16","","1","","","B12","24.215458","120.66785","3"
"2019","8","22","8","0","臺中市","烏日區","0","0","0","8","","","40","","","","","","","","","","","","","","","","","","","","C03","","","1","","2","","","6","","1","22","","C03","24.102888","120.641547","3"
"2019","8","22","8","0","臺中市","大雅區","0","0","0","8","","","50","","","","","","","","","","","","","","","","","","","","B03","","","1","","2","","","23","","1","22","","B03","24.24128","120.6298","4"
"2019","8","22","8","3","臺中市","西屯區","0","1","0","8","1","5","50","3","1","1","5","4","5","7","4","4","10","5","5","2","16","6","2","9","1","1","C03","7","5","1","10","2","14","","6","6","1","21","8","C03","24.198417","120.642738","2"
"2019","8","22","8","9","臺中市","北屯區","0","0","0","8","","","50","","","","","","","","","","","","","","","","","","","","B03","","","1","","2","","","23","","1","5","","B03","24.165238","120.695376","3"
"2019","8","22","8","9","臺中市","龍井區","0","1","0","8","1","5","40","14","9","1","5","4","5","7","4","4","10","5","5","2","17","40","3","10","1","1","B03","7","13","1","8","2","4","","40","40","1","19","8","B03","24.178685","120.587834","2"
"2019","8","22","8","9","臺中市","梧棲區","0","0","0","8","","","40","","","","","","","","","","","","","","","","","","","","B03","","","1","","2","","","16","","1","","","B03","24.25069","120.534736","3"
"2019","8","22","8","10","臺中市","烏日區","0","3","0","8","1","5","40","4","1","1","5","4","5","7","4","4","10","5","5","2","15","6","2","9","1","1","C03","7","9","1","10","2","12","","6","6","1","21","8","C03","24.058685","120.64726","2"
"2019","8","22","8","11","臺中市","潭子區","0","1","0","8","1","5","60","3","1","1","5","4","5","7","1","1","10","5","5","2","16","9","3","10","1","1","B12","7","6","1","8","2","6","","9","9","1","21","8","B12","24.187085","120.702453","2"
"2019","8","22","8","14","臺中市","西屯區","0","1","0","8","1","5","50","4","1","1","5","4","5","7","4","4","10","5","5","2","14","12","3","10","1","1","B03","7","2","1","8","2","3","","12","12","1","21","8","B03","24.168115","120.663188","2"
"2019","8","22","8","15","臺中市","西區","0","1","0","8","1","5","50","3","2","1","5","4","5","7","4","4","1","4","4","2","16","42","3","10","1","1","B03","7","6","1","8","2","2","","42","42","1","21","8","B03","24.158055","120.660376","2"
"2019","8","22","8","15","臺中市","清水區","0","2","0","8","1","5","40","14","9","1","5","4","5","7","4","4","10","5","5","2","17","43","2","9","1","1","C03","7","9","1","2","2","15","","43","43","1","22","8","C03","24.31948","120.564867","2"
"2019","8","22","8","20","臺中市","大雅區","0","1","0","8","1","5","50","14","8","1","5","4","5","7","4","4","5","5","4","1","16","19","3","10","1","1","B03","7","1","1","8","2","8","","19","19","1","22","8","B03","24.205084","120.64449","2"
"2019","8","22","8","21","臺中市","北屯區","0","0","0","8","","","50","","","","","","","","","","","","","","","","","","","","B12","","","1","","2","","","23","","1","5","","B12","24.164939","120.702265","3"
"2019","8","22","8","21","臺中市","梧棲區","0","0","0","8","","","40","","","","","","","","","","","","","","","","","","","","B03","","","1","","2","","","12","","1","","","B03","24.243363","120.543345","3"
"2019","8","22","8","25","臺中市","南屯區","0","1","0","8","1","5","50","3","1","1","5","4","5","7","1","1","10","5","5","2","16","6","3","10","1","1","B03","7","6","1","8","2","2","","6","6","1","22","9","B03","24.139102","120.611836","2"
"2019","8","22","8","26","臺中市","大里區","0","0","0","8","","","0","","","","","","","","","","","","","","","","","","","","C03","","","1","","2","","","16","","1","5","","C03","24.094649","120.680963","3"
"2019","8","22","8","30","臺中市","西區","0","1","0","8","1","5","50","4","1","1","5","4","5","7","4","4","10","5","5","2","16","6","2","9","3","4","C03","7","9","1","10","2","11","","6","6","1","21","8","C03","24.145329","120.657902","2"
"2019","8","22","8","35","臺中市","潭子區","0","0","0","8","","","30","","","","","","","","","","","","","","","","","","","","B03","","","1","","2","","","9","","","22","","B03","24.209816","120.713698","3"
"2019","8","22","8","36","臺中市","豐原區","0","0","0","8","","","50","","","","","","","","","","","","","","","","","","","","B03","","","1","","2","","","23","","1","22","","B03","24.250889","120.741811","3"
"2019","8","22","8","43","臺中市","西屯區","0","1","0","8","1","5","50","14","9","1","5","4","5","7","4","4","1","4","4","2","16","7","3","10","3","4","B03","7","8","1","8","2","2","","7","7","1","22","9","B03","24.165464","120.640341","2"
"2019","8","22","8","45","臺中市","北區","0","0","0","8","","","50","","","","","","","","","","","","","","","","","","","","C04","","","1","","2","","","7","","1","22","","C04","24.15382","120.692856","4"
"2019","8","22","8","45","臺中市","北屯區","0","0","0","8","","","50","","","","","","","","","","","","","","","","","","","","B03","","","1","","2","","","16","","1","5","","B03","24.201175","120.689963","3"
"2019","8","22","8","50","臺中市","大雅區","0","1","0","8","1","5","40","4","1","1","5","4","5","7","4","4","10","5","5","2","17","6","3","10","1","1","B03","7","9","1","8","2","5","","6","6","1","22","9","B03","24.21577","120.65494","2"
"2019","8","22","9","4","臺中市","北屯區","0","0","0","8","","","50","","","","","","","","","","","","","","","","","","","","B03","","","1","","2","","","12","","1","22","","B03","24.183178","120.719281","3"
"2019","8","22","9","8","臺中市","北區","0","2","0","8","1","5","50","3","1","1","5","4","5","7","4","4","10","5","5","2","17","6","2","9","3","4","C03","7","5","1","10","2","14","","6","6","1","5","8","C03","24.17003","120.670565","2"
"2019","8","22","9","30","臺中市","神岡區","0","0","0","8","","","40","","","","","","","","","","","","","","","","","","","","B03","","","1","","2","","","6","","1","21","","B03","24.246716","120.685091","3"
"2019","8","22","9","41","臺中市","北屯區","0","1","0","8","1","5","50","5","1","1","5","4","5","7","2","1","10","5","5","2","17","25","3","10","3","4","B01","7","11","1","4","2","6","","25","25","1","10","8","B01","24.170568","120.697648","2"
"2019","8","22","9","43","臺中市","西屯區","0","1","0","8","1","5","40","14","9","1","5","4","5","7","4","4","9","5","5","2","29","23","2","9","1","1","C03","7","9","1","10","2","11","","23","23","1","12","8","C03","24.190929","120.61653","2"
"2019","8","22","9","44","臺中市","太平區","0","0","0","8","","","50","","","","","","","","","","","","","","","","","","","","B12","","","1","","2","","","23","","1","","","B12","24.120062","120.721294","3"
"2019","8","22","9","47","臺中市","北屯區","0","1","0","8","1","5","50","5","1","1","5","4","5","7","2","1","10","5","5","2","16","26","2","9","1","1","C04","7","1","1","10","2","11","12","26","26","1","20","8","C04","24.169097","120.704933","2"
"2019","8","22","9","50","臺中市","北屯區","0","1","0","8","1","5","50","4","1","1","5","4","5","7","1","1","10","5","5","2","16","42","3","10","1","1","B03","7","6","1","8","2","2","","42","42","1","21","8","B03","24.166676","120.727347","2"
"2019","8","22","9","55","臺中市","沙鹿區","0","1","0","8","1","5","50","14","9","1","5","4","5","7","4","4","5","5","5","2","16","19","3","10","1","1","B03","7","1","1","8","2","8","","19","19","1","21","8","B03","24.231701","120.55872","2"
"2019","8","22","10","0","臺中市","西屯區","0","0","0","8","","","40","","","","","","","","","","","","","","","","","","","","","","","7","","11","","","67","","1","","","","24.165084","120.646345","3"
"2019","8","22","10","3","臺中市","大甲區","0","0","0","8","","","40","","","","","","","","","","","","","","","17","","","","","B12","","","1","","2","","","17","17","1","22","","B12","24.356116","120.633425","3"
"2019","8","22","10","15","臺中市","清水區","0","1","0","8","1","5","40","4","1","1","5","4","5","7","4","4","10","5","5","2","15","6","3","10","1","1","A12","7","9","1","6","2","6","","6","6","1","10","1","A12","24.261801","120.566478","2"
"2019","8","22","10","17","臺中市","太平區","0","1","0","8","1","5","50","14","7","1","5","4","5","7","4","4","5","4","4","1","13","23","2","9","1","1","C03","7","9","1","10","2","11","","23","23","1","21","8","C03","24.150067","120.728277","2"
"2019","8","22","10","30","臺中市","梧棲區","0","2","0","8","1","5","50","4","1","1","5","4","5","7","2","1","10","5","5","2","16","4","2","9","4","5","F01","7","11","8","20","2","16","","4","4","1","18","8","F01","24.253804","120.530091","2"
"2019","8","22","10","41","臺中市","西屯區","0","0","0","8","","","50","","","","","","","","","","","","","","","","","","","","B03","","","1","","2","","","43","","1","22","","B03","24.179875","120.63283","3"
"2019","8","22","10","51","臺中市","北屯區","0","0","0","8","","","40","","","","","","","","","","","","","","","","","","","","B03","","","1","","2","","","23","","1","5","","B03","24.201561","120.686776","3"
"2019","8","22","10","55","臺中市","東區","0","2","0","8","1","5","50","4","1","1","5","4","5","7","1","1","10","5","5","2","16","23","2","7","1","1","C03","7","9","1","10","2","11","","23","23","1","21","8","C03","24.144711","120.700004","2"
"2019","8","22","11","3","臺中市","北屯區","0","0","0","8","","","40","","","","","","","","","","","","","","","12","","","","","B03","","","1","8","2","","","12","12","1","21","","B03","24.185855","120.663783","3"
"2019","8","22","11","5","臺中市","太平區","0","0","0","8","","","50","","","","","","","","","","","","","","","","","","","","B11","","","1","","2","","","12","","1","22","","B11","24.104145","120.714375","3"
"2019","8","22","11","10","臺中市","北區","0","0","0","8","","","40","","","","","","","","","","","","","","","","","","","","B12","","","1","","2","","","12","","1","5","","B12","24.155647","120.701537","3"
"2019","8","22","11","11","臺中市","梧棲區","0","0","0","8","1","5","50","4","9","1","5","4","5","7","1","1","3","4","5","2","13","23","3","10","1","1","B03","7","9","1","8","2","1","","23","23","1","2","9","B03","24.253115","120.550814","3"
"2019","8","22","11","15","臺中市","南區","0","0","0","8","","","50","","","","","","","","","","","","","","","","","","","","B03","","","1","","2","","","23","","1","4","","B03","24.11342","120.663436","3"
"2019","8","22","11","20","臺中市","南區","0","0","0","8","1","5","50","4","1","1","5","4","5","6","1","1","10","5","5","2","12","26","3","10","1","1","B01","7","9","1","4","2","2","","26","26","1","10","8","B01","24.126937","120.679124","3"
"2019","8","22","11","25","臺中市","龍井區","0","3","0","8","1","5","70","14","8","1","5","4","5","7","4","4","1","4","4","1","12","7","3","10","3","4","B03","7","8","1","8","2","2","","7","7","1","5","9","B03","24.171306","120.542548","2"
"2019","8","22","11","40","臺中市","西屯區","0","1","0","8","1","5","50","14","9","1","5","4","5","7","4","4","5","5","5","2","17","17","2","8","1","1","B03","7","9","1","10","2","15","","17","17","1","22","9","B03","24.161592","120.65624","2"
"2019","8","22","11","53","臺中市","西屯區","0","1","0","8","1","5","50","14","7","1","5","4","5","7","4","4","9","4","5","2","16","10","2","9","1","1","C03","7","11","1","10","2","14","","10","10","1","12","8","C03","24.205673","120.629046","2"
"2019","8","22","11","55","臺中市","大肚區","0","1","0","8","1","5","50","11","9","1","5","4","5","1","4","4","5","5","5","1","18","14","2","9","1","1","C03","7","5","1","15","2","14","","14","14","1","21","8","C03","24.151905","120.573983","2"
"2019","8","22","12","0","臺中市","太平區","0","2","0","8","1","5","50","14","7","1","5","4","5","7","4","4","5","5","4","2","16","26","3","10","1","1","B12","7","11","6","8","2","4","","26","26","1","9","1","B12","24.147325","120.700681","2"
"2019","8","22","12","0","臺中市","大雅區","0","0","0","8","","","50","","","","","","","","","","","","","","","","","","","","B03","","","1","","2","","","23","","1","22","","B03","24.21986","120.66011","3"
"2019","8","22","12","7","臺中市","西區","0","1","0","8","1","5","50","4","1","1","5","4","5","7","2","1","10","5","5","2","16","6","2","9","1","1","C03","7","5","1","10","2","11","","6","6","1","5","5","C03","24.142941","120.657404","2"
"2019","8","22","12","12","臺中市","大雅區","0","0","0","8","","","40","","","","","","","","","","","","","","","","","","","","A11","","","1","","2","","","5","","1","","","A11","24.224191","120.644355","3"
"2019","8","22","12","16","臺中市","大雅區","0","0","0","8","","","50","","","","","","","","","","","","","","","","","","","","A12","","","1","","2","","","12","","1","22","","A12","24.21712","120.66572","3"
"2019","8","22","12","20","臺中市","南屯區","0","1","0","8","1","5","50","4","1","1","5","4","5","7","1","1","5","4","4","2","16","7","3","10","1","1","C03","7","7","1","10","2","14","12","7","7","1","22","8","C03","24.149693","120.649021","2"
"2019","8","22","12","22","臺中市","北屯區","0","0","0","8","","","40","","","","","","","","","","","","","","","","","","","","B03","","","1","","2","","","12","","1","5","","B03","24.176847","120.690272","3"
"2019","8","22","12","23","臺中市","東區","0","0","0","8","","","50","","","","","","","","","","","","","","","12","3","","","","B12","","","1","8","2","","","12","12","","21","","B12","24.129763","120.689378","3"
"2019","8","22","12","25","臺中市","北屯區","0","1","0","8","1","5","50","4","1","1","5","4","5","7","4","4","10","5","5","2","15","6","3","10","1","1","B03","7","9","1","8","2","5","","6","6","1","22","8","B03","24.173985","120.711142","2"
"2019","8","22","12","27","臺中市","西屯區","0","1","0","8","1","5","50","14","9","1","5","4","5","7","4","4","1","4","5","2","16","7","2","9","1","1","C03","7","7","1","10","2","14","","7","7","1","21","8","C03","24.163401","120.65051","2"
"2019","8","22","12","35","臺中市","南屯區","0","0","0","8","","","50","","","","","","","","","","","","","","","","","","","","B03","","","1","","2","","","25","","1","22","","B03","24.141061","120.628518","3"
"2019","8","22","12","42","臺中市","西屯區","0","0","0","8","1","5","50","4","1","1","5","4","","7","1","1","10","5","5","2","16","8","3","10","3","4","B03","7","5","1","8","2","6","","8","8","1","22","9","B03","24.16142","120.633777","3"
"2019","8","22","12","48","臺中市","北區","0","1","0","8","1","5","50","5","2","1","5","4","5","7","4","4","10","5","5","2","17","40","3","10","3","4","B03","7","13","1","8","2","4","","40","40","1","5","8","B03","24.165727","120.670528","2"
"2019","8","22","12","54","臺中市","后里區","0","0","0","8","1","5","40","4","2","1","5","4","3","7","4","4","10","5","5","2","16","","","","","","B03","","","1","","2","","","23","","1","","","B03","24.308199","120.726863","3"
"2019","8","22","12","56","臺中市","西區","0","0","0","8","","","60","","","","","","","","","","","","","","","","","","","","B01","","","1","","2","","","42","","1","5","","B01","24.156136","120.661328","3"
"2019","8","22","12","56","臺中市","西屯區","0","1","0","8","1","5","50","14","8","1","5","4","5","7","4","4","1","4","1","2","13","16","2","9","1","1","C03","7","9","1","10","2","11","","16","16","1","22","9","C03","24.17106","120.636111","2"
"2019","8","22","13","0","臺中市","潭子區","0","1","0","8","1","5","40","3","2","1","5","4","5","7","4","4","10","5","5","2","10","5","3","10","1","1","B12","7","9","1","8","2","8","","5","5","1","22","8","B12","24.198765","120.72359","2"
"2019","8","22","13","1","臺中市","西屯區","0","0","0","8","","","50","","","","","","","","","","","","","","","","","","","","B12","","","1","","2","","","6","","1","12","","B12","24.18016","120.619336","3"
"2019","8","22","13","4","臺中市","南屯區","0","1","0","8","1","5","50","14","9","4","5","4","5","7","1","1","1","4","5","2","13","23","2","4","1","1","B03","7","9","1","8","2","1","","23","23","1","22","8","B03","24.149718","120.649078","2"
"2019","8","22","13","5","臺中市","北屯區","0","0","0","8","","","40","","","","","","","","","","","","","","","","","","","","B03","","","1","","2","","","23","","1","5","","B03","24.168394","120.702808","3"
"2019","8","22","13","7","臺中市","南屯區","0","2","0","8","1","5","50","3","1","1","5","4","5","7","4","4","10","5","5","2","13","23","2","8","1","1","C03","7","5","1","10","2","11","","23","23","1","22","9","C03","24.155626","120.648668","2"
"2019","8","22","13","8","臺中市","北屯區","0","0","0","8","","","50","","","","","","","","","","","","","","","","","","","","B03","","","1","","11","","","23","","1","5","","B03","24.178543","120.741136","3"
"2019","8","22","13","14","臺中市","清水區","0","0","0","8","","","50","","","","","","","","","","","","","","","","","","","","B03","","","1","","2","","","17","","1","21","","B03","24.277","120.565468","3"
"2019","8","22","13","26","臺中市","大里區","0","2","0","7","1","5","40","11","9","1","5","4","5","7","4","4","10","5","5","1","11","5","2","8","1","1","C03","7","9","1","10","2","11","","5","5","1","22","8","C03","24.087791","120.73045","2"
"2019","8","22","13","30","臺中市","中區","0","0","0","8","","","50","","","","","","","","","","","","","","","26","3","","","","B03","","","1","8","2","5","","26","26","1","21","8","B03","24.14187","120.678953","3"
"2019","8","22","13","35","臺中市","南區","0","1","0","8","1","5","50","3","1","1","5","4","5","7","1","1","10","5","5","2","16","8","3","10","1","1","B03","7","5","1","8","2","6","","8","8","1","5","8","B03","24.13354","120.680805","2"
"2019","8","22","13","35","臺中市","大雅區","0","1","0","8","1","5","50","3","1","1","5","4","5","7","1","1","9","4","4","1","17","6","3","10","1","1","B03","7","6","1","8","2","5","","6","6","1","22","9","B03","24.22989","120.64131","2"
"2019","8","22","13","39","臺中市","豐原區","0","0","0","8","","","40","","","","","","","","","","","","","","","","","","","","B03","","","1","","2","","","6","","1","4","","B03","24.246238","120.709243","3"
"2019","8","22","13","50","臺中市","龍井區","0","1","0","8","1","5","50","14","7","1","5","4","3","7","4","4","5","4","4","2","12","23","2","7","1","1","C03","7","9","4","8","2","12","","23","23","1","19","8","C03","24.181392","120.592087","2"
"2019","8","22","14","1","臺中市","北區","0","2","0","8","1","5","50","4","1","1","5","4","5","7","4","4","10","5","5","2","15","6","2","9","1","1","C03","7","9","1","9","2","11","","6","6","1","22","8","C03","24.153588","120.679476","2"
"2019","8","22","14","15","臺中市","西區","0","2","0","8","1","5","50","3","1","1","5","4","5","7","1","1","10","5","5","2","17","25","2","9","1","1","C03","7","9","1","10","2","11","","25","25","1","19","6","C03","24.144343","120.657237","2"
"2019","8","22","14","20","臺中市","外埔區","0","1","0","8","1","5","70","3","1","1","5","4","5","7","3","1","10","5","5","2","17","43","3","10","1","1","B03","7","11","1","8","2","8","","43","43","1","21","8","B03","24.331675","120.64801","2"
"2019","8","22","14","25","臺中市","清水區","0","0","0","8","1","5","50","14","9","1","5","4","5","7","4","4","1","4","4","2","14","12","3","10","1","1","A12","7","2","1","3","2","3","","12","12","1","10","1","A12","24.269846","120.539831","3"
"2019","8","22","14","32","臺中市","太平區","0","0","0","6","","","50","","","","","","","","","","","","","","","","","","","","C03","","","1","","2","","","25","","1","22","","C03","24.126754","120.711134","3"
"2019","8","22","14","40","臺中市","南屯區","0","1","0","8","1","5","50","4","1","1","5","4","5","7","2","1","10","5","5","2","16","6","3","10","1","1","B03","7","6","1","8","2","5","","6","6","1","22","9","B03","24.146728","120.634016","2"
"2019","8","22","14","42","臺中市","后里區","0","1","0","8","1","5","40","14","9","1","5","4","5","7","4","4","10","5","5","2","18","21","2","9","1","4","C03","7","9","5","10","8","14","","21","21","1","21","8","C03","24.326258","120.742165","2"
"2019","8","22","14","46","臺中市","西區","0","0","0","6","","","50","","","","","","","","","","","","","","","23","3","","","","B03","","","1","","2","","","23","23","1","21","","B03","24.136717","120.678787","3"