"年","月","日","時","分","縣市","區","死","受傷","2-30","天候","光線","道路類別","速限","道路型態","事故位置","路面鋪裝","路面狀態","路面缺陷","障礙物","視距","號誌種類","號誌動作","分向設施","快車道或一般車道間","快慢車道間","路面邊線","事故類型及型態","主要肇因","受傷程度","主要傷處","保護裝備","行動電話","當事者區分(類別)","車輛用途","當事者行動狀態","駕駛資格情形","駕駛執照種類","飲酒情形","車輛撞擊部位最初","車輛撞擊部位其他","肇事因素個別","肇事因素主要","肇事逃逸","職業","旅次目的","車種","GPS座標(緯度)","GPS座標(經度)","事故類別"
"2019","8","22","14","48","臺中市","北區","0","0","0","8","","","50","","","","","","","","","","","","","","","","","","","","B03","","","1","","2","","","23","","1","22","","B03","24.151423","120.67762","3"
"2019","8","22","14","54","臺中市","大安區","0","0","0","8","","","40","","","","","","","","","","","","","","","","","","","","B12","","","1","","2","","","6","","1","","","B12","24.380005","120.58536","3"
"2019","8","22","15","0","臺中市","西屯區","0","1","0","8","1","5","50","14","9","1","5","4","5","7","4","4","5","4","5","2","17","23","3","10","1","1","B03","7","9","6","18","2","5","","23","23","1","22","8","B03","24.187661","120.619733","2"
"2019","8","22","15","0","臺中市","西屯區","0","2","0","8","1","5","40","14","8","1","5","4","5","7","4","4","1","4","5","2","17","38","3","10","1","1","B12","7","13","1","8","2","5","","38","38","1","21","8","B12","24.166008","120.645369","2"
"2019","8","22","15","7","臺中市","烏日區","0","0","0","8","1","5","50","4","9","1","5","4","5","7","2","1","1","5","5","2","11","4","3","10","1","1","B12","7","5","1","8","3","8","","4","4","2","22","8","B12","24.108","120.596556","3"
"2019","8","22","15","15","臺中市","南屯區","0","1","0","8","1","5","50","14","9","1","5","4","5","7","4","4","1","4","5","2","12","23","2","9","3","4","B03","7","7","1","8","2","6","","23","23","1","22","9","B03","24.140174","120.644445","2"
"2019","8","22","15","16","臺中市","東區","0","2","0","8","1","5","40","14","7","1","5","4","5","7","4","4","9","4","4","2","3","51","2","7","4","5","H01","8","16","8","20","10","15","","51","51","1","5","8","H01","24.14275","120.705696","2"
"2019","8","22","15","19","臺中市","西屯區","0","0","0","8","","","60","","","","","","","","","","","","","","","","","","","","B02","","","1","","2","","","23","","1","22","","B02","24.162225","120.649943","3"
"2019","8","22","15","20","臺中市","北區","0","1","0","8","1","5","40","14","9","1","5","4","5","7","4","4","10","5","5","2","17","23","2","8","1","1","C03","7","9","1","10","2","11","","23","23","1","21","8","C03","24.164421","120.686384","2"
"2019","8","22","15","20","臺中市","東區","0","2","0","7","1","5","50","4","1","1","3","4","5","7","1","1","10","4","5","2","13","23","2","9","1","1","C03","7","9","1","10","2","11","","23","23","1","17","5","C03","24.129781","120.705944","2"
"2019","8","22","15","20","臺中市","大里區","0","0","0","6","","","40","","","","","","","","","","","","","","","","","","","","B12","","","1","","2","","","23","","1","12","","B12","24.104483","120.705775","3"
"2019","8","22","15","30","臺中市","豐原區","0","0","0","8","","","50","","","","","","","","","","","","","","","","","","","","B03","","","1","","2","","","23","","1","9","","B03","24.255078","120.732925","3"
"2019","8","22","15","41","臺中市","太平區","0","0","0","8","","","50","","","","","","","","","","","","","","","23","","","","","B12","","","1","","2","","","23","23","1","21","","B12","24.114215","120.728436","3"
"2019","8","22","15","44","臺中市","潭子區","0","0","0","8","","","40","","","","","","","","","","","","","","","","","","","","B03","","","1","","2","","","6","","1","22","","B03","24.223067","120.70139","3"
"2019","8","22","15","53","臺中市","南屯區","0","0","0","8","","","50","","","","","","","","","","","","","","","","","","","","B03","","","1","","2","","","26","","1","","","B03","24.146249","120.634066","3"
"2019","8","22","16","0","臺中市","大雅區","0","1","0","8","1","5","50","4","1","1","5","4","5","7","2","1","10","5","5","2","3","23","3","10","1","1","B03","7","5","1","8","2","1","","23","23","1","22","9","B03","24.221671","120.64998","2"
"2019","8","22","16","1","臺中市","北屯區","0","1","0","8","1","5","50","14","7","1","5","4","5","7","4","4","9","5","5","2","13","23","2","8","1","1","C03","7","9","1","10","2","11","","23","23","1","22","8","C03","24.163053","120.693195","2"
"2019","8","22","16","3","臺中市","北區","0","0","0","8","","","50","","","","","","","","","","","","","","","23","","","","","B03","","","1","8","2","","","23","23","1","","","B03","24.165079","120.67379","3"
"2019","8","22","16","12","臺中市","梧棲區","0","0","0","8","","","50","","","","","","","","","","","","","","","","","","","","B02","","","1","","2","","","1","","1","2","","B02","24.240739","120.542165","3"
"2019","8","22","16","23","臺中市","北屯區","0","0","0","8","","","50","","","","","","","","","","","","","","","","","","","","B03","","","1","","2","","","23","","1","5","","B03","24.175926","120.719195","3"
"2019","8","22","16","27","臺中市","西區","0","0","0","8","1","5","50","4","1","1","5","4","5","7","4","4","10","5","5","2","13","","3","","","","C03","","","1","","2","","","16","","1","21","","C03","24.153077","120.662896","3"
"2019","8","22","16","30","臺中市","豐原區","0","0","0","","","","","","","","","","","","","","","","","","","","","","","","A02","","","1","","2","","","45","","","","","A02","24.244377","120.714312","3"
"2019","8","22","16","31","臺中市","西區","0","1","0","7","1","5","50","4","1","1","5","4","5","7","4","4","10","5","5","2","17","6","3","10","1","1","B12","7","9","1","8","2","15","","6","6","1","21","8","B12","24.140876","120.668578","2"
"2019","8","22","16","31","臺中市","西屯區","0","0","0","8","","","50","","","","","","","","","","","","","","","","","","","","B03","","","1","","2","","","23","","1","22","","B03","24.201219","120.656688","3"
"2019","8","22","16","35","臺中市","西區","0","2","0","8","1","5","50","4","1","1","5","4","5","7","2","1","10","5","5","2","15","25","2","9","1","1","C03","7","9","1","10","2","11","","25","25","1","5","8","C03","24.141191","120.666684","2"
"2019","8","22","16","40","臺中市","西區","0","0","0","8","","","50","","","","","","","","","","","","","","","23","3","","","","B03","","","1","8","2","1","","23","23","1","21","8","B03","24.156391","120.663058","3"
"2019","8","22","16","46","臺中市","西屯區","0","1","0","8","1","5","40","14","8","1","5","4","5","7","4","4","1","4","4","2","13","16","2","9","1","1","C03","7","9","1","10","2","11","14","16","16","1","22","8","C03","24.182952","120.593602","2"
"2019","8","22","16","50","臺中市","潭子區","0","0","0","8","","","80","","","","","","","","","","","","","","","","","","","","B03","","","1","","2","","","7","","1","22","","B03","24.200486","120.711511","3"
"2019","8","22","17","5","臺中市","龍井區","0","0","0","8","","","40","","","","","","","","","","","","","","","","","","","","B03","","","1","","2","","","23","","1","12","","B03","24.218506","120.527715","3"
"2019","8","22","17","10","臺中市","北屯區","0","1","0","8","1","5","50","4","1","1","5","4","5","7","1","1","10","5","5","2","16","6","3","10","1","1","B03","7","5","1","8","2","1","","6","6","1","21","8","B03","24.181611","120.682126","2"
"2019","8","22","17","11","臺中市","東區","0","1","0","8","1","5","50","5","1","1","5","4","5","7","2","1","10","5","5","2","15","25","2","8","1","1","C03","7","9","2","18","2","12","","25","25","1","16","8","C03","24.130349","120.705241","2"
"2019","8","22","17","22","臺中市","東勢區","0","2","0","8","1","5","50","14","8","1","5","4","5","7","4","4","9","4","4","1","16","11","2","8","1","1","C03","7","11","1","10","2","12","","11","11","1","21","8","C03","24.262358","120.82419","2"
"2019","8","22","17","23","臺中市","神岡區","0","0","0","8","","","50","","","","","","","","","","","","","","","","","","","","B03","","","1","","2","","","23","","1","21","","B03","24.232526","120.692145","3"
"2019","8","22","17","25","臺中市","烏日區","0","1","0","8","1","5","50","4","1","1","5","4","5","7","2","1","1","4","5","1","17","6","3","10","1","1","B12","7","6","1","8","2","15","","6","6","1","21","8","B12","24.111455","120.650093","2"
"2019","8","22","17","25","臺中市","潭子區","0","2","0","8","2","5","50","3","1","1","5","4","5","7","1","1","10","5","5","2","11","8","2","9","1","1","C03","7","5","1","10","2","11","","8","8","1","22","8","C03","24.210461","120.710382","2"
"2019","8","22","17","28","臺中市","太平區","0","0","0","8","","","50","","","","","","","","","","","","","","","","","","","","B12","","","1","","11","","","23","","1","","","B12","24.146111","120.716666","3"
"2019","8","22","17","35","臺中市","西屯區","0","0","0","8","","","80","","","","","","","","","","","","","","","","","","","","B03","","","1","","2","","","16","","1","22","","B03","24.165344","120.629998","3"
"2019","8","22","17","40","臺中市","東區","0","0","0","7","1","5","50","3","1","1","5","4","5","7","1","1","10","5","5","2","16","16","","","","","C03","","9","1","10","2","11","","16","16","1","5","","C03","24.136048","120.688336","3"
"2019","8","22","17","41","臺中市","北區","0","0","0","8","","","50","","","","","","","","","","","","","","","23","","","","","B03","","","1","8","2","","","23","23","1","","","B03","24.151722","120.688419","3"
"2019","8","22","17","45","臺中市","潭子區","0","1","0","8","1","5","50","14","9","1","5","4","5","7","4","4","5","5","5","1","13","16","2","9","1","1","C03","7","7","1","10","2","11","","16","16","1","22","9","C03","24.204329","120.716669","2"
"2019","8","22","17","47","臺中市","太平區","0","2","0","8","1","5","50","14","8","1","5","4","5","7","4","4","5","3","4","2","1","23","2","9","1","1","C03","7","9","1","10","2","11","","23","23","1","5","8","C03","24.150978","120.703999","2"
"2019","8","22","17","52","臺中市","北區","0","0","0","8","","","40","","","","","","","","","","","","","","","","","","","","C03","","","1","","2","","","18","","1","21","","C03","24.147686","120.685175","3"
"2019","8","22","17","55","臺中市","北屯區","0","0","0","8","","","50","","","","","","","","","","","","","","","","","","","","B03","","","1","","2","","","42","","1","4","","B03","24.1628","120.7196","3"
"2019","8","22","17","55","臺中市","西屯區","0","0","0","8","","","50","","","","","","","","","","","","","","","23","","","","","B12","","","1","","2","","","23","23","1","","","B12","24.170515","120.631835","3"
"2019","8","22","17","59","臺中市","太平區","0","1","0","8","3","5","50","14","9","1","5","4","5","7","4","4","5","5","4","2","16","26","3","10","1","1","C03","7","9","1","10","2","12","","26","26","1","21","8","C03","24.105257","120.720976","2"
"2019","8","22","18","0","臺中市","清水區","0","0","0","","","","40","","","","","","","","","","","","","","","23","","","","","B03","","","1","","2","","","23","23","1","5","","B03","24.275416","120.57746","3"
"2019","8","22","18","3","臺中市","大雅區","0","2","0","8","2","5","40","4","1","1","5","4","5","7","3","1","10","5","5","2","15","6","3","10","1","1","B12","7","9","1","8","2","4","","6","6","1","22","1","B12","24.246264","120.651739","2"
"2019","8","22","18","5","臺中市","太平區","0","1","0","8","2","5","50","4","1","1","5","4","5","7","1","1","10","5","5","2","17","26","2","9","1","1","C03","7","9","1","10","2","12","","26","26","1","21","8","C03","24.148834","120.718299","2"
"2019","8","22","18","5","臺中市","大雅區","0","0","0","8","","","50","","","","","","","","","","","","","","","44","","","","","B03","","","1","","2","","","23","44","1","","","B03","24.22118","120.653521","3"
"2019","8","22","18","6","臺中市","北區","0","2","0","8","1","5","50","14","7","1","5","4","5","7","4","4","5","5","4","2","3","51","2","9","4","5","H01","8","16","8","20","10","16","16","51","51","1","22","7","H01","24.171521","120.675081","2"
"2019","8","22","18","6","臺中市","太平區","0","0","0","8","","","50","","","","","","","","","","","","","","","","","","","","B03","","","1","","2","","","23","","1","5","","B03","24.131351","120.719773","3"
"2019","8","22","18","14","臺中市","潭子區","0","0","0","8","","","60","","","","","","","","","","","","","","","","","","","","B03","","","1","","2","","","23","","1","22","","B03","24.226961","120.707946","3"
"2019","8","22","18","15","臺中市","霧峰區","0","3","0","8","1","5","50","3","4","1","5","4","5","7","1","1","10","5","5","2","13","23","2","9","1","1","C03","7","9","1","10","2","11","","23","23","1","5","8","C03","24.07566","120.699945","2"
"2019","8","22","18","21","臺中市","西屯區","0","0","0","8","1","5","50","3","1","1","5","4","5","7","4","4","10","5","5","2","16","23","3","10","3","4","B12","7","6","1","8","2","5","","44","23","1","22","9","B12","24.191084","120.593086","3"
"2019","8","22","18","24","臺中市","西區","0","0","0","8","","","50","","","","","","","","","","","","","","","","3","","","","B03","","","1","","2","","","23","","","21","","B03","24.158186","120.662603","3"
"2019","8","22","18","46","臺中市","北屯區","0","0","0","8","","","50","","","","","","","","","","","","","","","","","","","","B03","","","1","","2","","","23","","1","5","","B03","24.175578","120.717476","3"
"2019","8","22","18","48","臺中市","沙鹿區","0","0","0","","","","","","","","","","","","","","","","","","","","","","","","B03","","","1","","2","","","16","","1","4","","B03","24.250107","120.58978","3"
"2019","8","22","18","53","臺中市","南屯區","0","1","0","8","3","5","50","3","2","1","5","4","5","7","4","4","1","4","4","2","16","6","3","10","3","4","B03","7","6","1","8","2","5","","6","6","1","22","9","B03","24.143244","120.640762","2"
"2019","8","22","18","55","臺中市","西區","0","0","0","8","","","40","","","","","","","","","","","","","","","","","","","","B03","","","1","","2","","","9","","1","22","","B03","24.150624","120.665061","3"
"2019","8","22","18","55","臺中市","東區","0","0","0","8","","","50","","","","","","","","","","","","","","","23","3","","","","B12","","","1","","2","","","23","23","","9","","B12","24.142926","120.699388","3"
"2019","8","22","18","57","臺中市","大雅區","0","2","0","8","3","5","50","4","1","1","5","4","5","7","1","1","10","5","5","2","16","6","3","10","1","1","B12","7","6","1","8","2","2","","6","6","1","22","9","B12","24.21806","120.648953","2"
"2019","8","22","19","25","臺中市","大里區","0","1","0","8","3","5","40","13","9","1","5","4","5","1","4","4","10","5","5","1","17","42","2","9","1","1","C03","7","6","1","10","2","12","","42","42","1","12","8","C03","24.09458","120.694563","2"
"2019","8","22","19","40","臺中市","大甲區","0","1","0","8","3","5","50","4","1","1","5","4","5","7","1","1","10","5","5","2","17","6","3","10","1","1","B03","7","5","1","8","2","8","","6","6","1","21","8","B03","24.347103","120.6194","2"
"2019","8","22","19","50","臺中市","清水區","0","0","0","8","","","40","","","","","","","","","","","","","","","","","","","","B03","","","1","","2","","","42","","1","21","","B03","24.261252","120.571996","3"
"2019","8","22","19","50","臺中市","神岡區","0","1","0","8","3","5","40","4","1","1","5","4","5","7","4","4","4","4","4","2","15","6","2","9","1","1","C03","7","11","3","18","7","14","","6","6","1","22","8","C03","24.256798","120.65524","2"
"2019","8","22","20","2","臺中市","梧棲區","0","0","0","","","","70","","","","","","","","","","","","","","","44","","","","","B03","","","1","","2","","","23","44","","","","B03","24.247909","120.542378","3"
"2019","8","22","20","11","臺中市","大里區","0","1","0","8","3","5","40","4","1","1","5","4","5","7","1","1","10","5","5","2","16","9","3","10","1","1","B03","7","6","1","8","2","2","","9","9","1","5","8","B03","24.092791","120.690244","2"
"2019","8","22","20","12","臺中市","南區","0","0","0","8","3","5","50","14","7","1","5","4","5","7","4","4","9","5","4","2","13","","","","","","B03","","","1","","2","","","23","","1","5","","B03","24.12298","120.653897","3"
"2019","8","22","20","12","臺中市","南區","0","0","0","8","3","5","50","4","1","1","5","4","5","7","1","1","10","5","5","2","11","25","3","10","1","1","C03","7","9","1","10","2","11","","25","25","1","22","8","C03","24.119383","120.666856","3"
"2019","8","22","20","30","臺中市","西屯區","0","0","0","8","","","40","","","","","","","","","","","","","","","43","","","","","C03","","","1","","1","","","43","43","1","22","","C03","24.159428","120.652919","3"
"2019","8","22","20","35","臺中市","太平區","0","0","0","8","","","50","","","","","","","","","","","","","","","","","","","","","","","8","","10","","","67","","1","","","","24.134842","120.722058","3"
"2019","8","22","20","40","臺中市","西區","0","0","0","8","","","40","","","","","","","","","","","","","","","","","","","","B01","","","1","","2","","","12","","1","22","","B01","24.149471","120.674588","3"
"2019","8","22","20","50","臺中市","大甲區","0","0","0","","","","","","","","","","","","","","","","","","","18","","","","","B03","","","1","","2","","","18","18","1","22","","B03","24.346361","120.621787","3"
"2019","8","22","20","53","臺中市","西區","0","0","0","8","","","50","","","","","","","","","","","","","","","7","3","","","","B03","","","1","","2","","","7","7","1","21","","B03","24.143027","120.66531","3"
"2019","8","22","21","0","臺中市","東勢區","0","0","0","8","","","40","","","","","","","","","","","","","","","","","","","","B12","","","3","","2","","","23","","1","22","","B12","24.254902","120.831738","3"
"2019","8","22","21","11","臺中市","西區","0","0","0","8","","","50","","","","","","","","","","","","","","","","","","","","C03","","","1","","2","","","16","","1","5","","C03","24.140159","120.661683","3"
"2019","8","22","21","32","臺中市","南屯區","0","1","0","8","3","5","50","4","1","1","5","4","5","7","2","1","10","5","5","2","16","6","2","9","1","1","C03","7","5","1","10","2","11","","6","6","1","22","9","C03","24.135998","120.643915","2"
"2019","8","22","22","1","臺中市","大里區","0","0","0","8","3","5","40","4","1","1","5","4","5","7","2","1","10","5","5","2","10","8","3","10","1","1","B03","7","5","1","8","2","1","","8","8","1","21","8","B03","24.085996","120.701923","3"
"2019","8","22","22","10","臺中市","東區","0","0","0","8","","","50","","","","","","","","","","","","","","","23","3","","","","B03","","","1","","2","","","23","23","","5","","B03","24.134653","120.683521","3"
"2019","8","22","22","17","臺中市","西屯區","0","2","0","8","3","5","50","3","1","1","5","4","5","7","4","4","5","5","4","2","16","6","2","9","1","1","C03","7","5","1","10","2","14","","6","6","1","21","8","C03","24.172886","120.645083","2"
"2019","8","22","22","23","臺中市","大雅區","0","0","0","8","","","50","","","","","","","","","","","","","","","","","","","","B03","","","1","","2","","","10","","1","","","B03","24.222721","120.645021","3"
"2019","8","22","22","29","臺中市","西屯區","0","0","0","8","3","5","50","14","7","1","5","4","5","7","1","1","10","4","4","2","13","23","3","10","3","4","B03","7","9","1","8","9","1","","23","23","2","22","9","B03","24.200016","120.655005","3"
"2019","8","22","23","11","臺中市","西區","0","1","0","8","3","5","50","3","2","1","5","4","5","7","4","4","10","5","5","2","17","23","2","9","1","1","C03","7","9","1","10","2","11","","23","23","1","21","8","C03","24.15364","120.663108","2"
"2019","8","22","23","25","臺中市","北屯區","0","0","0","8","","","50","","","","","","","","","","","","","","","","","","","","B03","","","1","","2","","","25","","1","22","","B03","24.197791","120.683655","3"
"2019","8","22","23","32","臺中市","南區","0","1","0","8","3","5","50","14","9","1","5","4","5","7","4","4","5","4","5","2","17","23","2","9","1","1","C03","7","9","1","10","2","11","","23","23","1","21","8","C03","24.116688","120.664313","2"
"2019","8","23","0","3","臺中市","西屯區","0","0","0","8","","","40","","","","","","","","","","","","","","","67","","","","","C03","","","1","","2","","","43","67","1","22","","C03","24.166043","120.63486","3"
"2019","8","23","1","5","臺中市","烏日區","0","0","0","8","","","40","","","","","","","","","","","","","","","","","","","","B12","","","1","","2","","","6","","1","22","","B12","24.098316","120.640349","3"
"2019","8","23","5","30","臺中市","大甲區","0","1","0","8","1","5","50","5","8","1","5","4","5","7","4","4","5","5","5","1","18","21","2","8","1","1","C03","7","9","1","10","4","12","","21","21","1","10","1","C03","24.344526","120.626551","2"
"2019","8","23","6","5","臺中市","梧棲區","0","1","0","8","1","5","40","14","8","1","5","4","5","7","4","4","1","4","1","1","16","9","3","10","1","1","A11","7","6","1","3","2","5","","9","9","1","10","1","A11","24.230441","120.527625","2"
"2019","8","23","6","7","臺中市","西區","0","2","0","8","1","5","50","4","1","1","5","4","5","7","1","1","10","5","5","2","15","25","2","8","1","1","C03","7","9","1","10","11","12","","25","25","2","21","8","C03","24.139839","120.671359","2"
"2019","8","23","6","13","臺中市","太平區","0","0","0","8","","","50","","","","","","","","","","","","","","","","","","","","B03","","","1","","2","","","23","","1","4","","B03","24.134707","120.715917","3"
"2019","8","23","6","17","臺中市","潭子區","0","1","0","8","1","5","50","4","1","1","5","4","5","7","3","1","5","5","4","2","15","6","2","9","1","1","C03","7","9","1","10","2","12","","6","6","1","22","9","C03","24.19311","120.701809","2"
"2019","8","23","6","49","臺中市","潭子區","0","2","0","8","1","5","40","3","1","1","5","4","5","7","4","4","10","5","5","2","17","6","2","9","1","1","C03","7","5","1","10","2","11","","6","6","1","22","8","C03","24.218798","120.694599","2"
"2019","8","23","6","52","臺中市","北屯區","0","1","0","8","1","5","40","4","1","1","5","4","5","7","1","1","10","5","5","2","16","25","2","9","3","4","C03","7","9","1","10","2","11","","25","25","1","21","8","C03","24.175026","120.72096","2"
"2019","8","23","6","55","臺中市","北區","0","2","0","8","1","5","50","4","1","1","5","4","5","7","1","1","10","5","5","2","16","26","2","9","1","1","C03","7","5","1","8","2","13","","26","26","1","21","8","C03","24.152862","120.681306","2"
"2019","8","23","6","58","臺中市","烏日區","0","1","0","8","1","5","50","4","2","1","5","4","5","7","1","1","4","5","5","1","17","8","2","9","1","1","C03","7","5","3","18","2","14","","8","8","1","22","8","C03","24.057844","120.645446","2"
"2019","8","23","7","10","臺中市","霧峰區","0","0","0","8","","","70","","","","","","","","","","","","","","","","","","","","B03","","","1","","2","","","23","","1","3","","B03","24.057674","120.695408","3"
"2019","8","23","7","16","臺中市","北區","0","0","0","8","1","5","50","","","","","","","","","","","","","","","","","","","","A02","","","1","","2","","","23","","1","5","","A02","24.16548","120.685013","3"
"2019","8","23","7","24","臺中市","西屯區","0","0","0","8","","","50","","","","","","","","","","","","","","","","","","","","B03","","","1","","2","","","23","","1","22","","B03","24.163275","120.657598","3"
"2019","8","23","7","24","臺中市","大里區","0","1","0","8","1","5","40","4","1","1","5","4","5","7","1","1","10","5","5","2","17","6","3","10","1","1","C03","7","5","2","18","2","15","","6","6","1","16","2","C03","24.119366","120.68894","2"
"2019","8","23","7","36","臺中市","太平區","0","0","0","8","","","50","","","","","","","","","","","","","","","","","","","","B01","","","1","","2","","","42","","1","21","","B01","24.104026","120.718369","3"
"2019","8","23","7","36","臺中市","神岡區","0","2","0","8","1","5","50","14","9","1","5","4","5","7","4","4","5","5","5","1","13","16","2","9","3","4","C03","7","9","1","10","2","11","","16","16","1","23","9","C03","24.237235","120.693613","2"
"2019","8","23","7","40","臺中市","大雅區","0","1","0","8","1","5","50","3","1","1","5","4","5","7","1","1","10","5","5","2","16","23","2","9","1","1","C03","7","6","1","10","2","11","","23","23","1","22","9","C03","24.242242","120.623445","2"
"2019","8","23","7","42","臺中市","大里區","0","1","0","8","1","5","50","3","2","1","5","4","5","7","4","4","10","5","5","2","17","6","3","10","1","1","B03","7","5","1","8","2","15","","6","6","1","21","1","B03","24.11359","120.67702","2"
"2019","8","23","7","45","臺中市","西屯區","0","0","0","8","","","50","","","","","","","","","","","","","","","","","","","","B03","","","1","","2","","","42","","1","22","","B03","24.175676","120.586827","3"
"2019","8","23","7","45","臺中市","西屯區","0","3","0","8","1","5","50","5","2","1","5","4","5","7","4","4","9","4","4","2","17","4","2","9","1","1","C03","7","9","1","10","2","11","","4","4","1","12","8","C03","24.172718","120.613611","2"
"2019","8","23","7","47","臺中市","大里區","0","2","0","8","1","5","50","3","2","1","5","4","5","7","4","4","5","5","4","1","12","40","3","10","3","4","B12","7","13","6","8","2","4","","40","40","1","22","7","B12","24.109663","120.681178","2"
"2019","8","23","7","47","臺中市","大里區","0","1","0","8","1","5","40","3","1","1","5","4","5","7","4","4","10","5","5","2","16","6","3","10","3","4","B03","7","6","1","8","2","8","","6","6","1","3","8","B03","24.08765","120.709188","2"
"2019","8","23","7","48","臺中市","北屯區","0","0","0","8","","","50","","","","","","","","","","","","","","","","","","","","B03","","","1","","2","","","23","","1","5","","B03","24.170563","120.691343","3"
"2019","8","23","7","48","臺中市","西屯區","0","0","0","8","","","50","","","","","","","","","","","","","","","12","","","","","A12","","","1","","2","","","12","12","1","","","A12","24.175851","120.66476","3"
"2019","8","23","7","50","臺中市","東區","0","0","0","8","1","5","50","4","1","1","5","4","5","7","1","1","10","5","5","2","14","12","3","10","1","1","A42","7","2","1","1","3","6","","12","12","1","22","8","A42","24.14042","120.702343","3"
"2019","8","23","7","50","臺中市","大里區","0","2","0","8","1","5","50","3","1","1","5","4","5","7","4","4","10","5","5","2","16","6","2","9","1","1","C03","7","9","1","10","2","14","","6","6","1","11","1","C03","24.098071","120.718895","2"
"2019","8","23","7","54","臺中市","北區","0","2","0","8","1","5","50","4","1","1","5","4","5","7","1","1","10","5","5","2","16","4","2","9","1","4","C03","7","9","1","10","2","11","","4","4","1","5","8","C03","24.165012","120.687737","2"
"2019","8","23","7","59","臺中市","西屯區","0","0","0","8","","","0","","","","","","","","","","","","","","","","","","","","B03","","","1","","2","","","23","","1","22","","B03","24.174897","120.613986","3"
"2019","8","23","8","6","臺中市","太平區","0","0","0","8","","","50","","","","","","","","","","","","","","","","","","","","B03","","","1","","2","","","43","","1","5","","B03","24.121883","120.734881","3"
"2019","8","23","8","7","臺中市","潭子區","0","0","0","8","","","50","","","","","","","","","","","","","","","","","","","","B03","","","1","","2","","","26","","1","22","","B03","24.201071","120.703447","3"
"2019","8","23","8","9","臺中市","烏日區","0","1","0","8","1","5","50","4","1","1","5","4","5","7","1","1","10","5","5","2","16","6","2","9","1","1","C03","7","5","1","10","2","11","","6","6","1","21","8","C03","24.106313","120.62212","2"
"2019","8","23","8","10","臺中市","大安區","0","1","0","8","1","5","50","14","9","1","5","4","5","7","4","4","10","5","5","1","13","16","3","10","1","1","B03","7","9","1","8","2","1","","16","16","1","9","1","B03","24.348724","120.608115","2"
"2019","8","23","8","13","臺中市","北屯區","0","2","0","8","1","5","40","3","2","1","5","4","5","7","4","4","1","4","4","2","17","6","2","9","3","4","C03","7","9","1","10","2","14","","23","6","1","21","8","C03","24.18593","120.663901","2"
"2019","8","23","8","16","臺中市","東區","0","2","0","8","1","5","40","3","2","1","5","4","5","7","4","4","5","4","4","2","16","17","2","9","1","1","C03","7","9","1","10","2","14","","17","17","1","21","8","C03","24.141391","120.701488","2"
"2019","8","23","8","17","臺中市","龍井區","0","0","0","","","","","","","","","","","","","","","","","","","","","","","","C03","","","1","","2","","","25","","1","","","C03","24.182965","120.593062","3"
"2019","8","23","8","17","臺中市","沙鹿區","0","0","0","8","","","60","","","","","","","","","","","","","","","","","","","","B03","","","1","","2","","","23","","1","","","B03","24.204013","120.566903","3"
"2019","8","23","8","18","臺中市","梧棲區","0","0","0","8","","","50","","","","","","","","","","","","","","","","","","","","B03","","","1","","2","","","23","","","","","B03","24.259079","120.536095","3"
"2019","8","23","8","19","臺中市","北區","0","0","0","8","","","50","","","","","","","","","","","","","","","","","","","","B12","","","1","","2","","","23","","1","5","","B12","24.1676","120.685","3"
"2019","8","23","8","21","臺中市","北屯區","0","1","0","8","1","5","50","14","7","1","5","4","5","7","4","4","5","5","5","2","16","3","2","9","1","1","C03","7","9","1","10","2","13","","3","3","1","22","8","C03","24.172631","120.690666","2"
"2019","8","23","8","22","臺中市","北區","0","2","0","8","1","5","50","4","1","1","5","4","5","7","4","4","10","5","5","2","15","6","2","9","3","4","C03","7","9","1","10","2","13","","6","6","1","5","8","C03","24.158403","120.675454","2"
"2019","8","23","8","23","臺中市","龍井區","0","3","0","8","1","5","50","3","2","1","5","4","5","7","4","4","5","5","5","1","16","6","2","9","1","1","C03","7","5","3","18","2","14","","6","6","1","19","8","C03","24.181548","120.583956","2"
"2019","8","23","8","39","臺中市","沙鹿區","0","0","0","8","","","50","","","","","","","","","","","","","","","","","","","","B03","","","1","","2","","","16","","1","4","","B03","24.222388","120.577991","3"
"2019","8","23","8","45","臺中市","南屯區","0","0","0","8","","","50","","","","","","","","","","","","","","","","","","","","B12","","","1","","2","","","12","","1","22","","B12","24.149418","120.626472","3"
"2019","8","23","8","47","臺中市","太平區","0","1","0","8","1","5","50","14","9","1","5","4","5","7","4","4","5","4","5","1","16","26","2","3","1","1","C03","7","11","3","18","2","11","","26","26","1","5","5","C03","24.12804","120.716839","2"
"2019","8","23","8","50","臺中市","西區","0","1","0","8","1","5","50","14","7","1","5","4","5","7","4","4","1","4","4","2","17","19","3","10","1","1","B03","7","1","1","8","2","3","","19","19","1","20","8","B03","24.140008","120.65575","2"
"2019","8","23","8","50","臺中市","潭子區","0","0","0","8","","","50","","","","","","","","","","","","","","","","","","","","B03","","","1","","2","","","17","","1","22","","B03","24.194146","120.702488","3"
"2019","8","23","8","52","臺中市","西屯區","0","0","0","8","","","40","","","","","","","","","","","","","","","","","","","","","","","7","","11","","","67","","1","","","","24.171055","120.644519","3"