"年","月","日","時","分","縣市","區","死","受傷","2-30","天候","光線","道路類別","速限","道路型態","事故位置","路面鋪裝","路面狀態","路面缺陷","障礙物","視距","號誌種類","號誌動作","分向設施","快車道或一般車道間","快慢車道間","路面邊線","事故類型及型態","主要肇因","受傷程度","主要傷處","保護裝備","行動電話","當事者區分(類別)","車輛用途","當事者行動狀態","駕駛資格情形","駕駛執照種類","飲酒情形","車輛撞擊部位最初","車輛撞擊部位其他","肇事因素個別","肇事因素主要","肇事逃逸","職業","旅次目的","車種","GPS座標(緯度)","GPS座標(經度)","事故類別"
"2019","8","23","8","53","臺中市","太平區","0","0","0","8","","","50","","","","","","","","","","","","","","","","","","","","B03","","","1","","3","","","23","","1","5","","B03","24.104365","120.729536","4"
"2019","8","23","8","53","臺中市","大雅區","0","0","0","8","","","50","","","","","","","","","","","","","","","","","","","","B03","","","1","","2","","","25","","1","","","B03","24.215817","120.670785","3"
"2019","8","23","8","57","臺中市","北區","0","1","0","8","1","5","50","3","1","1","5","4","5","7","1","1","10","5","5","2","17","25","3","10","3","4","B03","7","6","1","8","2","8","","25","25","1","5","8","B03","24.151019","120.68815","2"
"2019","8","23","9","3","臺中市","北屯區","0","1","0","8","1","5","50","4","2","1","5","4","5","7","4","4","10","5","5","2","16","10","3","10","1","1","B03","7","11","1","8","2","8","","10","10","1","5","8","B03","24.176288","120.682233","2"
"2019","8","23","9","3","臺中市","西屯區","0","0","0","8","","","50","","","","","","","","","","","","","","","","","","","","B03","","","1","","2","","","12","","1","","","B03","24.195603","120.659208","3"
"2019","8","23","9","3","臺中市","太平區","0","0","0","8","","","50","","","","","","","","","","","","","","","","","","","","A12","","","1","","2","","","42","","1","21","","A12","24.103169","120.716242","4"
"2019","8","23","9","23","臺中市","西屯區","0","0","0","8","","","50","","","","","","","","","","","","","","","","","","","","B03","","","1","","2","","","17","","1","22","","B03","24.168138","120.619188","3"
"2019","8","23","9","29","臺中市","大肚區","0","3","0","8","1","5","60","3","1","1","5","4","5","7","2","1","10","5","5","2","16","25","2","3","1","1","B03","7","9","1","8","4","8","","25","25","1","21","8","B03","24.172598","120.582472","2"
"2019","8","23","9","35","臺中市","大雅區","0","0","0","8","","","50","","","","","","","","","","","","","","","","","","","","B03","","","1","","2","","","16","","1","","","B03","24.21169","120.65021","3"
"2019","8","23","9","36","臺中市","豐原區","0","0","0","8","","","40","","","","","","","","","","","","","","","","","","","","B03","","","1","","2","","","8","","1","4","","B03","24.248422","120.708563","3"
"2019","8","23","9","42","臺中市","大安區","0","0","0","8","","","60","","","","","","","","","","","","","","","","","","","","A12","","","3","","2","","","23","","1","10","","A12","24.349938","120.578227","3"
"2019","8","23","9","50","臺中市","北屯區","0","0","0","8","","","50","","","","","","","","","","","","","","","","","","","","B02","","","1","","2","","","7","","1","5","","B02","24.164735","120.695795","3"
"2019","8","23","9","57","臺中市","沙鹿區","0","0","0","8","","","50","","","","","","","","","","","","","","","","","","","","B03","","","1","","2","","","17","","1","5","","B03","24.235624","120.55893","3"
"2019","8","23","10","5","臺中市","大里區","0","0","0","8","","","50","","","","","","","","","","","","","","","","","","","","","","","7","","11","","","42","","1","","","","24.097585","120.678535","3"
"2019","8","23","10","6","臺中市","清水區","0","2","0","8","1","5","40","4","1","1","5","4","5","5","4","4","10","5","5","2","16","6","2","6","1","1","C03","7","5","1","10","2","11","","6","6","1","21","8","C03","24.271211","120.574739","2"
"2019","8","23","10","25","臺中市","大里區","0","1","0","8","1","5","50","14","9","1","2","4","5","7","4","4","1","4","4","1","17","42","3","10","3","4","G03","7","9","1","16","2","15","","42","42","1","11","8","G03","24.10257","120.681935","2"
"2019","8","23","10","25","臺中市","大肚區","0","1","0","8","1","5","70","3","1","1","5","4","5","7","4","4","10","4","4","1","12","4","2","9","1","1","C03","7","8","1","10","2","12","","4","4","1","12","8","C03","24.139623","120.549654","2"
"2019","8","23","10","29","臺中市","西區","0","1","0","8","1","5","50","14","9","1","5","4","5","7","4","4","5","5","5","2","12","23","2","9","3","4","C03","7","9","1","10","2","12","","23","23","1","21","8","C03","24.139671","120.668299","2"
"2019","8","23","10","30","臺中市","東區","0","1","0","8","1","5","50","4","1","1","5","4","5","7","1","1","10","5","5","2","12","19","3","10","1","1","B03","7","1","1","8","2","8","","19","19","1","22","8","B03","24.140035","120.696419","2"
"2019","8","23","10","31","臺中市","西屯區","0","0","0","8","","","50","","","","","","","","","","","","","","","","","","","","B03","","","1","","2","","","23","","1","22","","B03","24.175197","120.637929","3"
"2019","8","23","10","34","臺中市","梧棲區","0","1","0","8","1","5","50","3","1","1","5","4","5","7","4","4","10","5","5","2","16","6","3","10","3","4","B03","7","5","1","8","2","1","","6","6","1","21","8","B03","24.257533","120.550953","2"
"2019","8","23","10","35","臺中市","南區","0","1","0","8","1","5","50","4","1","1","5","4","5","7","1","1","10","5","5","2","16","1","2","9","1","1","C03","7","9","1","10","2","12","","1","1","1","21","8","C03","24.117428","120.658975","2"
"2019","8","23","10","40","臺中市","南屯區","0","0","0","8","","","50","","","","","","","","","","","","","","","","","","","","B03","","","1","","2","","","23","","1","22","","B03","24.135654","120.62121","3"
"2019","8","23","10","40","臺中市","西屯區","0","1","0","8","1","5","40","14","8","1","5","4","5","7","1","1","9","4","1","2","13","16","2","7","1","1","C03","7","9","1","10","2","11","","16","16","1","12","8","C03","24.158051","120.657508","2"
"2019","8","23","10","40","臺中市","和平區","0","0","0","","","","","","","","","","","","","","","","","","","42","","","","","B03","","","1","","2","","","42","42","1","4","","B03","24.18285","120.925066","3"
"2019","8","23","10","49","臺中市","霧峰區","0","0","0","8","","","50","","","","","","","","","","","","","","","","","","","","B03","","","1","","2","","","23","","1","22","","B03","24.053366","120.686418","3"
"2019","8","23","10","56","臺中市","北屯區","0","0","0","8","","","50","","","","","","","","","","","","","","","","","","","","C01","","","1","","2","","","42","","1","22","","C01","24.169518","120.723356","3"
"2019","8","23","10","56","臺中市","西屯區","0","0","0","8","","","50","","","","","","","","","","","","","","","","","","","","B03","","","1","","11","","","12","","1","","","B03","24.180811","120.616363","3"
"2019","8","23","11","20","臺中市","東區","0","0","0","8","","","50","","","","","","","","","","","","","","","23","3","","","","B03","","","1","8","4","","","23","23","","21","","B03","24.142958","120.694444","3"
"2019","8","23","11","23","臺中市","北屯區","0","1","0","8","1","5","40","14","8","1","5","4","5","4","1","1","1","5","1","2","17","23","3","10","1","1","B03","7","9","1","8","2","8","","23","23","1","5","8","B03","24.176076","120.682016","2"
"2019","8","23","11","31","臺中市","北屯區","0","3","0","8","1","5","50","4","1","1","5","4","5","7","4","4","10","5","5","2","15","6","2","1","3","4","B11","7","9","1","2","2","2","","6","6","1","21","8","B11","24.163201","120.725223","2"
"2019","8","23","11","36","臺中市","神岡區","0","0","0","8","","","50","","","","","","","","","","","","","","","","","","","","B12","","","1","","2","","","6","","1","22","","B12","24.264069","120.699408","3"
"2019","8","23","11","40","臺中市","西屯區","0","0","0","8","","","70","","","","","","","","","","","","","","","","","","","","A02","","","1","","2","","","23","","1","22","","A02","24.181231","120.617724","3"
"2019","8","23","11","41","臺中市","北區","0","0","0","8","","","50","","","","","","","","","","","","","","","","","","","","B03","","","1","","2","","","23","","1","5","","B03","24.1547","120.6846","3"
"2019","8","23","11","43","臺中市","豐原區","0","0","0","8","","","50","","","","","","","","","","","","","","","12","","","","","B12","","","1","","2","","","12","12","1","22","","B12","24.256385","120.72664","3"
"2019","8","23","11","50","臺中市","北屯區","0","1","0","8","1","5","40","14","7","1","5","4","5","7","4","4","5","5","4","2","16","10","3","10","1","1","B03","7","11","1","8","2","8","","10","10","1","5","8","B03","24.186844","120.684598","2"
"2019","8","23","11","57","臺中市","太平區","0","1","0","8","1","5","50","4","1","1","5","4","5","7","1","1","10","5","5","2","16","6","3","10","1","1","B12","7","6","1","8","2","5","","6","6","1","21","8","B12","24.128426","120.708409","2"
"2019","8","23","12","0","臺中市","清水區","0","1","0","8","1","5","40","3","2","1","5","4","5","7","1","1","1","4","4","2","12","19","3","10","1","1","B03","7","1","1","8","2","4","","19","19","1","20","8","B03","24.262356","120.572813","2"
"2019","8","23","12","3","臺中市","北區","0","0","0","8","1","5","50","","","","","","","","","","","","","","","","","","","","B12","","","1","","2","","","19","","1","5","","B12","24.156202","120.697373","3"
"2019","8","23","12","5","臺中市","西屯區","0","0","0","8","","","50","","","","","","","","","","","","","","","","","","","","B03","","","1","","2","","","23","","1","22","","B03","24.182198","120.639172","3"
"2019","8","23","12","5","臺中市","大甲區","0","0","0","8","","","50","","","","","","","","","","","","","","","","","","","","B12","","","1","","2","","","19","","1","9","","B12","24.343782","120.624814","3"
"2019","8","23","12","8","臺中市","北區","0","1","0","8","1","5","50","4","1","1","5","4","5","7","1","1","10","5","5","2","16","6","3","10","3","4","B03","7","5","1","8","2","5","","6","6","1","5","8","B03","24.163097","120.68666","2"
"2019","8","23","12","11","臺中市","西區","0","1","0","8","1","5","50","4","1","1","5","4","5","7","1","1","10","5","5","2","16","6","3","10","1","1","B03","7","5","1","8","2","1","","6","6","1","21","8","B03","24.148439","120.672836","2"
"2019","8","23","12","30","臺中市","北屯區","0","1","0","8","1","5","50","14","7","1","5","4","5","7","4","4","1","4","4","2","12","7","2","9","1","1","C03","7","7","1","10","2","14","","7","7","1","22","8","C03","24.186288","120.663743","2"
"2019","8","23","12","32","臺中市","豐原區","0","0","0","8","","","50","","","","","","","","","","","","","","","","","","","","B03","","","1","","2","","","12","","1","22","","B03","24.243565","120.705986","3"
"2019","8","23","12","34","臺中市","太平區","0","0","0","8","","","50","","","","","","","","","","","","","","","","","","","","C03","","","1","","2","","","16","","1","9","","C03","24.121975","120.718922","3"
"2019","8","23","12","49","臺中市","潭子區","0","1","0","8","1","5","50","11","9","1","5","4","5","7","4","4","10","4","5","1","11","23","2","9","1","1","C03","7","5","2","18","2","11","","23","23","1","21","8","C03","24.209758","120.713561","2"
"2019","8","23","12","55","臺中市","西屯區","0","0","0","8","1","5","50","14","9","1","5","4","5","7","4","4","10","5","5","2","17","19","3","10","3","4","B03","7","1","1","8","2","1","","19","19","1","22","9","B03","24.176101","120.64647","3"
"2019","8","23","13","2","臺中市","北屯區","0","0","0","8","","","50","","","","","","","","","","","","","","","","","","","","B02","","","1","","2","","","23","","1","5","","B02","24.183186","120.693608","3"
"2019","8","23","13","5","臺中市","大里區","0","3","0","8","1","5","50","14","7","1","5","4","5","7","1","1","1","4","4","1","17","23","2","3","1","1","B03","7","9","1","8","2","1","","23","23","1","20","8","B03","24.104637","120.681362","2"
"2019","8","23","13","10","臺中市","沙鹿區","0","0","0","8","","","40","","","","","","","","","","","","","","","","","","","","B12","","","1","","1","","","12","","2","3","","B12","24.212361","120.570338","3"
"2019","8","23","13","20","臺中市","西區","0","1","0","8","1","5","60","5","2","1","5","4","5","7","1","1","1","2","5","2","16","7","3","10","1","1","B03","7","8","1","8","2","6","","7","7","1","22","8","B03","24.154661","120.663755","2"
"2019","8","23","13","24","臺中市","北區","0","2","0","8","1","5","50","3","1","1","5","4","5","7","1","1","5","4","5","2","16","26","2","7","1","1","C03","7","6","1","10","2","13","","26","26","1","5","8","C03","24.1536","120.6899","2"
"2019","8","23","13","25","臺中市","烏日區","0","0","0","8","","","50","","","","","","","","","","","","","","","","","","","","B03","","","1","","2","","","6","","1","21","","B03","24.106141","120.606368","3"
"2019","8","23","13","29","臺中市","東區","0","0","0","8","1","5","50","14","9","1","5","4","5","7","4","4","5","5","5","2","11","35","3","10","1","1","A11","7","9","1","3","2","3","","35","35","1","10","8","A11","24.149642","120.697344","3"
"2019","8","23","13","48","臺中市","中區","0","0","0","8","1","5","50","4","9","1","5","4","5","7","1","1","5","5","5","2","13","","3","","","","B03","","","1","","2","","","23","","1","21","","B03","24.143216","120.677147","3"
"2019","8","23","13","48","臺中市","后里區","0","0","0","8","","","50","","","","","","","","","","","","","","","","","","","","A12","","","1","","2","","","35","","1","","","A12","24.310785","120.71037","3"
"2019","8","23","13","50","臺中市","南區","0","1","0","8","1","5","50","4","1","1","5","4","5","7","4","4","10","5","5","2","15","6","2","9","1","1","C03","7","9","1","10","2","11","","6","6","1","22","8","C03","24.123673","120.668115","2"
"2019","8","23","14","4","臺中市","梧棲區","0","1","0","8","1","5","50","4","1","1","5","4","5","7","4","4","10","5","5","1","15","6","3","10","3","4","B12","7","9","1","8","2","4","","14","6","1","21","8","B12","24.254655","120.535071","2"
"2019","8","23","14","5","臺中市","大里區","0","1","0","8","1","5","50","14","9","1","5","4","5","7","4","4","5","4","5","1","13","26","2","9","1","1","C03","7","7","1","10","2","11","","26","26","1","5","5","C03","24.114866","120.673413","2"
"2019","8","23","14","9","臺中市","太平區","0","0","0","8","","","50","","","","","","","","","","","","","","","","","","","","B03","","","1","","2","","","23","","1","21","","B03","24.140985","120.711505","3"
"2019","8","23","14","15","臺中市","大甲區","0","1","0","8","1","5","50","14","12","1","5","4","5","7","4","4","5","4","4","1","16","26","3","10","1","4","B03","7","5","1","8","2","6","","26","26","1","21","8","B03","24.35957","120.636345","2"
"2019","8","23","14","19","臺中市","東區","0","1","0","8","1","5","50","14","12","1","5","4","5","7","4","4","5","4","4","2","16","7","2","9","1","1","C03","7","7","1","10","2","14","","7","7","1","21","8","C03","24.14918","120.708463","2"
"2019","8","23","14","20","臺中市","北屯區","0","0","0","","","","","","","","","","","","","","","","","","","","","","","","B12","","","1","","2","","","23","","1","5","","B12","24.191927","120.68312","3"
"2019","8","23","14","29","臺中市","大雅區","0","0","0","8","","","50","","","","","","","","","","","","","","","","","","","","B12","","","1","","2","","","19","","1","","","B12","24.22232","120.645304","3"
"2019","8","23","14","30","臺中市","北屯區","0","0","0","8","","","50","","","","","","","","","","","","","","","","","","","","B03","","","1","","2","","","23","","1","22","","B03","24.17555","120.685935","3"
"2019","8","23","14","30","臺中市","沙鹿區","0","1","0","8","1","5","40","4","1","1","5","4","5","7","2","1","10","5","5","2","15","25","3","10","1","1","C03","7","9","1","10","2","11","","25","25","1","4","5","C03","24.216603","120.57065","2"
"2019","8","23","14","32","臺中市","北區","0","1","0","8","1","5","50","4","1","1","5","4","5","7","1","1","10","5","5","2","16","7","3","10","1","1","B03","7","8","1","8","2","5","","7","7","1","22","8","B03","24.164765","120.674082","2"
"2019","8","23","14","36","臺中市","大甲區","0","0","0","8","","","50","","","","","","","","","","","","","","","","","","","","B03","","","1","","2","","","9","","1","4","","B03","24.346295","120.64064","3"
"2019","8","23","14","42","臺中市","西區","0","2","0","8","1","5","50","4","1","1","5","4","5","7","4","4","10","5","5","2","16","6","2","9","1","1","C03","7","9","1","10","2","12","","6","6","1","5","5","C03","24.151451","120.659534","2"
"2019","8","23","14","45","臺中市","東區","0","0","0","8","","","50","","","","","","","","","","","","","","","","","","","","B03","","","1","","2","","","12","","1","4","","B03","24.151578","120.693966","3"
"2019","8","23","14","46","臺中市","西區","0","0","0","8","","","60","","","","","","","","","","","","","","","23","3","","","","B03","","","1","","2","","","23","23","1","21","","B03","24.15566","120.662412","3"
"2019","8","23","15","20","臺中市","新社區","0","0","0","8","","","50","","","","","","","","","","","","","","","","","","","","B03","","","1","","2","","","42","","1","22","","B03","24.169597","120.83497","3"
"2019","8","23","15","30","臺中市","霧峰區","0","0","0","8","","","40","","","","","","","","","","","","","","","","","","","","B03","","","1","","2","","","16","","1","","","B03","24.059993","120.662362","3"
"2019","8","23","15","30","臺中市","霧峰區","0","1","0","8","1","5","50","3","1","1","5","4","5","7","1","1","10","5","5","2","12","9","3","10","1","1","B03","7","6","1","8","2","2","","9","9","1","21","9","B03","24.073725","120.699656","2"
"2019","8","23","15","36","臺中市","豐原區","0","0","0","8","","","60","","","","","","","","","","","","","","","","","","","","B12","","","1","","2","","","7","","1","21","","B12","24.236315","120.723381","3"
"2019","8","23","15","39","臺中市","東區","0","1","0","8","1","5","50","14","7","1","5","4","5","7","4","4","5","5","4","2","13","23","3","10","1","1","B03","7","8","1","8","2","6","","44","23","1","22","8","B03","24.142693","120.70246","2"
"2019","8","23","15","46","臺中市","梧棲區","0","0","0","8","1","5","40","14","8","1","5","4","5","7","4","4","1","3","4","1","12","17","3","10","1","1","C03","7","9","1","10","8","14","","17","17","1","9","1","C03","24.237686","120.517853","3"
"2019","8","23","15","48","臺中市","北區","0","0","0","8","","","50","","","","","","","","","","","","","","","","3","","","","B03","","","1","","2","","","7","","1","22","","B03","24.16283","120.671699","3"
"2019","8","23","15","48","臺中市","北區","0","1","0","8","1","5","50","4","18","1","5","4","5","7","1","1","10","5","5","2","3","15","3","10","3","4","B03","7","5","1","8","2","5","5","15","15","1","22","9","B03","24.163099","120.688333","2"
"2019","8","23","16","1","臺中市","太平區","0","0","0","8","","","50","","","","","","","","","","","","","","","","","","","","F03","","","7","","2","","","17","","1","5","","F03","24.139283","120.711896","4"
"2019","8","23","16","2","臺中市","太平區","0","1","0","8","1","5","50","3","1","1","5","4","5","7","4","4","5","4","5","1","16","6","3","10","1","1","B03","7","5","1","4","2","5","","6","6","1","21","8","B03","24.134527","120.727788","2"
"2019","8","23","16","5","臺中市","西區","0","1","0","8","1","5","40","3","1","1","5","4","3","5","4","4","5","4","5","2","16","6","3","10","1","1","B02","7","6","1","2","2","8","","6","6","1","21","8","B02","24.134842","120.655517","2"
"2019","8","23","16","10","臺中市","梧棲區","0","1","0","8","1","5","50","4","1","1","5","4","1","7","1","1","10","5","5","2","16","43","3","10","1","1","B03","7","9","1","8","2","5","","43","43","1","9","8","B03","24.230161","120.513805","2"
"2019","8","23","16","18","臺中市","西區","0","3","0","8","1","5","50","3","1","1","5","4","5","7","1","1","10","5","5","2","12","42","2","9","1","1","C03","7","9","3","18","2","14","","42","42","1","21","8","C03","24.145526","120.665292","2"
"2019","8","23","16","22","臺中市","北屯區","0","1","0","8","1","5","50","4","4","1","5","4","5","7","2","1","1","4","4","2","12","23","3","10","1","1","B03","7","9","1","8","2","5","","23","23","1","21","8","B03","24.163048","120.7188","2"
"2019","8","23","16","27","臺中市","北區","0","1","0","8","1","5","50","14","7","1","5","4","5","7","4","4","3","4","4","2","12","42","3","10","1","1","B03","7","9","1","8","2","1","","42","42","1","22","8","B03","24.163174","120.680976","2"
"2019","8","23","16","27","臺中市","后里區","0","0","0","8","","","50","","","","","","","","","","","","","","","","","","","","B03","","","1","","2","","","16","","1","22","","B03","24.310838","120.710976","3"
"2019","8","23","16","31","臺中市","東區","0","2","0","8","1","5","50","5","1","1","5","4","5","7","1","1","10","5","5","2","15","25","3","10","1","1","C03","7","9","6","10","4","14","","25","25","1","5","8","C03","24.144608","120.701296","2"
"2019","8","23","16","35","臺中市","大里區","0","1","0","8","1","5","50","14","7","1","5","4","5","7","4","4","5","4","4","2","16","26","3","10","1","1","B03","7","5","1","8","2","4","","26","26","1","5","8","B03","24.113224","120.684309","2"
"2019","8","23","16","39","臺中市","西屯區","0","0","0","8","","","70","","","","","","","","","","","","","","","","","","","","B03","","","1","","2","","","16","","1","22","","B03","24.185531","120.588606","3"
"2019","8","23","16","40","臺中市","清水區","0","1","0","8","1","5","50","14","9","1","5","4","5","7","4","4","7","5","5","1","11","23","2","9","1","1","C04","7","9","3","18","2","11","","23","23","1","5","1","C04","24.275416","120.57746","2"
"2019","8","23","16","42","臺中市","西屯區","0","0","0","8","","","50","","","","","","","","","","","","","","","","","","","","C03","","","7","","2","","","23","","1","","","C03","24.184238","120.64043","3"
"2019","8","23","16","46","臺中市","豐原區","0","0","0","8","","","50","","","","","","","","","","","","","","","","","","","","B03","","","1","","2","","","23","","1","21","","B03","24.239551","120.712401","3"
"2019","8","23","16","48","臺中市","后里區","0","1","0","8","1","5","50","14","9","1","5","4","4","7","4","4","1","4","4","1","13","23","3","10","1","1","B12","7","9","1","8","2","1","","23","23","1","21","8","B12","24.312985","120.698298","2"
"2019","8","23","16","48","臺中市","豐原區","0","0","0","","","","","","","","","","","","","","","","","","","","","","","","C03","","","1","","2","","","23","","1","21","","C03","24.269201","120.732735","3"
"2019","8","23","16","51","臺中市","東區","0","0","0","8","","","50","","","","","","","","","","","","","","","43","","","","","C03","","","6","","11","","","23","43","2","","","C03","24.143554","120.70911","3"
"2019","8","23","16","51","臺中市","梧棲區","0","0","0","8","","","40","","","","","","","","","","","","","","","","","","","","B03","","","1","","2","","","23","","1","8","","B03","24.230275","120.514358","4"
"2019","8","23","16","55","臺中市","霧峰區","0","0","0","8","","","70","","","","","","","","","","","","","","","","","","","","B03","","","6","","2","","","23","","1","9","","B03","24.065562","120.696033","3"
"2019","8","23","17","0","臺中市","北區","0","0","0","8","","","50","","","","","","","","","","","","","","","23","","","","","B03","","","1","8","2","","","23","23","1","","","B03","24.163232","120.680307","3"
"2019","8","23","17","1","臺中市","龍井區","0","0","0","8","","","50","","","","","","","","","","","","","","","","","","","","B03","","","8","","10","","","43","","1","12","","B03","24.195233","120.547688","3"
"2019","8","23","17","2","臺中市","大雅區","0","0","0","8","","","50","","","","","","","","","","","","","","","","","","","","C03","","","1","","2","","","16","","1","","","C03","24.222106","120.646751","3"
"2019","8","23","17","5","臺中市","大里區","0","0","0","8","","","50","","","","","","","","","","","","","","","","","","","","B03","","","1","","2","","","23","","1","12","","B03","24.091716","120.691549","3"
"2019","8","23","17","10","臺中市","大里區","0","0","0","8","","","50","","","","","","","","","","","","","","","19","","","","","B03","","","1","","2","","","18","19","1","","","B03","24.090091","120.691784","3"
"2019","8","23","17","10","臺中市","太平區","0","0","0","8","","","50","","","","","","","","","","","","","","","","","","","","B03","","","1","","1","","","43","","1","21","","B03","24.11144","120.7026","3"
"2019","8","23","17","13","臺中市","大里區","0","2","0","8","1","5","50","3","1","1","5","4","5","7","4","4","10","5","4","2","12","23","2","9","1","1","C03","7","9","1","10","2","14","","42","23","1","21","9","C03","24.097751","120.676","2"
"2019","8","23","17","13","臺中市","梧棲區","0","0","0","8","","","50","","","","","","","","","","","","","","","","","","","","B12","","","1","","2","","","12","","1","9","","B12","24.242698","120.537125","4"
"2019","8","23","17","15","臺中市","東區","0","1","0","8","1","5","50","3","1","1","5","4","5","7","2","1","10","5","5","2","16","44","3","10","1","1","B03","7","6","1","7","2","6","","44","44","1","22","8","B03","24.142688","120.710856","2"
"2019","8","23","17","16","臺中市","太平區","0","1","0","8","1","5","50","4","1","1","5","4","5","7","1","1","5","5","5","1","16","6","3","10","1","1","C03","7","5","2","18","2","11","","6","6","1","21","8","C03","24.145595","120.734361","2"
"2019","8","23","17","20","臺中市","西屯區","0","1","0","8","1","5","40","14","7","1","5","4","5","7","4","4","1","4","4","2","13","23","3","10","1","1","B03","7","12","1","8","2","1","","23","23","1","22","8","B03","24.161744","120.628003","2"
"2019","8","23","17","24","臺中市","霧峰區","0","0","0","8","","","70","","","","","","","","","","","","","","","","","","","","B03","","","1","","2","","","6","","1","","","B03","24.037943","120.69324","3"
"2019","8","23","17","26","臺中市","東勢區","0","0","0","8","1","5","50","15","9","1","5","4","5","7","4","4","10","5","5","1","15","","","","","","C03","","","1","","2","","","8","","1","22","","C03","24.270338","120.823101","3"
"2019","8","23","17","29","臺中市","南區","0","0","0","8","","","50","","","","","","","","","","","","","","","8","3","","","","C03","","","1","","2","","","8","8","","9","","C03","24.143556","120.709053","3"
"2019","8","23","17","30","臺中市","霧峰區","0","1","0","8","1","5","50","3","1","1","5","4","5","7","4","4","10","5","5","2","16","6","2","9","1","1","C03","7","5","1","10","2","11","","6","6","1","5","8","C03","24.060245","120.680176","2"
"2019","8","23","17","31","臺中市","豐原區","0","0","0","8","","","50","","","","","","","","","","","","","","","19","","","","","B03","","","1","","2","","","17","19","1","22","","B03","24.236618","120.710385","3"
"2019","8","23","17","35","臺中市","西區","0","0","0","8","","","50","","","","","","","","","","","","","","","","","","","","B03","","","1","","2","","","6","","1","","","B03","24.141118","120.671416","3"
"2019","8","23","17","38","臺中市","豐原區","0","0","0","8","","","40","","","","","","","","","","","","","","","","","","","","B03","","","1","","2","","","12","","1","22","","B03","24.233716","120.700388","3"
"2019","8","23","17","40","臺中市","大里區","0","2","0","8","2","5","40","14","8","1","5","4","5","7","4","4","1","5","5","1","13","23","2","9","1","1","C03","7","9","1","10","2","11","","23","23","1","5","8","C03","24.110621","120.670028","2"
"2019","8","23","17","41","臺中市","后里區","0","0","0","8","","","50","","","","","","","","","","","","","","","6","","","","","B03","","","1","","2","","","6","6","1","","","B03","24.316616","120.707918","3"
"2019","8","23","17","55","臺中市","大里區","0","1","0","8","2","5","40","3","1","1","5","4","5","7","4","4","10","5","5","2","15","6","3","10","1","1","B12","7","9","6","18","2","2","","6","6","1","12","8","B12","24.112162","120.687188","2"
"2019","8","23","17","55","臺中市","大里區","0","0","0","8","2","5","40","8","9","1","5","4","5","7","1","1","8","3","4","1","13","","","","","","B03","","","1","","2","","","23","","","","","B03","24.093601","120.686719","3"
"2019","8","23","17","57","臺中市","西區","0","1","0","8","2","5","50","4","1","1","5","4","5","7","1","1","10","5","5","2","15","25","3","10","1","1","C03","7","9","3","18","2","12","","25","25","1","21","8","C03","24.141238","120.666731","2"
"2019","8","23","18","0","臺中市","清水區","0","1","0","8","2","5","50","4","1","1","5","4","5","7","1","1","10","5","5","2","16","6","3","10","1","1","B03","7","5","1","8","2","2","6","6","6","1","5","5","B03","24.26418","120.571252","2"
"2019","8","23","18","2","臺中市","大里區","0","1","0","8","2","5","40","3","1","1","5","4","5","7","4","4","10","5","5","2","12","6","3","10","1","1","B03","7","6","1","8","2","6","","6","6","1","21","8","B03","24.088857","120.653094","2"
"2019","8","23","18","5","臺中市","烏日區","1","0","0","8","1","5","50","3","1","1","5","4","5","7","4","4","5","4","5","1","9","37","3","10","1","1","C03","7","6","1","10","2","11","","37","37","1","21","8","C03","24.103056","120.62799","1"
"2019","8","23","18","10","臺中市","太平區","0","0","0","8","","","50","","","","","","","","","","","","","","","","","","","","B02","","","1","","2","","","26","","1","21","","B02","24.131551","120.716387","3"
"2019","8","23","18","10","臺中市","大甲區","0","0","0","8","","","50","","","","","","","","","","","","","","","","","","","","B03","","","1","","2","","","8","","1","4","","B03","24.340468","120.61918","3"
"2019","8","23","18","12","臺中市","大里區","0","1","0","8","2","5","50","14","8","1","5","4","5","7","4","4","5","5","4","2","17","42","2","8","1","1","C03","7","9","1","10","2","15","","42","42","1","21","9","C03","24.100817","120.689665","2"
"2019","8","23","18","20","臺中市","烏日區","0","0","0","8","","","30","","","","","","","","","","","","","","","16","","","","","B01","","","1","","2","","","16","16","1","10","","B01","24.114208","120.616702","3"
"2019","8","23","18","23","臺中市","北屯區","0","0","0","8","","","50","","","","","","","","","","","","","","","","","","","","B12","","","1","","2","","","16","","1","9","","B12","24.1734","120.6905","3"
"2019","8","23","18","26","臺中市","西屯區","0","0","0","8","","","50","","","","","","","","","","","","","","","","","","","","B12","","","1","","2","","","6","","1","22","","B12","24.184711","120.620969","3"
"2019","8","23","18","29","臺中市","西區","0","1","0","8","3","5","50","4","1","1","5","4","5","7","1","1","10","5","5","2","16","6","3","10","1","1","B03","7","5","1","8","2","5","","6","6","1","21","8","B03","24.132156","120.661693","2"
"2019","8","23","18","30","臺中市","西區","0","2","0","8","3","5","50","4","1","1","5","4","5","7","4","4","10","5","5","2","15","19","2","9","1","1","C03","7","1","1","10","2","11","","19","19","1","21","8","C03","24.147298","120.669844","2"
"2019","8","23","18","30","臺中市","太平區","0","0","0","8","","","80","","","","","","","","","","","","","","","","","","","","B03","","","1","","2","","","23","","1","21","","B03","24.1469","120.713346","3"