"年","月","日","時","分","縣市","區","死","受傷","2-30","天候","光線","道路類別","速限","道路型態","事故位置","路面鋪裝","路面狀態","路面缺陷","障礙物","視距","號誌種類","號誌動作","分向設施","快車道或一般車道間","快慢車道間","路面邊線","事故類型及型態","主要肇因","受傷程度","主要傷處","保護裝備","行動電話","當事者區分(類別)","車輛用途","當事者行動狀態","駕駛資格情形","駕駛執照種類","飲酒情形","車輛撞擊部位最初","車輛撞擊部位其他","肇事因素個別","肇事因素主要","肇事逃逸","職業","旅次目的","車種","GPS座標(緯度)","GPS座標(經度)","事故類別"
"2019","8","24","14","42","臺中市","大雅區","0","0","0","6","1","5","50","14","8","1","4","4","5","7","4","4","3","4","4","1","17","23","3","10","1","1","B03","7","9","1","8","8","5","","23","23","1","21","8","B03","24.24241","120.627401","3"
"2019","8","24","14","49","臺中市","北區","0","0","0","8","1","5","40","","","","","","","","","","","","","","","","","","","","B03","","","1","","2","","","25","","1","5","","B03","24.151662","120.688359","3"
"2019","8","24","14","52","臺中市","西區","0","0","0","8","","","50","","","","","","","","","","","","","","","43","3","","","","B02","","","1","","2","","","43","43","1","21","","B02","24.140164","120.658851","3"
"2019","8","24","14","52","臺中市","神岡區","0","2","0","7","1","5","50","3","1","1","4","4","5","7","4","4","10","5","5","2","17","6","2","9","1","1","C03","7","11","1","10","2","12","","6","6","1","21","8","C03","24.238965","120.678951","2"
"2019","8","24","14","55","臺中市","烏日區","0","2","0","8","1","5","50","4","1","1","5","4","5","7","3","2","10","5","5","2","17","6","3","10","1","1","B03","7","6","1","8","2","4","","6","6","1","21","8","B03","24.103065","120.621169","2"
"2019","8","24","14","58","臺中市","北屯區","0","0","0","","1","8","50","4","1","1","5","4","5","7","1","1","10","3","5","2","12","23","3","10","1","1","B03","7","9","1","8","2","5","","23","23","1","21","8","B03","24.180301","120.690265","3"
"2019","8","24","15","3","臺中市","豐原區","0","0","0","","","","","","","","","","","","","","","","","","","","","","","","B03","","","1","","2","","","6","","1","22","","B03","24.265498","120.73373","3"
"2019","8","24","15","15","臺中市","清水區","0","0","0","8","1","5","50","4","2","1","5","4","5","7","1","1","10","4","4","2","13","16","3","10","1","1","B03","7","9","1","8","2","1","","16","16","1","5","1","B03","24.295726","120.565714","3"
"2019","8","24","15","25","臺中市","清水區","0","1","0","8","1","5","40","11","9","1","5","4","5","7","4","4","10","5","5","2","11","5","3","10","1","1","B03","7","9","1","8","2","1","5","5","5","1","5","5","B03","24.287269","120.607409","2"
"2019","8","24","15","29","臺中市","南區","0","2","0","7","1","5","40","4","1","1","5","4","5","7","2","1","10","5","5","2","16","26","2","7","3","4","C03","7","11","1","10","2","14","","26","26","1","5","8","C03","24.123786","120.679331","2"
"2019","8","24","15","30","臺中市","沙鹿區","0","1","0","8","1","5","50","4","1","1","5","4","5","7","2","1","10","5","5","2","15","25","3","10","1","1","B03","7","9","1","8","2","5","","25","25","1","4","5","B03","24.239357","120.564615","2"
"2019","8","24","15","44","臺中市","潭子區","0","1","0","7","1","5","40","14","8","1","5","4","5","7","4","4","1","4","4","1","18","23","2","9","1","1","C03","7","9","1","10","2","14","","23","23","1","22","8","C03","24.213771","120.705271","2"
"2019","8","24","16","6","臺中市","龍井區","0","2","0","8","1","5","40","14","9","1","5","4","5","7","4","4","10","5","5","2","11","23","2","9","1","1","C03","7","9","1","10","2","11","","23","23","1","20","8","C03","24.205426","120.529351","2"
"2019","8","24","16","29","臺中市","太平區","0","0","0","8","","","50","","","","","","","","","","","","","","","","","","","","B03","","","1","","2","","","23","","1","21","","B03","24.126366","120.710837","3"
"2019","8","24","16","32","臺中市","南區","0","1","0","8","1","5","50","4","2","1","5","4","5","7","1","1","5","5","4","2","11","26","3","10","1","1","B03","7","9","1","8","2","8","","26","26","1","5","8","B03","24.129435","120.68157","2"
"2019","8","24","16","34","臺中市","南屯區","0","0","0","8","","","50","","","","","","","","","","","","","","","","","","","","B03","","","1","","2","","","23","","1","","","B03","24.145686","120.623103","3"
"2019","8","24","16","36","臺中市","北區","0","0","0","8","","","50","","","","","","","","","","","","","","","42","","","","","B12","","","1","8","2","","","42","42","1","","","B12","24.159785","120.682398","3"
"2019","8","24","16","40","臺中市","清水區","0","1","0","8","1","5","50","4","1","1","5","4","5","7","1","1","10","5","5","2","3","15","3","10","1","1","B03","7","5","1","8","2","1","","15","15","1","5","5","B03","24.278228","120.573449","2"
"2019","8","24","16","47","臺中市","太平區","0","0","0","8","","","50","","","","","","","","","","","","","","","","","","","","B03","","","1","","2","","","23","","1","21","","B03","24.143274","120.733747","3"
"2019","8","24","16","51","臺中市","東區","0","0","0","","","","","","","","","","","","","","","","","","","","","","","","","","","7","","11","","","43","","1","","","","24.151539","120.697795","3"
"2019","8","24","16","55","臺中市","西區","0","0","0","8","","","60","","","","","","","","","","","","","","","","","","","","B03","","","1","","2","","","7","","1","21","","B03","24.156671","120.660589","3"
"2019","8","24","16","57","臺中市","北區","0","1","0","7","1","5","50","4","1","1","5","4","5","7","3","1","10","5","5","2","15","6","3","10","1","1","B12","7","9","1","8","2","8","","6","6","1","22","8","B12","24.146","120.6738","2"
"2019","8","24","17","3","臺中市","西屯區","0","1","0","8","1","5","50","12","9","1","5","4","5","7","4","4","8","5","5","1","17","23","2","9","1","1","C03","7","9","1","10","2","14","","23","23","1","22","8","C03","24.17527","120.619283","2"
"2019","8","24","17","3","臺中市","龍井區","0","1","0","8","1","5","40","4","1","1","5","4","5","7","4","4","10","5","5","2","15","6","2","4","1","1","C03","7","9","2","18","2","12","","6","6","1","16","8","C03","24.192496","120.54413","2"
"2019","8","24","17","4","臺中市","北區","0","0","0","8","","","50","","","","","","","","","","","","","","","","3","","","","B03","","","1","","2","","","23","","1","22","","B03","24.159083","120.67168","3"
"2019","8","24","17","7","臺中市","西屯區","0","0","0","8","1","5","50","14","7","1","5","4","5","7","4","4","1","4","3","2","13","21","3","10","1","1","A31","7","9","1","1","6","1","","23","21","1","10","8","A31","24.17873","120.623805","3"
"2019","8","24","17","11","臺中市","豐原區","0","0","0","8","","","50","","","","","","","","","","","","","","","4","","","","","C03","","","1","","2","","","4","4","1","21","","C03","24.248698","120.73009","3"
"2019","8","24","17","13","臺中市","西屯區","0","0","0","8","","","40","","","","","","","","","","","","","","","","","","","","B03","","","1","","2","","","12","","1","","","B03","24.182326","120.619161","3"
"2019","8","24","17","23","臺中市","南屯區","0","2","0","7","2","5","50","4","1","1","5","4","5","7","2","1","1","2","4","2","16","6","3","10","1","1","B03","7","6","1","8","2","2","","6","6","1","18","8","B03","24.151301","120.641063","2"
"2019","8","24","17","40","臺中市","北屯區","0","1","0","8","2","5","50","14","7","1","5","4","5","7","4","4","1","4","4","2","12","7","3","10","1","1","B03","7","7","1","2","2","7","","7","7","1","21","8","B03","24.166096","120.695371","2"
"2019","8","24","17","47","臺中市","神岡區","0","0","0","8","","","50","","","","","","","","","","","","","","","1","","","","","C03","","4","1","","2","","","1","1","1","22","","C03","24.267094","120.688253","3"
"2019","8","24","17","53","臺中市","豐原區","0","0","0","8","","","50","","","","","","","","","","","","","","","","","","","","B03","","","1","","2","","","16","","1","22","","B03","24.251498","120.716008","3"
"2019","8","24","17","58","臺中市","北區","0","1","0","8","1","5","50","3","8","1","5","4","5","7","4","4","10","4","4","2","16","6","3","10","1","1","B03","7","8","1","8","2","2","","6","6","1","22","8","B03","24.159476","120.67695","2"
"2019","8","24","17","59","臺中市","西區","0","0","0","8","","","50","","","","","","","","","","","","","","","","","","","","C03","","","1","","2","","","1","","","22","","C03","24.15221","120.67096","3"
"2019","8","24","18","0","臺中市","潭子區","0","0","0","","","","","","","","","","","","","","","","","","","","","","","","C03","","","1","","10","","","44","","1","22","","C03","24.215994","120.70997","3"
"2019","8","24","18","11","臺中市","北屯區","0","0","0","8","","","50","","","","","","","","","","","","","","","","","","","","B03","","","1","","2","","","23","","1","4","","B03","24.201207","120.678387","3"
"2019","8","24","18","16","臺中市","大雅區","0","1","0","7","3","5","50","3","1","1","5","4","5","6","4","4","5","5","4","1","16","6","3","10","1","1","B03","7","5","1","8","2","2","","6","6","1","21","8","B03","24.218623","120.65064","2"
"2019","8","24","18","20","臺中市","北屯區","0","1","0","8","3","5","50","4","1","1","5","4","5","7","1","1","10","5","5","2","17","23","3","10","1","1","B03","7","5","1","8","2","15","","23","23","1","21","8","B03","24.166698","120.689918","2"
"2019","8","24","18","22","臺中市","霧峰區","0","1","0","8","3","5","50","14","12","1","5","4","5","7","4","4","5","2","4","1","16","10","3","10","1","1","B03","7","11","1","8","2","1","","10","10","1","21","8","B03","24.058671","120.695609","2"
"2019","8","24","18","30","臺中市","清水區","0","1","0","7","3","5","40","14","8","1","5","4","5","7","4","4","5","4","4","2","2","23","3","10","1","1","C03","7","9","1","10","2","11","","23","23","1","3","8","C03","24.268928","120.59065","2"
"2019","8","24","18","34","臺中市","神岡區","0","1","0","8","3","5","50","4","1","1","5","4","5","7","1","1","10","5","5","2","17","6","3","10","1","1","B03","7","6","1","8","2","2","","6","6","1","21","8","B03","24.25531","120.655675","2"
"2019","8","24","18","41","臺中市","南區","0","0","0","8","","","50","","","","","","","","","","","","","","","23","","","","","B03","","","1","1","2","","","23","23","1","5","","B03","24.11488","120.671213","3"
"2019","8","24","18","42","臺中市","西屯區","0","0","0","8","","","50","","","","","","","","","","","","","","","","","","","","B03","","","1","","2","","","12","","1","22","","B03","24.161414","120.633985","3"
"2019","8","24","18","44","臺中市","太平區","0","0","0","8","","","50","","","","","","","","","","","","","","","","","","","","B03","","","1","","2","","","23","","1","4","","B03","24.134648","120.733063","3"
"2019","8","24","18","47","臺中市","北區","0","0","0","8","","","50","","","","","","","","","","","","","","","12","","","","","A12","","","1","3","2","","","12","12","1","","","A12","24.149455","120.67852","3"
"2019","8","24","18","50","臺中市","北屯區","0","0","0","8","3","5","50","14","9","1","5","4","5","7","4","4","8","3","5","2","14","12","3","10","1","1","B03","7","2","1","8","2","6","","12","12","1","21","8","B03","24.188635","120.687013","3"
"2019","8","24","18","53","臺中市","北區","0","0","0","8","","","50","","","","","","","","","","","","","","","","","","","","B12","","","1","","2","","","12","","1","22","","B12","24.1665","120.6697","3"
"2019","8","24","19","3","臺中市","龍井區","0","1","0","8","3","5","50","4","2","1","5","4","5","7","1","1","5","5","4","2","16","8","3","10","1","1","B12","7","5","1","8","2","8","","8","8","1","21","8","B12","24.17726","120.534636","2"
"2019","8","24","19","4","臺中市","北區","0","0","0","8","","","40","","","","","","","","","","","","","","","","3","","","","B03","","","1","","2","","","12","","1","22","","B03","24.161876","120.663321","3"
"2019","8","24","19","9","臺中市","南區","0","0","0","","","","","","","","","","","","","","","","","","","","","","","","B03","","","1","","2","","","42","","1","5","","B03","24.120279","120.650584","3"
"2019","8","24","19","12","臺中市","北屯區","0","1","0","7","3","5","50","3","1","1","5","4","5","7","1","1","10","5","5","2","16","9","3","10","1","1","B03","7","6","1","8","2","6","","9","9","1","21","8","B03","24.167146","120.706831","2"
"2019","8","24","19","24","臺中市","中區","0","0","0","8","","","50","","","","","","","","","","","","","","","19","3","","","","B03","","","1","","2","","","19","19","1","21","","B03","24.143998","120.677568","3"
"2019","8","24","19","25","臺中市","北區","0","1","0","8","3","5","50","4","1","1","5","4","5","7","1","1","10","5","5","2","16","6","3","10","3","4","B03","7","5","1","8","2","8","8","6","6","1","22","9","B03","24.163887","120.686694","2"
"2019","8","24","19","30","臺中市","西屯區","0","2","0","8","3","5","50","14","8","1","5","4","5","7","2","1","1","3","1","1","13","23","2","8","1","1","C03","7","9","1","8","2","11","","23","23","1","22","8","C03","24.164106","120.648496","2"
"2019","8","24","19","30","臺中市","霧峰區","0","0","0","8","","","50","","","","","","","","","","","","","","","","","","","","B03","","","1","","11","","","38","","1","4","","B03","24.064487","120.698727","3"
"2019","8","24","19","39","臺中市","大里區","0","0","0","8","","","50","","","","","","","","","","","","","","","","","","","","B03","","","1","","2","","","16","","1","21","","B03","24.091759","120.729763","3"
"2019","8","24","19","40","臺中市","豐原區","0","0","0","8","","","50","","","","","","","","","","","","","","","","","","","","B03","","","1","","2","","","23","","1","21","","B03","24.250143","120.707115","3"
"2019","8","24","19","43","臺中市","西屯區","0","0","0","8","","","1","","","","","","","","","","","","","","","","","","","","B03","","","1","","2","","","19","","1","","","B03","24.159308","120.647961","3"
"2019","8","24","19","47","臺中市","北區","0","0","0","8","","","50","","","","","","","","","","","","","","","","","","","","B03","","","1","","2","","","23","","1","22","","B03","24.1591","120.6786","3"
"2019","8","24","19","49","臺中市","太平區","0","0","0","8","","","50","","","","","","","","","","","","","","","","","","","","B03","","","1","","11","","","12","","2","","","B03","24.148445","120.705718","3"
"2019","8","24","19","51","臺中市","南屯區","0","0","0","8","","","50","","","","","","","","","","","","","","","","","","","","A03","","","1","","2","","","23","","1","","","A03","24.151745","120.635203","3"
"2019","8","24","19","57","臺中市","太平區","0","1","0","8","3","5","50","4","1","1","5","4","5","7","1","1","10","5","5","2","16","6","3","10","1","1","B03","7","6","1","8","2","2","","6","6","1","21","8","B03","24.148849","120.718298","2"
"2019","8","24","20","6","臺中市","大里區","0","0","0","8","","","50","","","","","","","","","","","","","","","43","","","","","B03","","","1","","10","","","38","43","1","22","","B03","24.109536","120.684158","3"
"2019","8","24","20","7","臺中市","中區","0","0","0","8","","","50","","","","","","","","","","","","","","","42","3","","","","B03","","","1","","2","","","42","42","1","21","","B03","24.143425","120.674869","3"
"2019","8","24","20","19","臺中市","神岡區","0","1","0","8","3","5","50","3","1","1","5","4","5","7","1","1","10","5","5","2","16","6","3","10","3","4","B03","7","5","1","8","9","1","","6","6","1","22","9","B03","24.261455","120.70438","2"
"2019","8","24","20","20","臺中市","北區","0","0","0","8","","","50","","","","","","","","","","","","","","","","3","","","","B03","","","1","","2","","","23","","1","22","","B03","24.15146","120.677763","3"
"2019","8","24","20","32","臺中市","梧棲區","0","0","0","8","","","50","","","","","","","","","","","","","","","","","","","","B03","","","1","","2","","","12","","1","","","B03","24.257709","120.534761","3"
"2019","8","24","20","50","臺中市","大甲區","0","1","0","8","3","5","50","14","5","1","5","4","5","7","4","4","10","5","5","2","3","43","3","10","1","2","F03","7","9","8","20","2","16","","43","43","1","4","8","F03","24.382252","120.655802","2"
"2019","8","24","20","55","臺中市","北屯區","0","1","0","8","3","5","50","4","1","1","5","4","5","7","1","1","10","5","5","2","1","15","3","10","1","1","B03","7","5","1","8","2","1","","15","15","1","21","8","B03","24.169286","120.72744","2"
"2019","8","24","20","55","臺中市","大里區","0","0","0","8","","","50","","","","","","","","","","","","","","","","","","","","B03","","","1","","9","","","23","","1","","","B03","24.076554","120.683873","3"
"2019","8","24","21","0","臺中市","清水區","0","2","0","8","3","5","50","11","9","1","5","4","5","6","4","4","5","4","4","1","10","43","2","9","1","1","C03","7","9","1","10","2","11","","43","43","1","5","5","C03","24.282509","120.556811","2"
"2019","8","24","21","1","臺中市","中區","0","0","0","8","","","50","","","","","","","","","","","","","","","","","","","","C03","","","1","","2","","","19","","1","21","","C03","24.145349","120.676912","3"
"2019","8","24","21","4","臺中市","西區","0","1","0","8","3","5","50","4","1","1","5","4","5","7","2","1","10","5","5","2","13","16","2","5","1","1","C03","7","9","1","10","2","11","","16","16","1","21","8","C03","24.158281","120.657887","2"
"2019","8","24","21","30","臺中市","西屯區","0","0","0","","","","","","","","","","","","","","","","","","","12","","","","","A11","","","1","","2","","","12","12","1","22","","A11","24.163498","120.640006","3"
"2019","8","24","21","35","臺中市","北區","0","0","0","8","","","50","","","","","","","","","","","","","","","","3","","","","B03","","","1","","2","","","8","","1","22","","B03","24.168781","120.672571","3"
"2019","8","24","21","35","臺中市","大里區","0","0","0","8","","","50","","","","","","","","","","","","","","","","","","","","B03","","","1","","9","","","44","","1","5","","B03","24.105157","120.679911","3"
"2019","8","24","21","42","臺中市","豐原區","0","0","0","8","","","50","","","","","","","","","","","","","","","","","","","","B03","","","1","","2","","","23","","1","22","","B03","24.249831","120.70592","3"
"2019","8","24","21","53","臺中市","潭子區","0","0","0","8","","","60","","","","","","","","","","","","","","","","","","","","B03","","","1","","2","","","16","","1","","","B03","24.215086","120.688006","3"
"2019","8","24","22","18","臺中市","潭子區","0","2","0","8","1","5","50","14","9","1","5","4","5","7","4","4","8","4","5","1","11","16","2","9","1","1","C03","7","9","3","18","3","12","","16","16","1","22","1","C03","24.221855","120.692196","2"
"2019","8","24","23","14","臺中市","北區","0","1","0","7","1","5","50","14","8","1","5","4","5","7","4","4","8","3","4","2","10","4","3","10","4","1","F01","7","9","8","20","2","16","","4","4","1","9","8","F01","24.154593","120.677408","2"
"2019","8","24","23","19","臺中市","西區","0","0","0","6","","","50","","","","","","","","","","","","","","","","","","","","B02","","","1","","2","","","26","","1","","","B02","24.156834","120.659573","3"
"2019","8","24","23","22","臺中市","西屯區","0","1","0","6","2","5","40","4","1","1","4","4","5","7","4","4","4","1","5","2","16","6","2","9","1","1","C03","7","9","1","10","2","12","","6","6","1","4","8","C03","24.176591","120.589803","2"
"2019","8","24","23","35","臺中市","潭子區","0","2","0","6","3","5","50","4","1","1","4","4","5","7","1","1","10","5","5","2","17","6","3","10","1","1","C03","7","5","1","10","2","12","","6","6","1","21","8","C03","24.207148","120.705126","2"
"2019","8","24","23","48","臺中市","北屯區","0","1","0","6","3","5","50","4","1","1","4","4","5","7","1","1","10","5","5","2","16","1","2","9","1","1","C03","7","9","1","10","2","12","","1","1","1","22","8","C03","24.174905","120.693215","2"
"2019","8","25","0","10","臺中市","西區","0","2","0","6","3","5","1","5","1","1","4","4","5","7","1","1","10","5","5","2","9","60","2","9","4","5","H01","8","21","8","20","10","16","","60","60","1","21","8","H01","24.147864","120.661707","2"
"2019","8","25","0","10","臺中市","南屯區","0","0","0","8","","","40","","","","","","","","4","","","","","","","26","3","","","","B02","","","1","","2","","","26","26","1","21","","B02","24.138988","120.6226","3"
"2019","8","25","0","17","臺中市","西區","0","1","0","6","3","5","40","4","2","1","4","4","5","7","2","1","10","5","5","2","17","19","3","10","1","1","B01","7","1","1","4","2","8","","19","19","1","10","8","B01","24.15264","120.66634","2"
"2019","8","25","1","14","臺中市","大里區","0","1","0","7","3","5","50","4","2","1","4","1","5","7","1","1","9","4","4","1","15","25","2","9","1","1","C04","7","9","1","10","11","14","","25","25","2","22","9","C04","24.114218","120.690526","2"
"2019","8","25","1","15","臺中市","中區","0","0","0","6","","","50","","","","","","","","","","","","","","","","","","","","B02","","","1","","2","","","7","","1","21","","B02","24.143312","120.68323","3"
"2019","8","25","3","34","臺中市","東區","0","0","0","8","","","50","","","","","","","","","","","","","","","","","","","","B03","","","1","","2","","","26","","1","22","","B03","24.140562","120.707946","3"
"2019","8","25","5","11","臺中市","中區","0","0","0","6","","","50","","","","","","","","","","","","","","","","","","","","B03","","","1","","2","","","6","","1","","","B03","24.141523","120.682139","3"
"2019","8","25","5","45","臺中市","潭子區","0","0","0","8","","","50","","","","","","","","","","","","","","","","","","","","B03","","","1","","4","","","16","","1","21","","B03","24.215641","120.688135","3"
"2019","8","25","6","2","臺中市","霧峰區","0","1","0","6","2","5","40","13","9","1","4","4","5","7","4","4","10","5","5","2","24","23","2","8","1","1","C03","7","9","1","10","2","11","","23","23","1","21","8","C03","24.062378","120.698516","2"
"2019","8","25","6","25","臺中市","北屯區","0","1","0","7","1","5","50","11","9","1","4","4","5","7","4","4","5","4","5","2","12","7","2","9","1","1","C03","7","7","1","10","2","14","","7","7","1","21","8","C03","24.169755","120.707221","2"
"2019","8","25","6","58","臺中市","大里區","0","0","0","8","","","50","","","","","","","","","","","","","","","","","","","","B12","","","1","","2","","","12","","1","22","","B12","24.099136","120.701526","3"
"2019","8","25","7","15","臺中市","石岡區","0","0","0","8","","","70","","","","","","","","","","","","","","","23","","","","","B03","","","1","","2","","","23","23","1","5","","B03","24.275338","120.770586","3"
"2019","8","25","7","16","臺中市","西區","0","2","0","8","1","5","50","4","1","1","5","4","5","7","1","1","10","5","5","2","15","25","2","8","1","1","C03","7","9","1","10","2","12","","25","25","1","5","1","C03","24.14676","120.666594","2"
"2019","8","25","7","16","臺中市","東區","0","0","0","","","","","","","","","","","","","","","","","","","","","","","","B12","","","1","","2","","","23","","1","5","","B12","24.133861","120.70807","3"
"2019","8","25","7","25","臺中市","清水區","0","2","0","6","1","5","40","3","2","1","4","4","5","7","4","4","9","4","4","2","16","19","2","9","1","1","C03","7","1","1","10","2","11","","19","19","1","21","8","C03","24.272201","120.577535","2"
"2019","8","25","7","50","臺中市","霧峰區","0","2","0","6","1","5","50","4","8","1","4","4","5","7","1","1","9","4","4","1","13","23","2","3","1","1","C03","7","9","1","10","2","11","","23","23","1","22","8","C03","24.061835","120.698528","2"
"2019","8","25","8","10","臺中市","清水區","0","1","0","6","1","5","60","4","1","1","4","4","5","7","1","1","10","5","5","2","16","16","2","9","1","1","C03","7","9","1","10","2","11","","16","16","1","5","5","C03","24.275114","120.547533","2"
"2019","8","25","8","21","臺中市","西屯區","0","0","0","6","","","50","","","","","","","","","","","","","","","","","","","","B03","","","1","","2","","","17","","1","22","","B03","24.176421","120.615782","3"
"2019","8","25","8","32","臺中市","潭子區","0","0","0","6","","","40","","","","","","","","","","","","","","","43","","","","","","","","7","","11","","","43","43","","","","","24.218694","120.691831","3"
"2019","8","25","8","35","臺中市","大里區","0","0","0","8","","","50","","","","","","","","","","","","","","","","","","","","B03","","","1","","2","","","12","","1","4","","B03","24.103876","120.691882","3"
"2019","8","25","8","56","臺中市","霧峰區","0","0","0","8","","","50","","","","","","","","","","","","","","","","","","","","B03","","","1","","2","","","8","","1","22","","B03","24.071612","120.699539","3"
"2019","8","25","9","2","臺中市","東勢區","0","1","0","7","2","5","60","14","9","1","4","4","5","7","4","4","5","4","5","1","16","43","3","10","1","1","B12","7","9","1","8","2","2","","43","43","1","5","8","B12","24.28396","120.806681","2"
"2019","8","25","9","10","臺中市","西屯區","","","","8","","","50","","","","","","","","","","","","","","","","","","","","B03","","","1","","2","","","23","","1","22","","B03","24.201218","120.65719","3"
"2019","8","25","9","12","臺中市","太平區","0","2","0","8","1","5","50","4","1","1","5","4","5","7","1","1","10","5","5","2","12","17","2","9","1","1","C03","7","9","1","10","2","12","","17","17","1","21","8","C03","24.149643","120.710553","2"
"2019","8","25","9","15","臺中市","大安區","0","1","0","8","1","5","50","4","1","1","5","4","5","7","1","1","10","5","5","2","15","25","2","7","1","1","F01","7","9","8","20","2","16","","25","25","1","9","8","F01","24.350157","120.58428","2"
"2019","8","25","9","18","臺中市","龍井區","0","1","0","7","1","5","50","14","9","1","4","4","5","7","4","4","9","5","5","2","13","23","2","7","1","1","C03","7","9","1","10","2","11","","23","23","1","21","8","C03","24.191294","120.590562","2"
"2019","8","25","9","35","臺中市","神岡區","0","1","0","7","1","5","40","3","1","1","5","4","5","7","4","4","10","5","5","1","16","6","3","10","1","1","B03","7","5","1","8","2","8","","6","6","1","21","8","B03","24.26482","120.672066","2"
"2019","8","25","9","54","臺中市","烏日區","0","1","0","7","1","5","50","4","1","1","4","4","5","7","1","1","10","5","5","2","16","23","3","10","1","1","B03","7","5","1","8","2","4","","23","23","1","21","8","B03","24.093525","120.646471","2"
"2019","8","25","10","3","臺中市","西屯區","0","0","0","8","","","60","","","","","","","","","","","","","","","","","","","","B03","","","1","","2","","","23","","1","22","","B03","24.183433","120.614196","3"
"2019","8","25","10","12","臺中市","東勢區","0","2","0","7","1","5","50","4","1","1","5","4","5","7","4","4","10","5","5","2","16","23","3","10","1","1","B03","7","9","1","8","2","4","","26","23","1","5","8","B03","24.253218","120.828913","2"
"2019","8","25","10","42","臺中市","豐原區","0","0","0","8","","","50","","","","","","","","","","","","","","","","","","","","B03","","","1","","2","","","23","","1","22","","B03","24.274006","120.721943","3"
"2019","8","25","10","46","臺中市","清水區","0","1","0","8","1","5","50","4","9","1","5","4","5","7","4","4","9","5","4","2","15","6","2","9","1","1","C03","7","9","1","10","2","12","","6","6","1","19","8","C03","24.271981","120.577626","2"
"2019","8","25","10","56","臺中市","北屯區","0","0","0","8","","","50","","","","","","","","","","","","","","","","","","","","C03","","","1","","2","","","23","","1","","","C03","24.164564","120.711955","3"
"2019","8","25","10","56","臺中市","西屯區","0","0","0","8","","","50","","","","","","","","","","","","","","","","","","","","B12","","","1","","2","","","42","","1","22","","B12","24.166991","120.66205","3"
"2019","8","25","11","11","臺中市","烏日區","0","0","0","8","","","70","","","","","","","","","","","","","","","","","","","","B03","","","1","","2","","","7","","1","22","","B03","24.114047","120.584792","3"
"2019","8","25","11","23","臺中市","北屯區","0","0","0","8","","","50","","","","","","","","","","","","","","","","","","","","B03","","","1","","2","","","6","","1","5","","B03","24.188259","120.690434","3"
"2019","8","25","11","26","臺中市","西屯區","0","0","0","8","","","40","","","","","","","","","","","","","","","","","","","","B03","","","1","","2","","","19","","1","22","","B03","24.170031","120.633063","3"
"2019","8","25","11","26","臺中市","外埔區","0","0","0","8","","","50","","","","","","","","","","","","","","","","","","","","B03","","","1","","2","","","16","","1","5","","B03","24.341753","120.638841","4"
"2019","8","25","11","32","臺中市","西屯區","0","1","0","8","1","5","50","3","1","1","5","4","5","7","4","4","10","5","5","2","13","23","2","9","1","1","C03","7","9","1","10","2","11","","23","23","1","22","8","C03","24.162624","120.649958","2"
"2019","8","25","11","35","臺中市","霧峰區","0","1","0","8","1","5","50","4","1","1","5","4","5","7","4","4","10","5","5","2","16","10","3","10","1","1","B03","7","11","1","8","2","8","","10","10","1","5","5","B03","24.063348","120.697654","2"
"2019","8","25","11","45","臺中市","西屯區","0","0","0","8","","","60","","","","","","","","","","","","","","13","16","","","","","B03","","","1","","2","1","","16","16","1","22","","B03","24.16546","120.643756","3"
"2019","8","25","11","46","臺中市","大雅區","0","1","0","8","1","5","50","4","1","1","5","4","5","7","1","1","3","4","4","1","17","25","3","10","1","1","B03","7","9","1","8","2","1","","25","25","1","21","8","B03","24.227162","120.644335","2"
"2019","8","25","12","0","臺中市","西區","0","1","0","8","1","5","50","4","1","1","5","4","5","7","3","1","10","5","5","2","15","6","2","9","1","1","C03","7","9","1","10","2","12","","6","6","1","22","8","C03","24.135152","120.660148","2"
"2019","8","25","12","6","臺中市","西屯區","0","0","0","8","","","60","","","","","","","","","","","","","","","","","","","","B03","","","1","","2","","","7","","1","22","","B03","24.168038","120.640631","3"
"2019","8","25","12","9","臺中市","東區","0","0","0","8","1","5","50","4","1","1","5","4","5","7","1","1","10","5","5","2","12","7","3","10","1","1","B03","7","7","1","8","2","8","","7","7","1","22","8","B03","24.13939","120.689548","3"
"2019","8","25","12","9","臺中市","北屯區","0","0","0","8","1","5","50","14","9","1","5","4","5","7","4","4","8","4","5","2","13","23","3","10","1","1","B03","7","9","1","8","2","1","","23","23","1","21","8","B03","24.181441","120.682301","3"
"2019","8","25","12","16","臺中市","北屯區","0","0","0","8","","","40","","","","","","","","","","","","","","","","","","","","B03","","","1","","2","","","12","","1","5","","B03","24.1793","120.6654","3"
"2019","8","25","12","17","臺中市","后里區","0","1","0","8","1","5","50","14","7","1","5","4","5","7","4","4","5","5","5","2","12","19","3","10","1","1","B12","7","1","1","8","2","8","","19","19","1","21","8","B12","24.31026","120.717957","2"
"2019","8","25","12","30","臺中市","大里區","0","0","0","8","","","50","","","","","","","","","","","","","","","","","","","","C03","","","1","","2","","","4","","1","22","","C03","24.088723","120.700996","3"
"2019","8","25","12","32","臺中市","北區","0","0","0","8","","","50","","","","","","","","","","","","","","","","","","","","B12","","","1","","2","","","12","","1","","","B12","24.151398","120.682662","3"