"年","月","日","時","分","縣市","區","死","受傷","2-30","天候","光線","道路類別","速限","道路型態","事故位置","路面鋪裝","路面狀態","路面缺陷","障礙物","視距","號誌種類","號誌動作","分向設施","快車道或一般車道間","快慢車道間","路面邊線","事故類型及型態","主要肇因","受傷程度","主要傷處","保護裝備","行動電話","當事者區分(類別)","車輛用途","當事者行動狀態","駕駛資格情形","駕駛執照種類","飲酒情形","車輛撞擊部位最初","車輛撞擊部位其他","肇事因素個別","肇事因素主要","肇事逃逸","職業","旅次目的","車種","GPS座標(緯度)","GPS座標(經度)","事故類別"
"2019","8","25","12","35","臺中市","北屯區","0","0","0","8","","","50","","","","","","","","","","","","","","","","","","","","B03","","","1","","2","","","23","","1","","","B03","24.16095","120.73334","3"
"2019","8","25","12","40","臺中市","南區","0","1","0","8","1","5","50","4","1","1","5","4","5","7","1","1","10","5","5","2","16","6","3","10","1","1","B03","7","5","1","8","2","8","","6","6","1","5","8","B03","24.116101","120.657713","2"
"2019","8","25","12","40","臺中市","大里區","0","1","0","8","1","5","50","14","9","1","5","4","5","7","4","4","9","5","4","2","29","42","3","10","4","1","F03","7","9","8","20","2","15","","42","42","1","22","8","F03","24.100861","120.714352","2"
"2019","8","25","12","43","臺中市","西屯區","0","2","0","8","1","5","40","4","1","1","5","4","5","7","2","1","10","5","5","2","12","9","3","10","3","4","B03","7","6","1","8","2","5","","9","9","1","22","9","B03","24.178118","120.624731","2"
"2019","8","25","12","46","臺中市","北屯區","0","0","0","8","","","50","","","","","","","","","","","","","","","","","","","","B03","","","1","","2","","","16","","1","","","B03","24.164575","120.693819","3"
"2019","8","25","13","0","臺中市","大甲區","0","0","0","8","","","70","","","","","","","","","","","","","","","","","","","","B03","","","1","","2","","","23","","1","4","","B03","24.362956","120.63874","3"
"2019","8","25","13","1","臺中市","西屯區","0","0","0","8","","","50","","","","","","","","","","","","","","12","7","","","","","B03","","","1","","2","6","","7","7","1","22","","B03","24.156108","120.65413","3"
"2019","8","25","13","4","臺中市","北屯區","0","0","0","8","1","5","50","14","9","1","5","4","5","7","4","4","4","3","5","2","12","23","3","10","1","1","B03","7","8","1","8","2","2","","23","23","1","","8","B03","24.167611","120.693231","3"
"2019","8","25","13","8","臺中市","北屯區","0","0","0","8","","","60","","","","","","","","","","","","","","","23","","","","","B03","","","1","","2","","","23","23","1","5","","B03","24.163059","120.719209","3"
"2019","8","25","13","10","臺中市","西屯區","0","0","0","8","","","50","","","","","","","","","","","","","","","","","","","","B03","","","1","","2","","","23","","1","22","","B03","24.15855","120.64354","3"
"2019","8","25","13","10","臺中市","沙鹿區","0","0","0","8","","","50","","","","","","","","","","","","","","","","","","","","B03","","","1","","2","","","12","","1","11","","B03","24.224847","120.568136","3"
"2019","8","25","13","15","臺中市","南區","0","0","0","8","","","50","","","","","","","","","","","","","","","43","","","","","","","","","","","","","43","43","","","","","24.1352","120.682372","4"
"2019","8","25","13","18","臺中市","北區","0","0","0","8","","","50","","","","","","","","","","","","","","","","","","","","B03","","","1","","2","","","6","","1","5","","B03","24.1566","120.6699","3"
"2019","8","25","13","25","臺中市","北區","0","0","0","8","1","5","50","","","","","","","","","","","","","","","","","","","","B03","","","1","","2","","","23","","1","5","","B03","24.150802","120.676912","3"
"2019","8","25","13","30","臺中市","中區","0","0","0","8","1","5","50","14","9","1","5","4","5","7","4","4","5","4","4","2","16","","","","","","B03","","","1","","2","","","23","","1","20","","B03","24.139023","120.681166","3"
"2019","8","25","13","45","臺中市","北屯區","0","0","0","8","","","50","","","","","","","","","","","","","","","","","","","","B03","","","1","","2","","","7","","1","21","","B03","24.1619","120.6926","3"
"2019","8","25","13","47","臺中市","神岡區","0","0","0","8","","","50","","","","","","","","","","","","","","","","","","","","B12","","","1","","2","","","16","","1","22","","B12","24.247185","120.685158","3"
"2019","8","25","13","48","臺中市","北屯區","0","0","0","8","","","40","","","","","","","","","","","","","","","","","","","","B03","","","1","","2","","","12","","1","","","B03","24.173809","120.694473","3"
"2019","8","25","13","51","臺中市","大甲區","0","0","0","8","","","40","","","","","","","","","","","","","","","","","","","","B03","","","1","","2","","","19","","1","4","","B03","24.405536","120.646086","3"
"2019","8","25","14","0","臺中市","東區","0","0","0","8","","","40","","","","","","","","","","","","","","","23","","","","","B02","","","1","8","2","","","23","23","1","5","","B02","24.146718","120.706852","3"
"2019","8","25","14","5","臺中市","和平區","0","0","0","8","","","30","","","","","","","","","","","","","","","42","","","","","B03","","","1","","2","","","42","42","1","4","","B03","24.333678","121.311719","3"
"2019","8","25","14","10","臺中市","東區","0","1","0","8","1","5","50","3","1","1","5","4","5","7","1","1","10","5","5","2","13","23","3","10","1","1","C03","7","9","3","18","2","11","","23","23","1","22","8","C03","24.136513","120.687696","2"
"2019","8","25","14","12","臺中市","北屯區","0","1","0","8","1","5","50","4","1","1","5","4","5","7","1","1","10","5","5","2","16","6","3","10","1","1","B03","7","6","1","8","2","5","","6","6","1","21","8","B03","24.180362","120.684017","2"
"2019","8","25","14","14","臺中市","西屯區","0","2","0","8","1","5","50","3","1","1","5","4","5","7","1","1","10","5","5","2","12","8","2","9","3","4","C03","7","5","1","10","2","14","","8","8","1","22","9","C03","24.16699","120.637923","2"
"2019","8","25","14","19","臺中市","北區","0","0","0","8","","","50","","","","","","","","","","","","","","","","3","","","","B03","","","1","","2","","","23","","1","22","","B03","24.159502","120.694851","3"
"2019","8","25","14","25","臺中市","東區","0","0","0","","","","","","","","","","","","","","","","","","","","","","","","B03","","","1","","2","","","23","","1","5","","B03","24.136755","120.687886","3"
"2019","8","25","14","28","臺中市","大里區","0","0","0","8","","","60","","","","","","","","","","","","","","","","","","","","B03","","","1","","2","","","18","","1","4","","B03","24.104755","120.680414","3"
"2019","8","25","14","40","臺中市","大甲區","0","0","0","8","1","5","40","14","13","1","5","4","5","7","4","4","8","5","5","1","12","18","","","","","G02","","","1","","2","","","18","18","1","7","","G02","24.33858","120.618495","3"
"2019","8","25","14","57","臺中市","北區","0","0","0","8","","","50","","","","","","","","","","","","","","","","","","","","B03","","","1","","2","","","12","","1","22","","B03","24.153785","120.689167","3"
"2019","8","25","15","0","臺中市","北屯區","0","0","0","8","","","50","","","","","","","","","","","","","","","12","","","","","B03","","","1","","2","","","12","12","1","21","","B03","24.175565","120.717976","3"
"2019","8","25","15","1","臺中市","中區","0","1","0","8","1","5","50","4","1","1","5","4","5","7","4","4","10","5","5","2","15","6","3","10","1","1","B03","7","9","1","8","1","2","","6","6","1","21","8","B03","24.145285","120.677819","2"
"2019","8","25","15","10","臺中市","沙鹿區","0","1","0","8","1","5","50","3","1","1","5","4","5","7","4","4","10","5","5","2","16","9","3","10","1","1","B03","7","6","1","8","2","6","","9","9","1","2","9","B03","24.233083","120.563451","2"
"2019","8","25","15","25","臺中市","龍井區","0","0","0","8","","","40","","","","","","","","","","","","","","","","","","","","B03","","","1","","2","","","6","","1","","","B03","24.209172","120.547406","3"
"2019","8","25","15","30","臺中市","西區","0","2","0","8","1","5","50","4","1","1","5","4","5","7","2","1","10","5","5","2","16","8","3","10","1","1","B12","7","5","1","8","2","1","","8","8","1","2","9","B12","24.150852","120.661128","2"
"2019","8","25","15","30","臺中市","西區","0","1","0","8","1","5","50","4","2","1","5","4","5","7","1","1","1","1","1","1","13","23","2","8","1","1","C03","7","9","1","10","2","11","","23","23","1","21","8","C03","24.139962","120.657341","2"
"2019","8","25","15","33","臺中市","北區","0","2","0","8","1","5","50","4","2","1","5","4","5","7","1","1","10","5","5","2","13","13","2","9","1","1","C03","7","9","1","10","2","11","","13","13","1","22","8","C03","24.167058","120.685096","2"
"2019","8","25","15","44","臺中市","大甲區","0","2","0","8","1","5","50","14","8","1","5","4","5","7","4","4","5","5","4","1","16","26","2","8","1","1","C03","7","11","3","18","2","12","","26","26","1","20","8","C03","24.352881","120.629192","2"
"2019","8","25","15","45","臺中市","神岡區","0","0","0","8","","","50","","","","","","","","","","","","","","","","","","","","B12","","","1","","2","","","25","","1","22","","B12","24.251356","120.701296","3"
"2019","8","25","15","50","臺中市","西區","0","0","0","8","","","40","","","","","","","","","","","","","","","","","","","","B12","","","1","","2","","","12","","1","21","","B12","24.153261","120.665078","3"
"2019","8","25","15","51","臺中市","清水區","0","1","0","8","1","5","50","3","1","1","5","4","5","7","4","4","10","5","5","2","12","19","3","10","1","1","B03","7","1","1","8","2","4","","19","19","1","21","8","B03","24.281393","120.547278","2"
"2019","8","25","15","58","臺中市","豐原區","0","0","0","8","","","50","","","","","","","","","","","","","","","16","","","","","C03","","","1","","2","","","17","16","1","18","","C03","24.234715","120.717678","3"
"2019","8","25","16","0","臺中市","東區","0","1","0","8","1","5","50","14","9","1","5","4","5","7","4","4","9","5","5","2","13","16","3","10","1","1","B03","7","9","1","8","2","1","","16","16","1","22","8","B03","24.129532","120.69932","2"
"2019","8","25","16","0","臺中市","西屯區","0","0","0","8","","","40","","","","","","","","","","","","","","","19","","","","","B03","","","1","","2","","","19","19","1","22","","B03","24.164333","120.646811","3"
"2019","8","25","16","0","臺中市","新社區","0","0","0","8","1","5","50","14","9","1","5","4","5","7","4","4","5","4","5","1","14","","","","","","B03","","","1","","2","","","15","","1","22","","B03","24.239798","120.809218","3"
"2019","8","25","16","5","臺中市","龍井區","0","1","0","8","1","5","50","14","9","1","5","4","5","7","4","4","7","5","5","1","13","23","2","8","1","1","C03","7","9","1","10","2","11","","23","23","1","9","1","C03","24.209527","120.545481","2"
"2019","8","25","16","10","臺中市","豐原區","0","0","0","8","","","50","","","","","","","","","","","","","","","","","","","","B03","","","1","","2","","","23","","1","22","","B03","24.252103","120.724733","3"
"2019","8","25","16","14","臺中市","北區","0","0","0","8","","","50","","","","","","","","","","","","","","","","3","","","","B03","","","1","","3","","","23","","1","22","","B03","24.15845","120.697221","3"
"2019","8","25","16","25","臺中市","龍井區","0","1","0","8","1","5","50","4","1","1","5","4","5","7","4","4","10","5","5","2","15","43","3","10","1","1","B03","7","9","1","10","2","8","","43","43","1","20","5","B03","24.217593","120.519695","2"
"2019","8","25","16","30","臺中市","北屯區","0","0","0","8","","","50","","","","","","","","","","","","","","","","","","","","B03","","","1","","2","","","23","","1","","","B03","24.182525","120.713224","3"
"2019","8","25","16","30","臺中市","大里區","0","1","0","8","1","5","50","3","1","1","5","4","5","7","4","4","10","5","5","2","16","6","3","10","1","1","C03","7","5","1","10","2","14","","6","6","1","5","8","C03","24.114538","120.683832","2"
"2019","8","25","16","30","臺中市","神岡區","0","0","0","8","","","40","","","","","","","","","","","","","","","12","","","","","B03","","","1","","2","","","12","12","1","22","","B03","24.25103","120.696533","3"
"2019","8","25","16","35","臺中市","沙鹿區","0","0","0","8","","","50","","","","","","","","","","","","","","","","","","","","B03","","","1","","2","","","23","","1","22","","B03","24.242773","120.565157","3"
"2019","8","25","16","36","臺中市","烏日區","0","0","0","8","","","40","","","","","","","","","","","","","","","","","","","","B12","","","1","","1","","","40","","1","21","","B12","24.082633","120.64767","4"
"2019","8","25","16","40","臺中市","北屯區","0","2","0","8","1","5","50","4","1","1","5","4","5","7","4","4","10","5","5","2","15","6","3","10","3","4","B03","7","9","1","8","2","8","","6","6","1","21","8","B03","24.172858","120.693119","2"
"2019","8","25","16","42","臺中市","西區","0","1","0","8","1","5","50","4","1","1","5","4","5","7","2","1","10","5","5","2","17","6","3","10","1","1","B03","7","5","1","8","2","5","","6","6","1","5","7","B03","24.146726","120.658621","2"
"2019","8","25","16","52","臺中市","龍井區","0","0","0","8","1","5","70","14","8","1","5","4","5","7","4","4","1","5","5","2","14","21","3","10","3","4","B03","7","2","6","8","8","3","","21","21","1","21","8","B03","24.208871","120.549808","3"
"2019","8","25","16","56","臺中市","北區","0","0","0","8","","","50","","","","","","","","","","","","","","","","","","","","B03","","","1","","2","","","16","","1","22","","B03","24.161378","120.664706","3"
"2019","8","25","17","7","臺中市","太平區","0","0","0","8","","","50","","","","","","","","","","","","","","","","","","","","B03","","","1","","2","","","12","","1","","","B03","24.153731","120.72728","3"
"2019","8","25","17","20","臺中市","西屯區","0","1","0","8","3","5","50","5","2","1","5","4","5","7","4","4","5","5","4","2","17","23","3","10","1","1","B03","7","14","1","8","2","3","","38","23","1","22","5","B03","24.175463","120.668876","2"
"2019","8","25","17","24","臺中市","大里區","0","0","0","8","1","5","80","14","7","1","5","4","5","7","4","4","1","4","5","1","12","43","3","10","1","1","B03","7","9","1","8","9","6","","43","43","2","21","8","B03","24.10103","120.692179","3"
"2019","8","25","17","25","臺中市","北屯區","0","1","0","8","1","5","50","3","1","1","5","4","5","7","4","4","10","5","5","2","18","23","2","9","1","1","C03","7","9","1","10","2","12","","23","23","1","21","8","C03","24.186451","120.677556","2"
"2019","8","25","17","29","臺中市","北區","0","2","0","8","1","5","50","3","1","1","5","4","5","7","4","4","10","5","5","2","17","43","2","9","1","1","C03","7","9","1","10","2","14","","43","43","1","21","8","C03","24.163583","120.682368","2"
"2019","8","25","17","30","臺中市","清水區","0","0","0","8","","","40","","","","","","","","","","","","","","","","","","","","B03","","","1","","2","","","12","","1","12","","B03","24.29203","120.588163","3"
"2019","8","25","17","37","臺中市","北屯區","0","0","0","8","2","5","50","14","9","1","5","4","5","7","4","4","8","3","5","2","13","23","3","10","1","1","B03","7","9","1","8","2","1","","23","23","1","","8","B03","24.189351","120.660118","3"
"2019","8","25","17","59","臺中市","西屯區","0","0","0","8","","","50","","","","","","","","","","","","","","","23","","","","","C03","","","1","","2","","","23","23","1","22","","C03","24.157021","120.655608","3"
"2019","8","25","18","10","臺中市","龍井區","0","0","0","8","","","50","","","","","","","","","","","","","","","","","","","","B03","","","1","","2","","","12","","1","","","B03","24.20972","120.54375","3"
"2019","8","25","18","10","臺中市","大甲區","0","2","0","8","1","5","50","14","9","1","5","4","5","7","1","1","5","5","5","1","13","23","2","9","1","1","C03","7","9","3","18","8","11","","23","23","1","19","8","C03","24.348151","120.613482","2"
"2019","8","25","18","12","臺中市","龍井區","0","0","0","8","","","50","","","","","","","","","","","","","","","","","","","","B02","","","1","","2","","","23","","1","","","B02","24.209858","120.54368","3"
"2019","8","25","18","15","臺中市","大里區","0","0","0","8","","","80","","","","","","","","","","","","","","","","","","","","B03","","","1","","2","","","16","","1","21","","B03","24.079429","120.682275","3"
"2019","8","25","18","16","臺中市","沙鹿區","0","0","0","8","","","50","","","","","","","","","","","","","","","","","","","","B03","","","1","","2","","","23","","1","2","","B03","24.217109","120.550042","3"
"2019","8","25","18","19","臺中市","北區","0","1","0","8","2","5","50","3","1","1","5","4","5","7","1","1","10","5","5","2","13","23","3","10","1","1","B03","7","9","1","8","2","1","","23","23","1","22","8","B03","24.15948","120.683548","2"
"2019","8","25","18","30","臺中市","豐原區","0","0","0","8","","","40","","","","","","","","","","","","","","","5","","","","","B03","","","1","","2","","","5","5","1","22","","B03","24.229136","120.731101","3"
"2019","8","25","18","39","臺中市","霧峰區","0","0","0","8","","","70","","","","","","","","","","","","","","","","","","","","B03","","","1","","2","","","17","","1","","","B03","24.054126","120.693821","3"
"2019","8","25","18","40","臺中市","神岡區","0","1","0","8","3","5","40","4","1","1","5","4","5","7","4","4","10","5","5","2","15","6","2","9","1","1","C03","7","9","1","10","2","12","","6","6","1","22","9","C03","24.244274","120.683211","2"
"2019","8","25","18","41","臺中市","大里區","0","0","0","8","","","40","","","","","","","","","","","","","","","","","","","","B03","","","1","","2","","","67","","1","","","B03","24.10884","120.69175","3"
"2019","8","25","18","50","臺中市","大雅區","0","2","0","8","3","5","40","4","1","1","5","4","5","7","3","1","10","5","5","2","15","6","3","10","1","1","B03","7","9","1","8","2","1","","6","6","1","21","8","B03","24.207047","120.640355","2"
"2019","8","25","18","54","臺中市","北屯區","0","1","0","8","3","5","50","14","9","1","5","4","5","7","4","4","9","5","5","2","16","6","3","10","1","1","C03","7","5","1","10","2","14","","6","6","1","21","8","C03","24.174391","120.686893","2"
"2019","8","25","19","5","臺中市","北屯區","0","0","0","8","","","50","","","","","","","","","","","","","","","","","","","","B12","","","1","","2","","","23","","1","22","","B12","24.164908","120.702183","3"
"2019","8","25","19","5","臺中市","西屯區","0","0","0","8","","","40","","","","","","","","","","","","","","","12","","","","","B03","","","6","","11","","","12","12","1","","","B03","24.181748","120.621375","3"
"2019","8","25","19","25","臺中市","西屯區","0","0","0","8","","","60","","","","","","","","","","","","","","","","","","","","B03","","","1","","2","","","7","","1","22","","B03","24.163423","120.648211","3"
"2019","8","25","19","25","臺中市","大里區","0","0","0","8","","","50","","","","","","","","","","","","","","","","","","","","B02","","","1","","2","","","18","","1","21","","B02","24.123449","120.690122","3"
"2019","8","25","19","30","臺中市","中區","0","0","0","8","","","50","","","","","","","","","","","","","","","","","","","","B03","","","1","","2","","","19","","1","21","","B03","24.144432","120.677119","4"
"2019","8","25","19","33","臺中市","西屯區","0","0","0","8","","","40","","","","","","","","","","","","","","","","","","","","B03","","","1","","2","","","7","","1","","","B03","24.179451","120.622276","3"
"2019","8","25","19","39","臺中市","后里區","0","1","0","8","4","5","50","4","2","1","5","4","5","7","1","1","10","5","5","2","16","6","3","10","1","4","B12","7","5","1","8","2","1","","6","6","1","22","8","B12","24.303711","120.713615","2"
"2019","8","25","20","15","臺中市","新社區","0","2","0","7","3","5","40","14","9","1","4","4","5","7","4","4","5","5","5","1","11","26","2","9","1","1","B03","7","9","1","8","7","8","","26","26","1","22","8","B03","24.162913","120.826066","2"
"2019","8","25","20","16","臺中市","西區","0","0","0","8","","","50","","","","","","","","","","","","","","","23","3","","","","B03","","","1","","9","","","23","23","2","21","","B03","24.152775","120.655668","3"
"2019","8","25","20","18","臺中市","南區","0","0","0","","","","","","","","","","","","","","","","","","","","","","","","B03","","","1","","2","","","23","","1","21","","B03","24.120915","120.655055","3"
"2019","8","25","20","23","臺中市","南屯區","0","1","0","8","3","5","50","4","1","1","5","4","5","7","2","1","5","5","4","2","16","9","3","10","1","1","B12","7","6","1","8","2","2","","9","9","1","4","8","B12","24.13573","120.611756","2"
"2019","8","25","20","26","臺中市","豐原區","0","0","0","8","","","50","","","","","","","","","","","","","","","23","","","","","B02","","","1","","2","","","23","23","1","21","","B02","24.254458","120.72405","3"
"2019","8","25","20","31","臺中市","大雅區","0","3","0","8","3","5","40","4","1","1","5","4","5","7","4","4","10","5","5","2","17","6","2","9","1","1","C03","7","9","1","10","3","11","","6","6","1","22","9","C03","24.23224","120.66602","2"
"2019","8","25","21","0","臺中市","北區","0","0","0","8","","","50","","","","","","","","","","","","","","","","3","","","","B03","","","1","","2","","","16","","1","22","","B03","24.151254","120.677303","3"
"2019","8","25","21","5","臺中市","西屯區","0","0","0","8","","","50","","","","","","","","","","","","","","","9","","","","","B03","","","1","","2","","","9","9","1","22","","B03","24.174066","120.587598","3"
"2019","8","25","21","35","臺中市","北屯區","0","1","0","8","3","5","50","14","9","1","5","4","5","7","4","4","5","2","5","2","13","23","2","8","3","4","C03","7","9","1","10","2","11","","23","23","1","17","8","C03","24.171938","120.681736","2"
"2019","8","25","21","50","臺中市","西區","0","1","0","8","3","5","50","11","9","1","5","4","5","7","4","4","1","4","5","2","18","42","2","8","3","4","C03","7","9","1","10","2","14","","42","42","1","21","8","C03","24.142666","120.665367","2"
"2019","8","25","21","54","臺中市","中區","0","1","0","8","3","5","50","4","2","1","5","4","5","7","4","4","5","4","5","2","27","23","2","9","1","1","C03","7","9","1","10","2","11","","23","23","1","21","8","C03","24.13683","120.681194","2"
"2019","8","25","22","0","臺中市","北屯區","0","0","0","8","","","50","","","","","","","","","","","","","","","","","","","","B03","","","1","","2","","","10","","1","5","","B03","24.188228","120.694336","3"
"2019","8","25","22","31","臺中市","大雅區","0","0","0","8","","","50","","","","","","","","","","","","","","","","","","","","B03","","","1","","2","","","26","","1","","","B03","24.220343","120.647792","3"
"2019","8","25","22","50","臺中市","大甲區","0","1","0","8","3","5","50","4","1","1","5","4","5","7","4","4","10","5","5","2","15","6","2","7","1","1","B03","7","9","1","8","2","2","","6","6","1","9","8","B03","24.346623","120.621105","2"
"2019","8","25","22","55","臺中市","南屯區","0","1","0","8","3","5","50","4","1","1","5","4","5","7","2","1","10","5","5","2","16","3","3","10","3","4","B03","7","6","1","8","2","2","","3","3","1","22","9","B03","24.148755","120.640691","2"
"2019","8","25","23","36","臺中市","大里區","0","1","0","8","3","5","50","14","7","1","5","4","5","7","4","4","5","4","4","2","17","4","2","9","3","4","C02","7","5","1","9","2","12","","4","4","1","21","5","C02","24.100105","120.680729","2"
"2019","8","25","23","39","臺中市","潭子區","0","2","0","8","3","5","50","3","4","1","5","4","5","7","1","1","1","4","4","1","13","42","2","9","1","1","C03","7","9","1","10","2","11","","42","42","1","21","8","C03","24.230018","120.70857","2"
"2019","8","26","0","14","臺中市","西屯區","0","0","0","8","","","40","","","","","","","","","","","","","","","","","","","","B03","","","1","","2","","","43","","1","4","","B03","24.156001","120.647006","3"
"2019","8","26","2","27","臺中市","西區","0","0","0","8","","","50","","","","","","","","","","","","","","","","","","","","B03","","","1","","2","","","16","","1","21","","B03","24.155525","120.662492","4"
"2019","8","26","3","9","臺中市","北區","0","0","0","8","","","50","","","","","","","","","","","","","","","","","","","","B03","","","1","","2","","","9","","1","22","","B03","24.1445","120.6818","3"
"2019","8","26","3","34","臺中市","中區","0","0","0","8","","","50","","","","","","","","","","","","","","","","","","","","B03","","","1","","2","","","12","","1","21","","B03","24.14081","120.682855","3"
"2019","8","26","6","11","臺中市","北屯區","0","1","0","8","1","5","40","14","9","1","5","4","5","7","4","4","10","5","5","1","16","19","3","10","1","1","C03","7","1","3","18","2","12","","19","19","1","19","8","C03","24.195251","120.661985","2"
"2019","8","26","6","19","臺中市","北屯區","0","1","0","8","1","5","50","3","1","1","5","4","5","7","1","1","10","5","5","2","16","25","3","10","1","1","B03","7","5","1","8","2","5","","25","25","1","5","8","B03","24.162556","120.719291","2"
"2019","8","26","6","49","臺中市","西屯區","0","0","0","8","","","50","","","","","","","","","","","","","","","","","","","","B12","","","1","","2","","","23","","1","4","","B12","24.182658","120.633141","3"
"2019","8","26","6","50","臺中市","西屯區","0","0","0","8","","","40","","","","","","","","","","","","","","","","","","","","A41","","","1","","2","","","12","","1","22","","A41","24.17844","120.592853","3"
"2019","8","26","7","2","臺中市","西屯區","0","0","0","8","","","40","","","","","","","","","","","","","","","","","","","","B03","","","1","","2","","","17","","1","","","B03","24.199316","120.65473","3"
"2019","8","26","7","6","臺中市","梧棲區","0","0","0","8","","","50","","","","","","","","","","","","","","","","","","","","B03","","","1","","2","","","23","","","","","B03","24.248208","120.531859","3"
"2019","8","26","7","20","臺中市","北屯區","0","1","0","8","1","5","40","14","8","1","5","4","5","7","4","4","1","2","4","2","13","23","3","10","1","1","C03","7","9","3","18","9","11","","23","23","2","21","8","C03","24.164971","120.695646","2"
"2019","8","26","7","20","臺中市","大里區","0","0","0","8","","","40","","","","","","","","","","","","","","","","","","","","A41","","","1","","2","","","17","","1","21","","A41","24.092921","120.690418","3"
"2019","8","26","7","25","臺中市","大雅區","0","1","0","8","1","5","50","14","9","1","5","4","5","7","4","4","5","5","5","1","13","23","3","10","1","1","B03","7","9","1","8","2","1","","23","23","1","21","8","B03","24.213403","120.634055","2"
"2019","8","26","7","37","臺中市","大雅區","0","1","0","8","1","5","40","3","2","1","5","4","5","7","4","4","10","5","5","1","10","5","2","9","1","1","C03","7","9","1","10","2","11","","5","5","1","22","8","C03","24.208596","120.636637","2"
"2019","8","26","7","40","臺中市","北區","0","0","0","8","","","50","","","","","","","","","","","","","","","43","","","","","","","","7","19","11","15","","43","43","","","","","24.149388","120.678953","3"
"2019","8","26","7","40","臺中市","北屯區","0","0","0","8","","","50","","","","","","","","","","","","","","","","","","","","B01","","","1","","2","","","16","","1","","","B01","24.176987","120.721262","3"
"2019","8","26","7","40","臺中市","大里區","0","2","0","8","1","5","50","4","1","1","5","4","5","7","4","4","10","5","5","2","15","6","3","10","1","1","B12","7","9","1","8","2","5","","6","6","1","22","8","B12","24.107164","120.691493","2"
"2019","8","26","7","43","臺中市","西屯區","0","1","0","8","1","5","50","4","1","1","5","4","5","7","1","1","10","5","5","2","16","6","3","10","1","1","B03","7","5","1","8","2","5","","6","6","1","21","8","B03","24.17587","120.635346","2"
"2019","8","26","7","44","臺中市","南區","0","0","0","","","","","","","","","","","","","","","","","","","","","","","","B03","","","1","","2","","","16","","1","21","","B03","24.129351","120.654655","3"
"2019","8","26","7","46","臺中市","大雅區","0","2","0","8","1","5","40","14","9","1","5","4","5","7","4","4","9","5","5","2","3","23","2","9","1","1","C03","7","9","1","10","2","11","","23","23","1","22","8","C03","24.243084","120.634551","2"
"2019","8","26","7","49","臺中市","東區","0","0","0","8","","","50","","","","","","","","","","","","","","","16","","","","","B03","","","1","8","2","","","16","16","1","5","","B03","24.125918","120.703913","3"
"2019","8","26","7","52","臺中市","神岡區","0","0","0","8","","","50","","","","","","","","","","","","","","","","","","","","B03","","","1","","2","","","23","","1","22","","B03","24.246741","120.685116","3"
"2019","8","26","7","56","臺中市","霧峰區","0","1","0","8","1","5","40","3","1","1","5","4","5","7","4","4","10","5","5","1","17","6","3","10","1","1","B03","7","6","1","8","2","8","","6","6","1","4","8","B03","24.0701","120.666919","2"
"2019","8","26","8","0","臺中市","大里區","0","0","0","8","","","40","","","","","","","","","","","","","","","","","","","","C03","","","3","","2","","","5","","1","5","","C03","24.108035","120.693479","3"
"2019","8","26","8","1","臺中市","東區","0","1","0","8","1","5","50","3","2","1","5","4","5","7","4","4","10","5","5","2","16","26","3","10","1","1","B03","7","5","1","8","2","7","","26","26","1","5","8","B03","24.142016","120.698033","2"
"2019","8","26","8","5","臺中市","清水區","0","1","0","8","1","5","40","14","9","1","5","4","5","7","4","4","10","5","5","2","29","66","","","","","","","","","","","","","66","66","1","","","","24.319811","120.56869","2"
"2019","8","26","8","5","臺中市","大雅區","0","0","0","8","","","50","","","","","","","","","","","","","","","","","","","","B12","","","1","","2","","","16","","1","","","B12","24.209467","120.644364","3"
"2019","8","26","8","10","臺中市","西區","0","1","0","8","1","5","50","14","7","1","5","4","5","7","4","4","5","5","4","2","13","23","2","9","1","1","C03","7","9","1","10","2","11","","23","23","1","22","8","C03","24.136779","120.657718","2"
"2019","8","26","8","12","臺中市","沙鹿區","0","0","0","8","","","70","","","","","","","","","","","","","","","7","","","","","B12","","","1","","2","","","7","7","1","10","8","B12","24.243985","120.615331","3"
"2019","8","26","8","16","臺中市","西屯區","0","0","0","8","1","5","40","3","1","1","5","4","5","7","1","1","10","5","5","2","16","25","3","10","3","4","C03","7","9","1","10","7","12","","25","25","1","5","9","C03","24.161894","120.618048","3"
"2019","8","26","8","19","臺中市","西區","0","0","0","8","","","50","","","","","","","","","","","","","","","","","","","","B03","","","1","","2","","","23","","1","5","","B03","24.144572","120.670439","4"
"2019","8","26","8","20","臺中市","西區","0","0","0","8","","","50","","","","","","","","","","","","","","","","","","","","B03","","","1","","11","","","17","","1","19","","B03","24.134626","120.657313","3"
"2019","8","26","8","22","臺中市","北屯區","0","2","0","8","1","5","50","4","1","1","5","4","5","7","3","1","10","5","5","2","15","6","3","10","1","1","B03","7","9","1","8","2","2","","6","6","1","5","8","B03","24.169628","120.708458","2"