"年","月","日","時","分","縣市","區","死","受傷","2-30","天候","光線","道路類別","速限","道路型態","事故位置","路面鋪裝","路面狀態","路面缺陷","障礙物","視距","號誌種類","號誌動作","分向設施","快車道或一般車道間","快慢車道間","路面邊線","事故類型及型態","主要肇因","受傷程度","主要傷處","保護裝備","行動電話","當事者區分(類別)","車輛用途","當事者行動狀態","駕駛資格情形","駕駛執照種類","飲酒情形","車輛撞擊部位最初","車輛撞擊部位其他","肇事因素個別","肇事因素主要","肇事逃逸","職業","旅次目的","車種","GPS座標(緯度)","GPS座標(經度)","事故類別"
"2019","8","26","8","30","臺中市","北區","0","1","0","8","1","5","50","14","9","1","5","4","5","7","4","4","1","5","5","2","17","19","3","10","1","1","B03","7","1","1","8","2","4","","19","19","1","22","8","B03","24.16534","120.682939","2"
"2019","8","26","8","30","臺中市","太平區","0","1","0","8","1","5","50","4","1","1","5","4","5","7","3","1","10","5","5","2","13","44","2","9","1","1","C03","7","9","1","10","2","11","","23","44","1","21","1","C03","24.130843","120.718207","2"
"2019","8","26","8","35","臺中市","西屯區","0","2","0","8","1","5","50","14","9","1","5","4","5","7","4","4","4","3","5","2","16","7","2","9","1","1","F01","7","7","8","20","2","16","","7","7","1","21","8","F01","24.187698","120.64061","2"
"2019","8","26","8","35","臺中市","大里區","0","2","0","8","1","5","50","3","2","1","5","4","5","7","4","4","5","2","5","1","16","26","2","9","1","1","C03","7","11","1","9","2","14","","26","26","1","21","8","C03","24.102105","120.67462","2"
"2019","8","26","8","40","臺中市","大里區","0","1","0","8","1","5","50","3","1","1","5","4","5","7","4","4","10","5","5","2","16","6","3","10","1","1","B12","7","5","1","8","2","1","","6","6","1","20","8","B12","24.100428","120.695065","2"
"2019","8","26","8","40","臺中市","后里區","0","1","0","8","1","5","50","4","1","1","5","4","5","7","4","4","5","5","4","2","16","6","3","10","1","1","B03","7","5","1","8","2","8","","6","6","1","21","8","B03","24.305949","120.708107","2"
"2019","8","26","8","40","臺中市","大雅區","0","1","0","8","1","5","40","3","1","1","5","4","5","7","4","4","10","5","5","2","16","1","2","9","1","1","C03","7","4","1","10","2","12","","1","1","1","21","8","C03","24.220436","120.660205","2"
"2019","8","26","8","47","臺中市","西區","0","0","0","8","","","50","","","","","","","","","","","","","","","","","","","","B03","","","1","","2","","","6","","1","22","","B03","24.145313","120.658798","3"
"2019","8","26","8","51","臺中市","梧棲區","0","2","0","8","1","5","50","3","1","1","5","4","5","7","4","4","10","5","5","1","16","6","2","9","3","4","C03","7","5","3","18","2","11","","6","6","1","21","8","C03","24.253409","120.530775","2"
"2019","8","26","9","3","臺中市","西屯區","0","2","0","8","1","5","50","3","1","1","5","4","5","7","4","4","10","5","5","2","13","23","2","9","1","1","C03","7","9","1","10","2","11","","23","23","1","21","8","C03","24.16857","120.662575","2"
"2019","8","26","9","6","臺中市","北屯區","0","0","0","8","","","40","","","","","","","","","","","","","","","","","","","","B03","","","1","","2","","","19","","1","22","","B03","24.1747","120.6837","3"
"2019","8","26","9","13","臺中市","潭子區","0","0","0","8","","","50","","","","","","","","","","","","","","","","","","","","B12","","","1","","2","","","18","","1","22","","B12","24.216831","120.692427","3"
"2019","8","26","9","15","臺中市","神岡區","0","1","0","8","1","5","40","3","1","1","5","4","5","7","4","4","10","5","5","2","16","6","3","10","3","4","B03","7","5","1","8","2","8","","6","6","1","22","9","B03","24.24826","120.697895","2"
"2019","8","26","9","18","臺中市","大里區","0","0","0","8","","","50","","","","","","","","","","","","","","","","","","","","B03","","","1","","2","","","23","","1","4","","B03","24.11284","120.690504","3"
"2019","8","26","9","20","臺中市","南屯區","0","0","0","8","","","50","","","","","","","","","","","","","","","","","","","","A03","","","1","","2","","","23","","1","","","A03","24.138576","120.609786","3"
"2019","8","26","9","20","臺中市","大里區","0","0","0","8","","","50","","","","","","","","","","","","","","","","","","","","B12","","","1","","2","","","23","","1","22","","B12","24.09656","120.698914","3"
"2019","8","26","9","20","臺中市","外埔區","0","0","0","8","1","5","40","11","13","1","5","4","5","7","4","4","10","5","5","2","29","23","3","10","1","1","B03","7","9","1","8","2","8","","23","23","1","21","8","B03","24.350715","120.664755","3"
"2019","8","26","9","24","臺中市","西屯區","0","0","0","8","","","50","","","","","","","","","","","","","","","","","","","","B12","","","1","","2","","","42","","1","22","","B12","24.160983","120.60164","3"
"2019","8","26","9","25","臺中市","外埔區","0","0","0","8","","","40","","","","","","","","","","","","","","","","","","","","B03","","","1","","2","","","23","","1","22","","B03","24.348576","120.715786","4"
"2019","8","26","9","31","臺中市","南區","0","2","0","8","1","5","50","14","9","1","5","4","5","7","4","4","9","5","5","2","17","6","2","8","1","1","C03","7","5","1","10","2","11","","6","6","1","21","8","C03","24.115393","120.665251","2"
"2019","8","26","9","32","臺中市","大雅區","0","0","0","8","","","50","","","","","","","","","","","","","","","","","","","","B03","","","1","","2","","","16","","1","","","B03","24.234143","120.637091","3"
"2019","8","26","9","37","臺中市","西區","0","0","0","8","","","60","","","","","","","","","","","","","","","23","","","","","B03","","","1","","2","","","23","23","1","22","","B03","24.148393","120.67244","3"
"2019","8","26","9","40","臺中市","霧峰區","0","1","0","8","1","5","70","14","8","1","5","4","5","7","4","4","3","4","4","1","14","12","3","10","1","1","B12","7","2","1","5","2","7","","12","12","1","12","5","B12","24.040763","120.692445","2"
"2019","8","26","9","45","臺中市","北屯區","0","0","0","8","","","50","","","","","","","","","","","","","","","","","","","","B03","","","1","","2","","","23","","1","","","B03","24.182387","120.70176","3"
"2019","8","26","9","45","臺中市","西屯區","0","0","0","8","","","40","","","","","","","","","","","","","","","23","","","","","B03","","","1","","11","","","23","23","1","","","B03","24.174718","120.6411","3"
"2019","8","26","9","51","臺中市","龍井區","0","0","0","8","","","40","","","","","","","","","","","","","","","","","","","","B02","","","1","","2","","","17","","1","22","","B02","24.181827","120.591988","3"
"2019","8","26","9","53","臺中市","潭子區","0","0","0","8","","","80","","","","","","","","","","","","","","","","","","","","B03","","","1","","2","","","16","","1","","","B03","24.199685","120.715448","3"
"2019","8","26","9","55","臺中市","北屯區","0","1","0","8","1","5","50","5","1","1","5","4","5","7","2","1","10","5","5","2","16","42","2","9","1","1","C03","7","15","1","10","2","15","","42","42","1","22","8","C03","24.163177","120.719213","2"
"2019","8","26","9","56","臺中市","太平區","0","0","0","8","","","50","","","","","","","","","","","","","","","","","","","","B03","","","1","","2","","","16","","1","","","B03","24.140651","120.712114","3"
"2019","8","26","10","18","臺中市","西屯區","0","0","0","8","","","40","","","","","","","","","","","","","","13","42","","","","","C03","","","1","","2","11","","42","42","1","22","","C03","24.164668","120.661255","3"
"2019","8","26","10","20","臺中市","東區","0","0","0","8","","","50","","","","","","","","","","","","","","","19","3","","","","B03","","","1","","2","","","19","19","","22","","B03","24.149214","120.7088","3"
"2019","8","26","10","26","臺中市","烏日區","0","1","0","8","1","5","70","14","8","1","5","4","5","7","4","4","1","4","4","1","12","7","3","10","1","1","B03","7","8","1","8","2","2","","7","7","1","19","8","B03","24.109133","120.605996","2"
"2019","8","26","10","29","臺中市","西屯區","0","2","0","8","1","5","50","4","1","1","5","4","5","7","1","1","10","5","5","2","16","9","2","8","1","1","C03","7","6","1","10","2","12","","9","9","1","21","8","C03","24.173341","120.613706","2"
"2019","8","26","10","30","臺中市","北區","0","0","0","8","","","50","","","","","","","","","","","","","","","","","","","","B03","","","1","","2","","","7","","1","22","","B03","24.165021","120.664906","3"
"2019","8","26","10","35","臺中市","西屯區","0","1","0","8","1","5","40","3","1","1","5","4","5","5","4","4","10","5","5","2","12","6","3","10","3","4","B03","7","6","1","8","2","2","","6","6","1","22","9","B03","24.163623","120.662273","2"
"2019","8","26","10","36","臺中市","西屯區","0","0","0","","","","","","","","","","","","","","","","","","","23","","","","","B03","","","1","","2","","","23","23","1","","","B03","24.169766","120.63623","3"
"2019","8","26","10","45","臺中市","大里區","0","0","0","8","","","40","","","","","","","","","","","","","","","","","","","","B03","","","1","","2","","","6","","1","20","","B03","24.082536","120.708985","3"
"2019","8","26","10","45","臺中市","大甲區","0","1","0","8","1","5","50","4","2","1","5","4","5","7","4","4","5","5","5","1","16","6","2","9","1","1","C03","7","5","1","2","2","12","","6","6","1","19","8","C03","24.349054","120.62209","2"
"2019","8","26","10","48","臺中市","中區","0","0","0","","","","","","","","","","","","","","","","","","","","","","","","B03","","","1","","2","","","23","","1","18","","B03","24.134383","120.657426","3"
"2019","8","26","10","55","臺中市","太平區","0","0","0","8","","","50","","","","","","","","","","","","","","","","","","","","B11","","","1","","2","","","23","","1","21","","B11","24.1343","120.734301","3"
"2019","8","26","11","2","臺中市","潭子區","0","1","0","8","1","5","50","14","7","1","5","4","5","7","4","4","1","4","4","1","17","7","2","9","1","1","C03","7","7","1","10","2","13","","7","7","1","22","8","C03","24.216008","120.695767","2"
"2019","8","26","11","11","臺中市","南屯區","0","1","0","8","1","8","50","3","1","1","5","4","5","7","4","4","10","5","5","2","16","6","3","10","3","4","B12","7","5","1","8","2","1","","6","6","1","22","9","B12","24.138419","120.610199","2"
"2019","8","26","11","20","臺中市","烏日區","0","0","0","8","","","70","","","","","","","","","","","","","","","23","","","","","B03","","","1","","2","","","23","23","1","22","","B03","24.109725","120.603242","3"
"2019","8","26","11","25","臺中市","大里區","0","0","0","8","","","50","","","","","","","","","","","","","","","","","","","","B03","","","1","","2","","","12","","1","21","","B03","24.108736","120.674808","3"
"2019","8","26","11","36","臺中市","西屯區","0","2","0","8","1","5","50","3","1","1","5","4","5","7","4","4","10","5","5","2","13","16","2","8","1","1","B03","7","9","1","8","2","1","","16","16","1","21","8","B03","24.173376","120.613535","2"
"2019","8","26","11","36","臺中市","大甲區","0","0","0","8","","","70","","","","","","","","","","","","","","","","","","","","B12","","","1","","2","","","7","","1","7","","B12","24.376692","120.648582","3"
"2019","8","26","11","40","臺中市","西區","0","1","0","8","1","5","50","14","9","1","5","4","5","7","4","4","10","4","4","2","16","19","3","10","1","1","B03","7","1","1","8","2","4","","19","19","1","20","8","B03","24.150962","120.659462","2"
"2019","8","26","11","40","臺中市","大里區","0","1","0","8","1","5","50","4","1","1","5","4","5","7","1","1","10","5","5","2","16","8","2","9","1","1","C03","7","5","1","10","2","14","","8","8","1","22","8","C03","24.096531","120.695772","2"
"2019","8","26","11","40","臺中市","沙鹿區","0","0","0","8","","","50","","","","","","","","","","","","","","","","","","","","B03","","","1","","2","","","12","","1","4","","B03","24.214","120.582432","3"
"2019","8","26","11","44","臺中市","南區","0","0","0","","","","","","","","","","","","","","","","","","","","","","","","C04","","","1","","9","","","7","","2","5","","C04","24.112541","120.652421","3"
"2019","8","26","11","44","臺中市","梧棲區","0","1","0","8","1","5","40","4","1","1","5","4","5","7","4","4","10","5","5","2","15","6","3","10","3","4","C03","7","9","1","10","2","12","","6","6","1","21","8","C03","24.255976","120.528626","2"
"2019","8","26","11","48","臺中市","烏日區","0","1","0","8","1","5","50","4","1","1","5","4","5","7","4","4","10","5","5","2","16","6","3","10","1","1","B03","7","5","1","8","2","7","","6","6","1","21","8","B03","24.10293","120.621824","2"
"2019","8","26","11","51","臺中市","北區","0","1","0","8","1","5","50","3","1","1","5","4","5","7","2","1","10","5","5","2","17","6","2","9","1","1","C03","7","6","1","10","2","12","","6","6","1","22","8","C03","24.15915","120.673595","2"
"2019","8","26","11","55","臺中市","西區","0","0","0","8","","","50","","","","","","","","","","","","","","","12","3","","","","B03","","","1","","2","","","12","12","2","21","","B03","24.136554","120.656691","3"
"2019","8","26","11","56","臺中市","西區","0","1","0","8","1","5","50","14","9","1","5","4","5","7","4","4","5","4","5","2","16","42","3","10","1","1","B02","7","6","1","8","2","2","","42","42","1","22","9","B02","24.141028","120.676295","2"
"2019","8","26","12","5","臺中市","清水區","0","2","0","8","1","5","50","3","1","1","5","4","5","7","3","1","10","5","5","1","17","8","2","9","1","1","C03","7","5","1","10","2","11","","8","8","1","21","8","C03","24.26708","120.560287","2"
"2019","8","26","12","6","臺中市","西屯區","0","0","0","8","","","50","","","","","","","","","","","","","","","","","","","","B03","","","1","","2","","","26","","1","","","B03","24.163743","120.637206","3"
"2019","8","26","12","10","臺中市","西區","0","0","0","8","","","50","","","","","","","","","","","","","","","","","","","","C03","","","1","","2","","","6","","1","5","","C03","24.159248","120.660813","3"
"2019","8","26","12","20","臺中市","大甲區","0","0","0","8","","","50","","","","","","","","","","","","","","","","","","","","B03","","","1","","2","","","6","","1","20","","B03","24.341895","120.620263","3"
"2019","8","26","12","27","臺中市","南屯區","0","0","0","8","","","50","","","","","","","","","","","","","","","","","","","","B11","","","1","","2","","","26","","1","","","B11","24.139145","120.614493","3"
"2019","8","26","12","36","臺中市","大甲區","0","0","0","8","","","60","","","","","","","","","","","","","","","","","","","","B03","","","1","","2","","","16","","1","4","","B03","24.349676","120.616447","3"
"2019","8","26","12","37","臺中市","潭子區","0","2","0","8","1","5","50","3","1","1","5","4","5","7","4","4","10","5","5","2","17","6","2","8","1","1","C03","7","5","1","10","2","11","","6","6","1","21","8","C03","24.209889","120.704506","2"
"2019","8","26","12","38","臺中市","西屯區","0","0","0","8","","","50","","","","","","","","","","","","","","","","","","","","B03","","","1","","2","","","7","","1","22","","B03","24.163173","120.657344","3"
"2019","8","26","12","51","臺中市","太平區","0","0","0","8","","","50","","","","","","","","","","","","","","","","","","","","B12","","","1","","2","","","43","","1","21","","B12","24.147338","120.715469","3"
"2019","8","26","12","58","臺中市","神岡區","0","0","0","8","","","40","","","","","","","","","","","","","","","","","","","","A12","","","1","","2","","","17","","1","","","A12","24.247291","120.677432","3"
"2019","8","26","13","0","臺中市","大里區","0","0","0","8","","","50","","","","","","","","","","","","","","","","","","","","B03","","","1","","2","","","18","","1","4","","B03","24.104796","120.677487","3"
"2019","8","26","13","2","臺中市","大里區","0","0","0","8","","","50","","","","","","","","","","","","","","","","","","","","B03","","","1","","2","","","23","","1","21","","B03","24.105593","120.687429","3"
"2019","8","26","13","2","臺中市","大里區","0","0","0","8","","","40","","","","","","","","","","","","","","","","","","","","B03","","","1","","2","","","12","","1","4","","B03","24.116326","120.682813","3"
"2019","8","26","13","8","臺中市","西區","0","0","0","6","","","50","","","","","","","","","","","","","","","","","","","","B03","","","1","","2","","","23","","1","21","","B03","24.152679","120.667955","3"
"2019","8","26","13","9","臺中市","龍井區","0","0","0","","","","","","","","","","","","","","","","","","","","","","","","B03","","","1","","2","","","16","","1","22","","B03","24.183731","120.584811","3"
"2019","8","26","13","12","臺中市","西區","0","2","0","8","1","5","50","4","2","1","5","4","5","7","2","1","5","4","4","2","13","16","2","8","1","1","C03","7","9","1","10","2","11","","16","16","1","10","9","C03","24.142816","120.673691","2"
"2019","8","26","13","14","臺中市","潭子區","0","0","0","8","","","30","","","","","","","","","","","","","","","","","","","","B03","","","1","","2","","","16","","1","","","B03","24.213359","120.71042","3"
"2019","8","26","13","20","臺中市","烏日區","0","0","0","8","","","40","","","","","","","","","","","","","","","","","","","","B03","","","1","","2","","","23","","1","22","","B03","24.118068","120.617823","3"
"2019","8","26","13","21","臺中市","中區","0","0","0","8","","","50","","","","","","","","","","","","","","","","","","","","B03","","","1","","2","","","23","","1","21","","B03","24.144339","120.675821","3"
"2019","8","26","13","23","臺中市","神岡區","0","1","0","8","1","5","50","3","2","1","5","4","5","7","4","4","1","4","5","1","17","6","3","10","3","4","B03","7","6","1","8","2","5","","6","6","1","22","9","B03","24.248155","120.690998","2"
"2019","8","26","13","32","臺中市","梧棲區","0","0","0","","","","","","","","","","","","","","","","","","","","","","","","B02","","","1","","2","","","12","","1","21","","B02","24.24447","120.531392","3"
"2019","8","26","13","44","臺中市","大里區","0","1","0","8","1","5","50","4","1","1","5","4","5","7","1","1","10","5","5","2","16","6","3","10","1","1","C03","7","5","1","10","2","14","","6","6","1","5","3","C03","24.105895","120.68102","2"
"2019","8","26","13","45","臺中市","東勢區","0","0","0","8","","","50","","","","","","","","","","","","","","","18","","","","","B12","","","1","","2","","","18","18","1","21","","B12","24.25096","120.830213","3"
"2019","8","26","13","47","臺中市","西屯區","0","1","0","8","1","5","1","14","9","1","5","4","5","7","1","1","5","2","5","2","13","23","3","10","1","1","B01","7","1","1","8","2","1","","23","23","1","21","8","B01","24.158181","120.655095","2"
"2019","8","26","13","55","臺中市","東區","0","1","0","8","1","5","50","4","1","1","5","4","5","7","1","1","10","5","5","2","16","26","3","10","1","1","B03","7","11","1","8","2","6","","26","26","1","5","8","B03","24.134936","120.683996","2"
"2019","8","26","13","55","臺中市","龍井區","1","0","0","8","1","5","50","15","9","1","5","4","5","7","4","4","10","5","5","1","16","6","3","10","1","1","B12","7","6","1","7","2","2","","6","6","1","21","4","B12","24.197422","120.518458","1"
"2019","8","26","14","0","臺中市","梧棲區","0","1","0","8","1","5","60","4","2","1","5","4","5","7","1","1","1","2","5","1","16","9","3","10","1","1","B02","7","6","1","8","2","2","","9","9","1","9","8","B02","24.24842","120.53573","2"
"2019","8","26","14","1","臺中市","北區","0","0","0","8","","","50","","","","","","","","","","","","","","","","3","","","","A04","","","1","","2","","","7","","1","22","","A04","24.145768","120.685081","3"
"2019","8","26","14","2","臺中市","潭子區","0","1","0","8","1","5","50","14","9","1","5","4","5","7","4","4","5","4","5","2","3","23","3","10","1","1","B12","7","9","6","8","2","8","","23","23","1","6","8","B12","24.206661","120.711531","2"
"2019","8","26","14","3","臺中市","南區","0","0","0","8","","","50","","","","","","","","","","","","","","","","3","","","","B03","","","1","","2","","","42","","1","21","","B03","24.127826","120.669448","3"
"2019","8","26","14","5","臺中市","清水區","0","0","0","8","1","5","40","","","","","","","","","","","","","","","","","","","","B03","","","1","","2","","","6","","1","22","","B03","24.289051","120.582996","3"
"2019","8","26","14","8","臺中市","北區","0","0","0","8","","","50","","","","","","","","","","","","","","","","","","","","B03","","","1","","2","","","23","","1","22","","B03","24.162874","120.670515","3"
"2019","8","26","14","9","臺中市","潭子區","0","0","0","8","","","60","","","","","","","","","","","","","","","","","","","","B03","","","1","","2","","","23","","1","22","","B03","24.210966","120.686752","3"
"2019","8","26","14","14","臺中市","豐原區","0","0","0","","","","","","","","","","","","","","","","","","","","","","","","B03","","","1","","9","","","12","","2","22","","B03","24.252145","120.715795","3"
"2019","8","26","14","16","臺中市","大甲區","0","1","0","8","1","5","50","3","13","1","5","4","5","7","1","1","5","5","5","1","17","43","2","7","1","1","C03","7","9","1","10","2","15","","43","43","1","4","8","C03","24.345807","120.59024","2"
"2019","8","26","14","20","臺中市","大雅區","0","0","0","8","","","60","","","","","","","","","","","","","","","","","","","","B12","","","1","","2","","","18","","1","21","","B12","24.221814","120.647215","3"
"2019","8","26","14","21","臺中市","北屯區","0","0","0","8","1","5","50","14","22","1","5","4","5","7","4","4","8","3","5","2","14","12","3","10","1","1","B03","7","2","1","8","2","2","","12","12","1","21","8","B03","24.188396","120.658478","3"
"2019","8","26","14","28","臺中市","潭子區","0","1","0","6","1","5","60","3","1","1","4","4","1","7","1","1","10","5","5","2","17","6","3","10","1","1","B03","7","6","1","8","2","5","","6","6","1","21","8","B03","24.215106","120.709868","2"
"2019","8","26","14","30","臺中市","烏日區","0","0","0","8","","","40","","","","","","","","","","","","","","","","","","","","B02","","","1","","2","","","17","","1","21","","B02","24.113403","120.587075","3"
"2019","8","26","14","30","臺中市","大雅區","0","1","0","8","1","5","50","14","8","1","5","4","5","7","4","4","9","4","4","1","12","7","3","10","1","1","B12","7","9","1","8","2","5","","23","7","1","22","9","B12","24.2195","120.64192","2"
"2019","8","26","14","51","臺中市","北區","0","0","0","8","","","40","","","","","","","","","","","","","","","","","","","","B12","","","1","","2","","","23","","1","","","B12","24.160397","120.696506","3"
"2019","8","26","14","51","臺中市","北屯區","0","0","0","8","","","50","","","","","","","","","","","","","","","","","","","","B03","","","1","","2","","","23","","1","","","B03","24.164855","120.6964","3"
"2019","8","26","14","54","臺中市","龍井區","0","2","0","6","1","5","40","11","8","1","4","4","5","7","1","1","10","5","1","1","17","23","2","9","3","4","C03","7","9","1","10","2","11","","23","23","1","22","9","C03","24.189789","120.579971","2"
"2019","8","26","14","55","臺中市","太平區","0","0","0","8","","","80","","","","","","","","","","","","","","","","","","","","B03","","","1","","2","","","42","","1","21","","B03","24.15666","120.717383","3"
"2019","8","26","14","59","臺中市","大里區","0","0","0","8","","","40","","","","","","","","","","","","","","","","","","","","B12","","","1","","2","","","12","","1","3","","B12","24.111303","120.707118","3"
"2019","8","26","15","5","臺中市","太平區","0","2","0","6","1","5","50","14","7","1","4","4","5","7","4","4","5","5","4","1","17","4","2","8","1","1","C03","7","11","1","10","2","14","","4","4","1","5","8","C03","24.150602","120.71643","2"
"2019","8","26","15","7","臺中市","北屯區","0","0","0","8","","","40","","","","","","","","","","","","","","","","","","","","B03","","","1","","2","","","12","","1","","","B03","24.18882","120.681649","3"
"2019","8","26","15","8","臺中市","霧峰區","0","0","0","8","","","50","","","","","","","","","","","","","","","","","","","","B12","","","1","","2","","","23","","1","","","B12","24.080831","120.655089","3"
"2019","8","26","15","8","臺中市","太平區","0","0","0","8","","","50","","","","","","","","","","","","","","","","","","","","B12","","","1","","2","","","12","","1","21","","B12","24.104194","120.71441","3"
"2019","8","26","15","10","臺中市","大雅區","0","0","0","8","","","40","","","","","","","","","","","","","","","","","","","","B12","","","1","","2","","","5","","1","21","","B12","24.2222","120.671207","3"
"2019","8","26","15","12","臺中市","西屯區","0","1","0","8","1","5","50","3","1","1","5","4","5","7","4","4","1","4","5","2","16","7","3","10","3","4","B01","7","8","1","4","2","2","","7","7","1","21","8","B01","24.170618","120.63748","2"
"2019","8","26","15","15","臺中市","沙鹿區","0","0","0","","","","","","","","","","","","","","","","","","","","","","","","B03","","","1","","2","","","43","","1","","","B03","","","3"
"2019","8","26","15","24","臺中市","太平區","0","1","0","8","1","5","50","4","1","1","5","4","5","7","2","1","10","5","5","2","16","1","2","8","1","1","C03","7","9","1","10","2","11","","1","1","1","4","8","C03","24.136033","120.715591","2"
"2019","8","26","15","25","臺中市","大里區","0","0","0","8","","","50","","","","","","","","","","","","","","","","","","","","B03","","","1","","2","","","19","","1","","","B03","24.110351","120.687623","3"
"2019","8","26","15","30","臺中市","后里區","0","0","0","6","","","50","","","","","","","","","","","","","","","","","","","","C03","","","1","","2","","","42","","1","22","","C03","24.313256","120.692353","3"
"2019","8","26","15","31","臺中市","北屯區","0","0","0","6","1","7","40","14","15","1","4","4","5","7","4","4","1","3","5","1","13","23","3","10","1","1","B12","7","9","1","8","2","1","","23","23","1","21","8","B12","24.201288","120.693913","3"
"2019","8","26","15","31","臺中市","清水區","0","1","0","8","1","5","40","14","8","1","5","4","5","7","4","4","1","4","4","2","13","23","3","10","1","1","C03","7","9","1","10","2","11","","23","23","1","20","8","C03","24.260172","120.571596","2"
"2019","8","26","15","33","臺中市","西屯區","0","0","0","8","","","40","","","","","","","","","","","","","","","19","","","","","B03","","","1","","2","","","12","19","1","22","","B03","24.16625","120.663915","3"
"2019","8","26","15","34","臺中市","神岡區","0","0","0","8","","","40","","","","","","","","","","","","","","","","","","","","B11","","","1","","2","","","40","","1","22","","B11","24.266896","120.703571","3"
"2019","8","26","15","37","臺中市","北屯區","0","1","0","6","1","5","50","14","9","1","4","4","5","7","1","1","1","5","5","2","18","13","2","9","1","1","C03","7","9","1","10","2","15","","13","13","1","21","8","C03","24.199644","120.684025","2"
"2019","8","26","15","45","臺中市","潭子區","0","0","0","8","","","60","","","","","","","","","","","","","","","","","","","","B03","","","1","","2","","","16","","1","","","B03","24.229541","120.708375","3"
"2019","8","26","15","46","臺中市","北區","0","1","0","8","1","5","50","14","9","1","5","4","5","7","4","4","9","5","5","2","12","40","3","10","3","4","B03","7","14","1","8","2","4","","40","40","1","22","8","B03","24.16027","120.691434","2"
"2019","8","26","15","58","臺中市","梧棲區","0","0","0","8","","","40","","","","","","","","","","","","","","","","","","","","C03","","","1","","2","","","7","","1","2","","C03","24.242157","120.558213","3"
"2019","8","26","15","59","臺中市","龍井區","0","1","0","8","1","5","40","4","1","1","5","4","5","7","3","1","10","5","5","2","18","22","2","9","1","1","C03","7","9","1","10","2","12","","22","22","1","22","9","C03","24.192868","120.538788","2"
"2019","8","26","16","0","臺中市","霧峰區","0","0","0","8","","","50","","","","","","","","","","","","","","","","","","","","B12","","","1","","2","","","23","","1","21","","B12","24.064271","120.700173","3"
"2019","8","26","16","0","臺中市","沙鹿區","0","0","0","8","","","50","","","","","","","","","","","","","","","","","","","","B03","","","1","","2","","","19","","1","6","","B03","24.242941","120.563846","3"
"2019","8","26","16","9","臺中市","西屯區","0","2","0","8","1","5","50","4","1","1","5","4","5","7","3","1","10","5","5","2","16","6","2","9","1","1","C04","7","9","1","10","2","14","","6","6","1","22","8","C04","24.180661","120.62037","2"
"2019","8","26","16","22","臺中市","北屯區","0","1","0","8","1","5","50","4","1","1","5","4","5","7","4","4","10","5","5","2","15","6","3","10","3","4","B03","7","9","1","8","2","1","","6","6","1","21","8","B03","24.1837","120.699169","2"
"2019","8","26","16","26","臺中市","西屯區","0","1","0","8","1","5","40","3","1","1","5","4","5","7","4","4","10","5","5","2","16","6","2","9","3","4","C03","7","5","1","10","2","15","","6","6","1","21","8","C03","24.189311","120.61807","2"
"2019","8","26","16","27","臺中市","西屯區","0","1","0","8","1","5","50","14","9","1","5","4","5","7","4","4","9","5","5","2","17","43","3","10","1","1","B03","7","9","1","8","2","2","","43","43","1","22","5","B03","24.176461","120.667841","2"
"2019","8","26","16","34","臺中市","豐原區","0","0","0","8","","","50","","","","","","","","","","","","","","","","","","","","B12","","","1","","2","","","12","","1","4","","B12","24.258763","120.731491","3"
"2019","8","26","16","40","臺中市","梧棲區","1","0","0","8","2","5","50","4","1","1","5","4","5","7","1","1","10","5","5","2","15","25","3","10","1","1","B12","7","9","1","8","2","8","","25","25","1","9","8","B12","24.260425","120.542837","1"
"2019","8","26","16","40","臺中市","沙鹿區","0","2","0","8","1","5","50","3","2","1","5","4","5","7","1","1","10","5","5","2","16","9","3","10","1","1","B03","7","6","1","8","2","2","","9","9","1","9","8","B03","24.226402","120.567862","2"
"2019","8","26","16","41","臺中市","西區","0","2","0","8","1","5","40","4","1","1","5","4","5","7","4","4","10","5","5","2","16","6","3","10","1","1","B12","7","5","1","8","2","1","","6","6","1","21","8","B12","24.157876","120.660848","2"
"2019","8","26","16","43","臺中市","西屯區","0","0","0","8","","","40","","","","","","","","","","","","","","","","","","","","B12","","","1","","2","","","12","","1","22","","B12","24.171154","120.636094","3"
"2019","8","26","16","47","臺中市","豐原區","0","0","0","8","1","5","50","14","9","1","5","4","5","7","4","4","3","5","5","2","16","","","","","","B12","","","1","","2","","","9","","1","22","","B12","24.252545","120.703391","3"
"2019","8","26","16","50","臺中市","烏日區","0","0","0","8","","","50","","","","","","","","","","","","","","","","","","","","B12","","","1","","2","","","12","","1","22","","B12","24.093324","120.645679","3"
"2019","8","26","16","55","臺中市","霧峰區","0","0","0","8","","","40","","","","","","","","","","","","","","","","","","","","C03","","","1","","2","","","23","","1","22","","C03","24.072173","120.663018","3"
"2019","8","26","16","59","臺中市","太平區","0","2","0","8","1","5","50","4","1","1","5","4","5","7","4","4","10","5","5","2","16","8","2","8","1","1","C03","7","5","1","10","2","14","","8","8","1","21","8","C03","24.140375","120.724435","2"
"2019","8","26","17","3","臺中市","豐原區","0","0","0","8","","","50","","","","","","","","","","","","","","","","","","","","B12","","","1","","2","","","17","","1","21","","B12","24.245029","120.723983","3"