"年","月","日","時","分","縣市","區","死","受傷","2-30","天候","光線","道路類別","速限","道路型態","事故位置","路面鋪裝","路面狀態","路面缺陷","障礙物","視距","號誌種類","號誌動作","分向設施","快車道或一般車道間","快慢車道間","路面邊線","事故類型及型態","主要肇因","受傷程度","主要傷處","保護裝備","行動電話","當事者區分(類別)","車輛用途","當事者行動狀態","駕駛資格情形","駕駛執照種類","飲酒情形","車輛撞擊部位最初","車輛撞擊部位其他","肇事因素個別","肇事因素主要","肇事逃逸","職業","旅次目的","車種","GPS座標(緯度)","GPS座標(經度)","事故類別"
"2019","8","26","17","5","臺中市","西區","0","1","0","8","2","5","50","4","1","1","5","4","5","7","1","1","10","5","5","2","16","7","3","10","1","1","B12","7","8","1","8","2","15","","7","7","1","21","8","B12","24.146718","120.665268","2"
"2019","8","26","17","6","臺中市","北屯區","0","0","0","8","","","50","","","","","","","","","","","","","","","","","","","","B03","","","1","","2","","","16","","","","","B03","24.170346","120.708195","3"
"2019","8","26","17","15","臺中市","龍井區","0","1","0","8","1","5","60","4","1","1","5","4","5","7","2","1","10","5","5","2","16","26","3","10","3","4","B03","7","6","1","8","2","2","","26","26","1","22","9","B03","24.186035","120.585593","2"
"2019","8","26","17","21","臺中市","清水區","0","0","0","8","","","40","","","","","","","","","","","","","","","","","","","","B03","","","1","","2","","","23","","1","21","","B03","24.276484","120.549568","3"
"2019","8","26","17","23","臺中市","大甲區","0","2","0","8","1","5","50","4","1","1","5","4","5","7","4","4","10","5","5","2","16","6","3","10","1","1","B03","7","5","1","8","2","2","","6","6","1","9","8","B03","24.405786","120.640992","2"
"2019","8","26","17","24","臺中市","北屯區","0","0","0","8","","","50","","","","","","","","","","","","","","","42","","","","","A02","","","1","","2","","","42","42","1","10","","A02","24.181823","120.686078","3"
"2019","8","26","17","25","臺中市","大雅區","0","2","0","8","1","5","50","4","2","1","5","4","5","7","4","4","9","4","4","1","17","23","2","9","1","1","C03","7","9","1","10","2","11","","23","23","1","22","9","C03","24.23083","120.64079","2"
"2019","8","26","17","28","臺中市","西屯區","0","0","0","8","","","50","","","","","","","","","","","","","","","6","","","","","B03","","","1","","2","","","6","6","1","","","B03","24.184758","120.603057","3"
"2019","8","26","17","29","臺中市","西屯區","0","0","0","8","","","50","","","","","","","","","","","","","","","","","","","","B03","","","1","","2","","","23","","1","22","","B03","24.169988","120.63359","3"
"2019","8","26","17","35","臺中市","大雅區","0","0","0","8","","","50","","","","","","","","","","","","","","","","","","","","C03","","","1","","2","","","6","","1","21","","C03","24.223607","120.64463","3"
"2019","8","26","17","36","臺中市","太平區","0","1","0","8","1","5","50","4","1","1","5","4","5","7","4","4","5","5","5","2","18","43","2","9","1","1","C04","7","9","1","10","2","14","","43","43","1","20","8","C04","24.116901","120.718099","2"
"2019","8","26","17","37","臺中市","大里區","0","0","0","8","","","50","","","","","","","","","","","","","","","","","","","","B03","","","1","","2","","","40","","1","3","","B03","24.110848","120.676141","3"
"2019","8","26","17","38","臺中市","龍井區","0","1","0","8","1","5","70","4","1","1","5","4","5","7","1","1","10","5","5","2","13","23","2","9","3","4","B03","7","9","1","8","2","1","","23","23","1","5","9","B03","24.218727","120.542297","2"
"2019","8","26","17","41","臺中市","西區","0","0","0","6","","","50","","","","","","","","","","","","","","","","","","","","B03","","","1","","2","","","7","","1","2","","B03","24.149018","120.656782","3"
"2019","8","26","17","43","臺中市","梧棲區","0","1","0","8","1","5","50","3","1","1","5","4","5","7","1","1","10","5","5","2","16","8","3","10","1","1","B03","7","5","1","10","2","1","","8","8","1","3","5","B03","24.225217","120.519816","2"
"2019","8","26","17","44","臺中市","南屯區","0","1","0","8","2","5","50","4","1","1","5","4","5","7","1","1","5","2","4","2","16","6","3","10","1","1","B03","7","5","1","4","2","5","","6","6","1","5","8","B03","24.139881","120.620651","2"
"2019","8","26","17","49","臺中市","梧棲區","0","0","0","8","","","50","","","","","","","","","","","","","","","","","","","","B03","","","1","","2","","","2","","1","9","","B03","24.22468","120.525603","3"
"2019","8","26","17","50","臺中市","大里區","0","2","0","8","3","5","50","14","9","1","5","4","5","7","4","4","5","2","5","1","11","25","3","10","1","1","B12","7","5","1","8","2","5","","25","25","1","21","8","B12","24.095855","120.702374","2"
"2019","8","26","18","10","臺中市","后里區","0","1","0","8","3","5","50","3","1","1","5","4","5","7","4","4","9","5","4","1","11","10","3","10","3","4","B03","7","11","1","8","2","4","","10","10","1","22","8","B03","24.313945","120.691644","2"
"2019","8","26","18","25","臺中市","南屯區","0","0","0","8","","","50","","","","","","","","","","","","","","","","","","","","B03","","","1","","2","","","23","","1","","","B03","24.147538","120.649898","3"
"2019","8","26","18","30","臺中市","西屯區","0","0","0","","","","","","","","","","","","","","","","","","","","","","","","B03","","","1","","11","","","43","","1","22","","B03","24.193569","120.609155","3"
"2019","8","26","18","36","臺中市","北屯區","0","1","0","6","2","5","30","14","9","1","3","1","1","7","4","4","9","5","5","2","28","23","2","9","3","4","F01","7","9","8","20","2","16","","23","23","1","21","8","F01","24.179895","120.681858","2"
"2019","8","26","18","40","臺中市","西屯區","0","0","0","6","","","50","","","","","","","","","","","","","","","23","","","","","B03","","","1","","2","","","23","23","1","","","B03","24.170354","120.648545","3"
"2019","8","26","18","40","臺中市","大里區","0","1","0","6","3","5","50","3","9","1","4","4","5","7","1","1","9","4","4","1","17","10","3","10","1","1","B03","7","11","1","8","2","15","","10","10","1","22","8","B03","24.089299","120.694401","2"
"2019","8","26","18","45","臺中市","北屯區","0","0","0","8","","","50","","","","","","","","","","","","","","","","","","","","B03","","","1","","2","","","23","","","","","B03","24.166616","120.725248","3"
"2019","8","26","18","47","臺中市","大里區","0","1","0","6","4","5","50","14","9","1","4","4","5","7","4","4","1","4","4","1","17","40","3","10","3","4","B03","7","13","1","8","2","8","","40","40","1","3","8","B03","24.103945","120.678991","2"
"2019","8","26","18","48","臺中市","西屯區","0","1","0","6","3","5","50","4","1","1","4","4","5","7","4","4","5","5","5","2","17","44","3","10","1","1","B01","7","14","1","4","2","2","","44","44","1","10","8","B01","24.176471","120.645245","2"
"2019","8","26","19","0","臺中市","西區","0","0","0","6","","","50","","","","","","","","","","","","","","","","","","","","B03","","","1","","2","","","7","","1","10","","B03","24.136494","120.680985","3"
"2019","8","26","19","7","臺中市","西屯區","0","0","0","8","","","50","","","","","","","","","","","","","","","","","","","","B03","","","1","","2","","","23","","1","22","","B03","24.169906","120.633831","3"
"2019","8","26","19","8","臺中市","大雅區","0","1","0","6","3","5","40","4","1","1","4","4","5","6","4","4","10","5","5","1","16","6","2","8","1","1","C03","7","9","1","10","2","11","","6","6","1","21","8","C03","24.226318","120.662622","2"
"2019","8","26","19","10","臺中市","外埔區","0","0","0","8","3","5","40","14","2","1","5","4","5","7","4","4","10","5","5","2","16","21","3","10","1","1","B12","7","9","1","8","6","8","","21","21","1","20","5","B12","24.339768","120.66296","3"
"2019","8","26","19","14","臺中市","烏日區","0","0","0","6","","","70","","","","","","","","","","","","","","","","","","","","B03","","","1","","2","","","25","","1","21","","B03","24.107551","120.610758","3"
"2019","8","26","19","16","臺中市","大雅區","0","2","0","6","3","5","50","5","2","1","4","4","5","7","3","1","1","4","4","1","13","23","2","8","1","1","C03","7","9","1","10","2","14","","23","23","1","21","8","C03","24.215654","120.67277","2"
"2019","8","26","19","19","臺中市","后里區","0","0","0","8","","","50","","","","","","","","","","","","","","","","","","","","B03","","","1","","2","","","23","","1","22","","B03","24.313195","120.696221","3"
"2019","8","26","19","21","臺中市","潭子區","0","0","0","6","","","40","","","","","","","","","","","","","","","","","","","","B03","","","1","","2","","","1","","1","","","B03","24.220936","120.647868","3"
"2019","8","26","19","28","臺中市","潭子區","0","0","0","6","","","50","","","","","","","","","","","","","","","","","","","","B03","","","1","","2","","","6","","1","5","","B03","24.200833","120.708333","3"
"2019","8","26","19","30","臺中市","南區","0","1","0","6","3","5","50","14","9","1","4","4","5","7","4","4","9","5","5","2","12","19","3","10","1","1","B03","7","1","1","8","2","8","","19","19","1","21","8","B03","24.124808","120.681297","2"
"2019","8","26","19","32","臺中市","潭子區","0","1","0","6","3","5","50","4","1","1","4","4","5","7","1","1","5","5","4","2","16","19","2","9","1","1","C04","7","1","1","10","2","14","","19","19","1","19","8","C04","24.194722","120.7025","2"
"2019","8","26","19","39","臺中市","北屯區","0","0","0","6","","","50","","","","","","","","","","","","","","","","","","","","C03","","","1","","2","","","25","","1","","","C03","24.18826","120.687489","3"
"2019","8","26","19","45","臺中市","大里區","0","0","0","8","","","50","","","","","","","","","","","","","","","","","","","","B03","","","1","","2","","","12","","1","","","B03","24.087134","120.697009","3"
"2019","8","26","19","47","臺中市","梧棲區","0","1","0","8","3","5","40","4","1","1","5","4","5","7","4","4","10","5","5","2","15","6","3","10","1","1","B02","7","9","1","8","2","6","","6","6","1","1","1","B02","24.22411","120.517925","2"
"2019","8","26","19","50","臺中市","東區","0","2","0","8","3","5","50","4","1","1","5","4","5","7","1","1","10","5","5","2","17","6","3","10","1","1","B03","7","5","1","8","2","8","","6","6","1","21","8","B03","24.127224","120.700692","2"
"2019","8","26","19","58","臺中市","西屯區","0","1","0","7","2","5","50","3","1","1","5","4","5","7","2","1","5","4","4","2","16","8","2","9","4","5","F01","7","5","8","20","2","16","","8","8","1","21","8","F01","24.166295","120.663979","2"
"2019","8","26","19","59","臺中市","西區","0","1","0","7","3","5","40","4","1","1","5","4","5","7","4","4","10","5","5","2","16","6","2","9","1","1","C03","7","5","1","10","2","12","","6","6","1","21","8","C03","24.149639","120.660194","2"
"2019","8","26","20","0","臺中市","大雅區","0","0","0","6","","","50","","","","","","","","","","","","","","","","","","","","B03","","","1","","2","","","18","","1","22","","B03","24.22559","120.64593","3"
"2019","8","26","20","1","臺中市","西屯區","0","1","0","8","3","5","50","4","1","1","5","4","5","7","1","1","10","5","5","2","17","23","3","10","1","1","C03","7","9","1","10","2","11","","23","23","1","4","8","C03","24.168728","120.647178","2"
"2019","8","26","20","9","臺中市","后里區","0","1","0","8","4","5","60","14","12","1","5","4","5","7","4","4","1","4","4","1","16","27","3","10","1","4","B03","7","6","1","8","2","2","","27","27","1","22","8","B03","24.29679","120.7237","2"
"2019","8","26","20","15","臺中市","北屯區","0","0","0","8","","","50","","","","","","","","","","","","","","","","","","","","B03","","","1","","2","","","23","","1","22","","B03","24.169518","120.70648","3"
"2019","8","26","20","15","臺中市","西屯區","0","0","0","8","","","40","","","","","","","","","","","","","","","","","","","","B03","","","1","","2","","","43","","2","22","","B03","24.170906","120.637073","3"
"2019","8","26","20","17","臺中市","大雅區","0","1","0","7","3","5","50","4","1","1","4","4","5","7","1","1","1","5","5","1","17","26","2","8","1","1","C03","7","9","1","10","2","14","","26","26","1","21","8","C03","24.216199","120.649207","2"
"2019","8","26","20","21","臺中市","豐原區","0","0","0","8","","","50","","","","","","","","","","","","","","","","","","","","B12","","","1","","2","","","12","","1","22","","B12","24.272576","120.753325","3"
"2019","8","26","20","30","臺中市","南屯區","0","0","0","8","","","1","","","","","","","","","","","","","","","","","","","","B12","","","1","","2","","","17","","1","","","B12","24.140231","120.649913","3"
"2019","8","26","20","31","臺中市","大里區","0","1","0","8","3","5","50","8","9","1","5","4","5","7","1","1","3","4","5","2","16","10","3","10","1","1","B03","7","11","6","8","2","5","","10","10","1","22","8","B03","24.092963","120.690355","2"
"2019","8","26","20","38","臺中市","大里區","0","0","0","8","","","40","","","","","","","","","","","","","","","23","","","","","B03","","","1","","10","","","23","23","1","3","","B03","24.108211","120.70259","3"
"2019","8","26","20","45","臺中市","東區","0","0","0","8","","","40","","","","","","","","","","","","","","","12","","","","","B03","","","1","","2","","","12","12","1","5","","B03","24.138765","120.70469","3"
"2019","8","26","20","50","臺中市","后里區","0","1","0","8","3","5","50","14","7","1","5","4","5","7","4","4","5","4","4","1","12","23","2","9","1","1","C03","7","9","1","10","2","14","","23","23","1","4","5","C03","24.309001","120.720811","2"
"2019","8","26","20","57","臺中市","烏日區","0","0","0","","","","50","","","","","","","","","","","","","","","","","","","","B03","","","1","","2","","","7","","1","22","","B03","24.114023","120.618791","3"
"2019","8","26","21","9","臺中市","豐原區","0","0","0","8","","","50","","","","","","","","","","","","","","","","","","","","B03","","","1","","2","","","16","","1","4","","B03","24.252089","120.724045","3"
"2019","8","26","21","25","臺中市","霧峰區","0","0","0","8","","","50","","","","","","","","","","","","","","","","","","","","B03","","","1","","2","","","6","","1","","","B03","24.061676","120.703885","3"
"2019","8","26","21","25","臺中市","太平區","0","0","0","8","","","50","","","","","","","","","","","","","","","","","","","","C03","","","1","","2","","","16","","1","18","","C03","24.128335","120.708341","3"
"2019","8","26","21","30","臺中市","神岡區","0","3","0","8","3","5","40","4","1","1","5","4","5","7","4","4","10","5","5","1","15","6","2","9","1","1","C03","7","9","2","18","2","11","","14","6","1","21","8","C03","24.247663","120.643743","2"
"2019","8","26","22","35","臺中市","神岡區","0","0","0","8","","","40","","","","","","","","","","","","","","","","","","","","B12","","","1","","2","","","23","","1","","","B12","24.258278","120.668142","3"
"2019","8","26","22","40","臺中市","大里區","0","1","0","8","3","5","50","3","1","1","5","4","5","7","3","1","10","5","5","2","11","6","3","10","1","1","B03","7","5","1","8","2","8","","6","6","1","5","8","B03","24.10746","120.690641","2"
"2019","8","26","22","50","臺中市","北區","0","0","0","8","","","50","","","","","","","","","","","","","","","","","","","","B03","","","1","","2","","","23","","1","5","","B03","24.155522","120.692187","3"
"2019","8","26","22","52","臺中市","西屯區","0","0","0","8","","","50","","","","","","","","","","","","","","","","","","","","C04","","","1","","2","","","23","","1","","","C04","24.17166","120.661686","3"
"2019","8","26","23","20","臺中市","東區","0","2","0","7","3","5","50","4","4","1","5","4","1","7","1","1","3","2","4","2","13","16","2","9","1","1","C03","7","9","1","10","2","11","","16","16","1","22","8","C03","24.148138","120.692571","2"
"2019","8","26","23","31","臺中市","大雅區","0","1","0","8","3","5","50","4","1","1","5","4","5","7","3","1","5","5","5","1","16","6","3","10","1","1","C03","7","9","3","18","2","11","","6","6","1","21","8","C03","24.22608","120.656637","2"
"2019","8","27","6","14","臺中市","南屯區","0","1","0","8","1","5","50","4","1","1","5","4","5","7","2","1","10","5","5","2","16","26","3","10","3","4","B03","7","6","1","8","2","2","","26","26","1","22","9","B03","24.149714","120.623389","2"
"2019","8","27","6","45","臺中市","東勢區","0","3","0","8","1","5","60","11","9","1","5","4","5","1","4","4","5","4","5","1","11","7","2","3","1","1","B03","7","8","1","8","2","4","3","7","7","1","22","8","B03","24.298335","120.802699","2"
"2019","8","27","7","8","臺中市","太平區","0","0","0","8","","","40","","","","","","","","","","","","","","","","","","","","B12","","","1","","2","","","19","","1","5","","B12","24.124509","120.71868","3"
"2019","8","27","7","9","臺中市","潭子區","0","1","0","8","1","5","50","4","2","1","5","4","5","7","3","1","5","4","4","2","16","6","2","8","1","1","C03","7","6","1","10","2","11","","6","6","1","22","8","C03","24.215521","120.705985","2"
"2019","8","27","7","20","臺中市","大甲區","0","1","0","8","1","5","50","5","2","1","5","4","5","7","4","4","5","5","5","1","12","17","2","7","1","1","C03","7","1","1","10","2","14","","17","17","1","22","8","C03","24.356587","120.622425","2"
"2019","8","27","7","21","臺中市","梧棲區","0","2","0","8","1","5","50","4","1","1","5","4","5","7","1","1","10","5","5","2","15","25","2","7","1","1","C04","7","9","6","10","2","11","","25","25","1","9","1","C04","24.241068","120.542321","2"
"2019","8","27","7","22","臺中市","南區","0","0","0","8","","","50","","","","","","","","","","","","","","","16","","","","","B03","","","1","","2","","","16","16","1","22","","B03","24.113829","120.660467","3"
"2019","8","27","7","26","臺中市","潭子區","0","2","0","8","1","5","50","3","1","1","5","4","5","7","4","4","5","5","4","2","16","6","2","9","4","5","F01","7","5","8","20","2","16","","6","6","1","20","8","F01","24.203796","120.706193","2"
"2019","8","27","7","30","臺中市","后里區","0","0","0","8","1","5","50","14","8","1","5","4","5","7","4","4","5","5","4","1","12","","","","","","","","","7","","11","","","43","","1","","","","24.308447","120.712394","3"
"2019","8","27","7","34","臺中市","霧峰區","0","0","0","8","","","80","","","","","","","","","","","","","","","","","","","","B03","","","1","","2","","","16","","1","22","","B03","24.055621","120.685165","3"
"2019","8","27","7","35","臺中市","太平區","0","1","0","8","1","5","50","4","1","1","5","4","5","7","4","4","10","5","5","2","16","10","3","10","1","1","B03","7","11","1","8","2","8","","10","10","1","5","5","B03","24.149429","120.734329","2"
"2019","8","27","7","36","臺中市","大里區","0","2","0","8","1","5","50","4","2","1","5","4","5","7","4","4","10","5","4","1","16","4","2","7","1","1","C03","7","11","1","10","2","11","","4","4","1","21","8","C03","24.092201","120.70347","2"
"2019","8","27","7","39","臺中市","大雅區","0","0","0","8","","","40","","","","","","","","","","","","","","","","","","","","B03","","","1","","2","","","5","","1","21","","B03","24.242493","120.673577","3"
"2019","8","27","7","45","臺中市","大肚區","0","0","0","8","","","50","","","","","","","","","","","","","","","","","","","","B03","","","1","","2","","","23","","1","21","","B03","24.118585","120.576939","3"
"2019","8","27","7","50","臺中市","大里區","0","1","0","8","1","5","40","14","9","1","5","4","5","7","4","4","10","5","5","2","27","66","","","","","","","","","","","","","66","66","1","","","","24.112867","120.688231","2"
"2019","8","27","7","52","臺中市","大雅區","0","0","0","8","","","40","","","","","","","","","","","","","","","","","","","","B03","","","1","","2","","","5","","1","21","","B03","24.206593","120.640022","3"
"2019","8","27","7","54","臺中市","大里區","0","0","0","8","1","5","40","3","1","1","5","4","5","7","1","1","10","5","5","2","16","25","3","10","1","1","C03","7","9","3","18","2","12","","25","25","1","9","8","C03","24.074155","120.68006","3"
"2019","8","27","8","0","臺中市","大里區","0","2","0","8","1","5","60","14","7","1","5","4","5","7","4","4","1","3","4","1","12","7","2","9","1","1","C03","7","8","1","10","2","12","","7","7","1","5","8","C03","24.103449","120.68446","2"
"2019","8","27","8","2","臺中市","霧峰區","0","1","0","8","1","5","50","4","1","1","5","4","5","7","4","4","10","5","5","2","17","8","3","10","1","1","C03","7","5","1","10","2","15","","8","8","1","21","8","C03","24.072073","120.65175","2"
"2019","8","27","8","5","臺中市","西屯區","0","0","0","8","","","50","","","","","","","","","","","","","","12","18","","","","","B03","","","1","","2","5","","18","18","1","22","","B03","24.182765","120.641251","3"
"2019","8","27","8","13","臺中市","大里區","0","0","0","8","1","5","40","11","8","1","5","4","5","7","4","4","1","5","5","2","13","23","3","10","1","1","B03","7","9","1","8","2","1","","23","23","1","21","8","B03","24.100916","120.691225","3"
"2019","8","27","8","15","臺中市","烏日區","0","1","0","8","1","5","40","4","1","1","5","4","5","7","4","4","10","5","5","2","17","8","3","10","1","1","B03","7","5","1","8","2","8","","8","8","1","21","8","B03","24.105068","120.615566","2"
"2019","8","27","8","23","臺中市","西屯區","0","0","0","8","","","40","","","","","","","","","","","","","","","","","","","","C03","","","1","","2","","","7","","1","21","","C03","24.201235","120.659023","3"
"2019","8","27","8","24","臺中市","北屯區","0","1","0","8","1","5","50","4","1","1","5","4","5","7","3","1","10","5","5","2","16","9","3","10","1","1","B03","7","6","1","8","2","2","","9","9","1","21","8","B03","24.168039","120.71797","2"
"2019","8","27","8","26","臺中市","西區","0","1","0","8","1","5","50","4","1","1","5","4","5","7","2","1","5","2","5","2","16","42","3","10","1","1","C03","7","6","1","10","2","12","","42","42","1","22","8","C03","24.154378","120.661813","2"
"2019","8","27","8","28","臺中市","霧峰區","0","3","0","8","1","5","40","4","1","1","5","4","5","7","1","1","10","5","5","2","17","25","2","9","1","1","C03","7","15","1","10","2","13","","25","25","1","22","8","C03","24.043197","120.67129","2"
"2019","8","27","8","38","臺中市","北屯區","0","2","0","8","1","5","50","14","9","1","5","4","5","7","4","4","1","4","5","2","17","7","3","10","1","1","B03","7","8","1","8","2","2","","7","7","1","21","8","B03","24.17176","120.687741","2"
"2019","8","27","8","38","臺中市","西屯區","0","0","0","8","","","50","","","","","","","","","","","","","","","","","","","","B03","","","1","","2","","","23","","1","22","","B03","24.192717","120.616414","3"
"2019","8","27","8","41","臺中市","西屯區","0","0","0","8","","","50","","","","","","","","","","","","","","","","","","","","B03","","","1","","2","","","26","","1","22","","B03","24.1715796","120.611027","3"
"2019","8","27","8","44","臺中市","大里區","0","0","0","8","1","3","50","14","9","1","5","4","5","7","4","4","10","5","5","2","17","","","","","","A11","","","1","","2","","","17","","1","10","","A11","24.093211","120.66682","3"
"2019","8","27","8","44","臺中市","大里區","0","0","0","8","","","40","","","","","","","","","","","","","","","","","","","","B03","","","1","","2","","","6","","1","","","B03","24.111445","120.694796","3"
"2019","8","27","8","48","臺中市","西區","0","1","0","8","1","5","50","4","1","1","5","4","5","7","2","1","10","5","5","2","3","42","3","10","1","1","B12","7","5","1","8","2","8","","42","42","1","22","9","B12","24.137933","120.683588","2"
"2019","8","27","8","48","臺中市","后里區","0","0","0","8","1","5","40","14","9","1","5","4","5","7","4","4","10","5","5","2","14","","","","","","B12","","","1","","1","","","12","","2","20","","B12","24.288891","120.699722","3"
"2019","8","27","8","53","臺中市","西區","0","1","0","8","1","5","50","14","9","1","5","4","5","7","4","4","1","4","5","2","17","42","2","9","1","1","C03","7","9","1","10","2","14","","42","42","1","5","1","C03","24.140201","120.655073","2"
"2019","8","27","8","56","臺中市","南區","0","0","0","8","","","50","","","","","","","","","","","","","","","23","","","","","B03","","","1","3","2","","","23","23","1","5","","B03","24.111051","120.655255","3"
"2019","8","27","9","12","臺中市","北屯區","0","0","0","8","","","80","","","","","","","","","","","","","","","","","","","","A42","","","1","","2","","","7","","1","","","A42","24.201125","120.67712","3"
"2019","8","27","9","15","臺中市","龍井區","0","1","0","8","1","5","50","4","1","1","5","4","5","7","4","4","10","5","5","2","15","6","3","10","3","4","A12","7","9","1","3","2","5","","6","6","1","10","8","A12","24.201806","120.528718","2"
"2019","8","27","9","21","臺中市","梧棲區","0","1","0","8","1","5","40","3","2","1","5","4","5","7","1","1","1","4","1","1","13","16","2","8","1","1","C03","7","10","1","10","2","11","","16","16","1","9","8","C03","24.242573","120.556373","2"
"2019","8","27","9","25","臺中市","太平區","0","0","0","8","","","50","","","","","","","","","","","","","","","","","","","","C03","","","1","","2","","","16","","1","","","C03","24.153161","120.705304","3"
"2019","8","27","9","26","臺中市","北屯區","0","0","0","8","","","50","","","","","","","","","","","","","","","","","","","","B03","","","3","","2","","","6","","1","","","B03","24.170427","120.698991","3"
"2019","8","27","9","50","臺中市","神岡區","0","0","0","8","","","50","","","","","","","","","","","","","","","","","","","","B12","","","1","","2","","","23","","1","","","B12","24.262848","120.698864","3"
"2019","8","27","9","53","臺中市","北區","0","2","0","8","1","5","50","3","1","1","5","4","5","7","4","4","10","5","5","2","17","6","2","9","1","1","C03","7","5","1","10","2","11","","6","6","1","22","8","C03","24.152431","120.688626","2"
"2019","8","27","9","54","臺中市","西屯區","0","1","0","8","1","5","60","4","1","1","5","4","5","7","1","1","10","5","5","2","12","26","3","10","1","1","B03","7","6","3","18","2","5","","26","26","1","22","8","B03","24.162543","120.649493","2"
"2019","8","27","9","55","臺中市","清水區","0","1","0","8","1","5","50","14","9","1","5","4","5","7","4","4","5","5","5","1","17","19","3","10","1","1","B03","7","1","1","8","2","4","","19","19","1","21","8","B03","24.268591","120.566424","2"
"2019","8","27","10","1","臺中市","東區","0","3","0","8","1","5","50","3","1","1","5","4","5","7","1","1","10","5","5","2","16","8","2","9","1","1","C03","7","5","1","10","2","14","","8","8","1","5","8","C03","24.13598","120.685883","2"
"2019","8","27","10","10","臺中市","沙鹿區","0","0","0","8","","","50","","","","","","","","","","","","","","","","","","","","B03","","","1","","2","","","23","","1","22","","B03","24.204843","120.56747","3"
"2019","8","27","10","17","臺中市","大肚區","0","0","0","","","","","","","","","","","","","","","","","","","23","","","","","B03","","","1","","2","","","23","23","1","22","","B03","24.133879","120.558135","3"
"2019","8","27","10","19","臺中市","東區","0","0","0","8","","","50","","","","","","","","","","","","","","","","3","","","","C03","","","1","","2","","","23","","1","21","","C03","24.130353","120.705043","3"
"2019","8","27","10","20","臺中市","清水區","0","1","0","8","1","5","40","3","1","1","5","4","5","7","4","4","5","5","5","1","17","14","3","10","1","1","B03","7","5","1","8","2","8","","14","14","1","22","8","B03","24.276273","120.575811","2"
"2019","8","27","10","27","臺中市","西區","0","0","0","8","","","50","","","","","","","","","","","","","","","","","","","","B03","","","1","","2","","","10","","1","22","","B03","24.140406","120.673864","3"
"2019","8","27","10","28","臺中市","西屯區","0","0","0","8","","","50","","","","","","","","","","","","","","","","","","","","B12","","","1","","2","","","23","","1","22","","B12","24.170906","120.636385","3"
"2019","8","27","10","38","臺中市","東區","0","2","0","8","1","5","50","4","1","1","5","4","5","7","1","1","10","5","5","2","16","6","3","10","1","1","B01","7","5","1","4","2","1","","6","6","1","22","8","B01","24.142741","120.69618","2"
"2019","8","27","10","44","臺中市","梧棲區","0","0","0","8","","","70","","","","","","","","","","","","","","","","","","","","B03","","","1","","2","","","10","","1","9","","B03","24.247725","120.541918","3"
"2019","8","27","10","51","臺中市","潭子區","0","2","0","8","1","5","50","4","1","1","5","4","5","7","1","1","1","4","4","1","16","25","2","7","1","1","C03","7","9","4","11","2","11","","25","25","1","22","8","C03","24.216062","120.694675","2"
"2019","8","27","10","53","臺中市","大甲區","0","1","0","8","1","5","50","14","9","1","5","4","5","3","4","4","9","4","5","2","17","6","2","9","1","1","C04","7","1","1","10","2","14","","6","6","1","21","8","C04","24.416953","120.641146","2"
"2019","8","27","10","53","臺中市","神岡區","0","0","0","8","","","50","","","","","","","","","","","","","","","","","","","","B03","","","1","","2","","","16","","1","22","","B03","24.247746","120.689675","3"
"2019","8","27","10","56","臺中市","北屯區","0","3","0","8","1","5","50","4","1","1","5","4","5","7","1","1","10","5","5","2","13","16","2","7","1","1","C03","7","9","1","10","2","11","","16","16","1","21","8","C03","24.170682","120.687466","2"
"2019","8","27","10","58","臺中市","清水區","0","1","0","8","1","5","50","14","9","1","5","4","5","7","4","4","5","4","5","2","13","23","2","8","1","1","C03","7","9","1","10","2","11","","23","23","1","5","7","C03","24.275416","120.57746","2"
"2019","8","27","11","1","臺中市","潭子區","0","0","0","8","","","50","","","","","","","","","","","","","","","","","","","","B03","","","1","","2","","","16","","1","21","","B03","24.193931","120.720036","3"
"2019","8","27","11","16","臺中市","南區","0","1","0","8","1","5","50","4","1","1","5","4","5","7","2","1","10","5","5","2","17","43","3","10","3","4","B03","7","6","1","8","2","15","","43","43","1","5","8","B03","24.129103","120.668755","2"
"2019","8","27","11","17","臺中市","太平區","0","0","0","8","","","40","","","","","","","","","","","","","","","","","","","","B12","","","1","","2","","","23","","1","21","","B12","24.132956","120.711418","3"
"2019","8","27","11","18","臺中市","西屯區","0","0","0","8","","","50","","","","","","","","","","","","","","","","","","","","C04","","","1","","2","","","43","","1","","","C04","24.181641","120.642531","3"
"2019","8","27","11","18","臺中市","太平區","0","1","0","8","1","5","50","3","1","1","5","4","5","7","4","4","10","5","5","2","16","10","3","10","1","1","B03","7","11","1","8","2","2","","10","10","1","21","8","B03","24.149141","120.70317","2"
"2019","8","27","11","23","臺中市","南區","0","0","0","","","","","","","","","","","","","","","","","","","12","","","","","B03","","","1","","2","","","12","12","1","21","","B03","24.1286","120.67945","3"
"2019","8","27","11","24","臺中市","西區","0","0","0","8","","","50","","","","","","","","","","","","","","","","","","","","B01","","","1","","2","","","40","","1","10","","B01","24.155738","120.663261","3"
"2019","8","27","11","37","臺中市","太平區","0","0","0","8","","","50","","","","","","","","","","","","","","","","","","","","B03","","","1","","2","","","23","","1","21","","B03","24.147999","120.702198","3"