"年","月","日","時","分","縣市","區","死","受傷","2-30","天候","光線","道路類別","速限","道路型態","事故位置","路面鋪裝","路面狀態","路面缺陷","障礙物","視距","號誌種類","號誌動作","分向設施","快車道或一般車道間","快慢車道間","路面邊線","事故類型及型態","主要肇因","受傷程度","主要傷處","保護裝備","行動電話","當事者區分(類別)","車輛用途","當事者行動狀態","駕駛資格情形","駕駛執照種類","飲酒情形","車輛撞擊部位最初","車輛撞擊部位其他","肇事因素個別","肇事因素主要","肇事逃逸","職業","旅次目的","車種","GPS座標(緯度)","GPS座標(經度)","事故類別"
"2019","8","27","11","40","臺中市","西區","0","0","0","8","","","40","","","","","","","","","","","","","","","","","","","","B12","","","1","","2","","","12","","1","5","","B12","24.150968","120.67034","4"
"2019","8","27","11","42","臺中市","西屯區","0","2","0","8","1","5","40","4","1","1","5","4","5","7","4","4","10","5","5","2","15","6","2","9","1","1","C03","7","9","1","10","2","11","","6","6","1","22","8","C03","24.169751","120.665523","2"
"2019","8","27","11","48","臺中市","北屯區","0","0","0","8","","","50","","","","","","","","","","","","","","","","","","","","B03","","","1","","2","","","23","","1","21","","B03","24.16471","120.695106","3"
"2019","8","27","11","50","臺中市","大雅區","0","0","0","8","","","40","","","","","","","","","","","","","","","","","","","","B12","","","1","","2","","","23","","1","22","","B12","24.23582","120.6669","3"
"2019","8","27","11","58","臺中市","大里區","0","1","0","8","1","5","50","14","9","1","5","4","5","7","4","4","5","5","5","2","13","23","3","10","1","1","B03","7","9","1","8","2","1","","23","23","1","21","8","B03","24.10294","120.701348","2"
"2019","8","27","12","8","臺中市","南屯區","0","0","0","8","","","80","","","","","","","","","","","","","","","43","","","","","A12","","","1","","11","","","43","43","1","","","A12","24.13245","120.620958","3"
"2019","8","27","12","9","臺中市","清水區","0","0","0","8","","","50","","","","","","","","","","","","","","","","","","","","B03","","","1","","2","","","12","","1","12","","B03","24.310584","120.562611","3"
"2019","8","27","12","10","臺中市","外埔區","0","1","0","8","1","5","40","14","9","1","5","4","5","7","4","4","10","5","5","1","16","8","3","10","1","1","B12","7","5","1","8","2","8","","8","8","1","3","8","B12","24.340316","120.676833","2"
"2019","8","27","12","14","臺中市","北屯區","0","1","0","8","1","5","50","16","22","1","5","4","5","7","4","4","10","5","5","2","16","6","3","10","1","1","B03","7","6","1","8","2","5","","6","6","1","21","8","B03","24.162475","120.692662","2"
"2019","8","27","12","15","臺中市","大里區","0","1","0","8","1","5","50","3","2","1","5","4","5","7","1","1","5","5","4","2","17","23","2","9","1","1","C03","7","9","1","10","2","11","","23","23","1","4","8","C03","24.097383","120.678408","2"
"2019","8","27","12","16","臺中市","大里區","0","0","0","8","","","40","","","","","","","","","","","","","","","","","","","","B12","","","1","","2","","","23","","1","","","B12","24.107589","120.692216","3"
"2019","8","27","12","18","臺中市","北屯區","0","0","0","8","","","50","","","","","","","","","","","","","","","","","","","","B03","","","1","","2","","","16","","1","21","","B03","24.177091","120.719313","3"
"2019","8","27","12","24","臺中市","大雅區","0","0","0","8","","","40","","","","","","","","","","","","","","","","","","","","B03","","","1","","2","","","10","","1","21","","B03","24.224758","120.653458","3"
"2019","8","27","12","25","臺中市","北屯區","0","1","0","8","1","5","50","14","7","1","5","4","5","7","4","4","5","4","4","2","16","10","3","10","1","1","B03","7","11","1","8","1","15","","10","10","1","21","8","B03","24.179631","120.719643","2"
"2019","8","27","12","34","臺中市","東區","0","0","0","","","","","","","","","","","","","","","","","","","","","","","","B03","","","1","","2","","","23","","1","5","","B03","24.140361","120.689171","3"
"2019","8","27","12","48","臺中市","北區","0","0","0","8","","","50","","","","","","","","","","","","","","","","","","","","C03","","","1","","2","","","6","","1","21","","C03","24.159076","120.683908","3"
"2019","8","27","12","49","臺中市","新社區","0","0","0","8","","","40","","","","","","","","","","","","","","","","","","","","B03","","","1","","2","","","6","","1","22","","B03","24.269106","120.791421","3"
"2019","8","27","12","53","臺中市","西屯區","","","","8","","","40","","","","","","","","","","","","","","","","","","","","B12","","","1","","2","","","23","","1","22","","B12","24.174951","120.633633","3"
"2019","8","27","13","0","臺中市","南屯區","0","0","0","8","","","50","","","","","","","","","","","","","","","","","","","","B03","","","1","","2","","","23","","1","","","B03","24.150953","120.650335","3"
"2019","8","27","13","15","臺中市","外埔區","0","0","0","8","","","40","","","","","","","","","","","","","","","","","","","","B03","","","1","","2","","","6","","1","5","","B03","24.334235","120.665155","4"
"2019","8","27","13","22","臺中市","北屯區","0","1","0","8","1","5","40","3","1","1","5","4","5","7","4","4","1","4","4","2","12","6","3","10","1","1","B03","7","6","1","8","2","2","","6","6","1","22","8","B03","24.189266","120.686449","2"
"2019","8","27","13","25","臺中市","南屯區","0","1","0","8","1","5","50","4","1","1","5","4","5","7","2","1","5","5","4","2","16","6","3","10","1","1","B03","7","5","1","8","2","2","","6","6","1","5","8","B03","24.152848","120.634911","2"
"2019","8","27","13","30","臺中市","潭子區","0","0","0","8","","","50","","","","","","","","","","","","","","","","","","","","B03","","","1","","2","","","16","","1","4","","B03","24.191321","120.718021","3"
"2019","8","27","13","32","臺中市","西區","0","2","0","8","1","5","40","4","1","1","5","4","5","7","4","4","5","4","5","2","15","6","2","9","1","1","C04","7","9","1","10","2","12","","6","6","1","22","8","C04","24.150862","120.660892","2"
"2019","8","27","13","40","臺中市","霧峰區","0","0","0","8","","","30","","","","","","","","","","","","","","","","","","","","B12","","","1","","2","","","16","","1","5","","B12","24.078283","120.699853","3"
"2019","8","27","13","45","臺中市","大甲區","0","0","0","8","","","50","","","","","","","","","","","","","","","","","","","","B03","","","1","","2","","","6","","1","21","","B03","24.345903","120.625805","3"
"2019","8","27","13","45","臺中市","大雅區","0","0","0","8","","","50","","","","","","","","","","","","","","","","","","","","C03","","","1","","2","","","60","","1","22","","C03","24.22166","120.6455","3"
"2019","8","27","13","47","臺中市","西屯區","0","1","0","8","1","5","50","14","9","1","5","4","5","7","4","4","5","4","5","2","12","43","3","10","1","1","B03","7","9","1","8","2","2","","43","43","1","22","8","B03","24.168213","120.641333","2"
"2019","8","27","13","51","臺中市","豐原區","0","0","0","8","","","50","","","","","","","","","","","","","","","1","","","","","B12","","","1","","2","","","1","1","1","21","","B12","24.237049","120.710476","3"
"2019","8","27","13","53","臺中市","西區","0","2","0","8","1","5","40","4","1","1","5","4","5","7","1","1","10","5","5","2","9","42","2","9","1","1","C03","7","9","1","10","2","11","","42","42","1","22","9","C03","24.15231","120.657253","2"
"2019","8","27","13","53","臺中市","西屯區","0","1","0","8","1","5","50","4","1","1","5","4","5","7","1","1","10","5","5","2","16","6","3","10","1","1","B03","7","5","1","8","2","5","","6","6","1","21","8","B03","24.176148","120.63741","2"
"2019","8","27","13","54","臺中市","梧棲區","0","0","0","8","","","50","","","","","","","","","","","","","","","","","","","","B03","","","1","","2","","","7","","1","4","","B03","24.262085","120.532296","3"
"2019","8","27","13","55","臺中市","北區","0","1","0","8","1","5","50","3","1","1","5","4","5","7","4","4","3","5","5","2","16","6","3","10","1","1","B03","7","6","1","8","2","5","","6","6","1","22","8","B03","24.163218","120.679991","2"
"2019","8","27","14","13","臺中市","太平區","0","1","0","8","1","5","50","4","1","1","5","4","5","7","1","1","5","5","5","2","15","25","3","10","1","1","C03","7","9","1","10","2","12","","25","25","1","21","8","C03","24.133885","120.723721","2"
"2019","8","27","14","24","臺中市","清水區","0","2","0","8","1","5","50","3","9","1","5","4","5","7","4","4","9","5","5","2","16","6","3","10","1","1","B12","7","5","1","8","2","1","","6","6","1","5","8","B12","24.270478","120.573965","2"
"2019","8","27","14","29","臺中市","大雅區","0","1","0","8","1","5","40","4","1","1","5","4","5","7","4","4","10","5","5","1","16","6","2","4","1","1","C03","7","9","1","10","2","12","","6","6","1","21","8","C03","24.215837","120.655008","2"
"2019","8","27","14","47","臺中市","北屯區","0","1","0","8","1","5","50","3","1","1","5","4","5","7","1","1","10","5","5","2","17","6","3","10","1","1","B02","7","5","1","8","2","1","","6","6","1","21","8","B02","24.162201","120.723541","2"
"2019","8","27","14","47","臺中市","神岡區","0","0","0","8","","","10","","","","","","","","","","","","","","","60","","","","","G06","","","8","","2","","","60","60","1","19","","G06","24.274809","120.650863","3"
"2019","8","27","14","48","臺中市","北屯區","0","1","0","8","1","5","50","14","7","1","5","4","5","7","4","4","1","4","5","2","13","16","3","10","3","4","B03","7","9","1","8","2","1","","16","16","1","21","8","B03","24.16209","120.716611","2"
"2019","8","27","14","48","臺中市","北屯區","0","0","0","8","","","50","","","","","","","","","","","","","","","","","","","","B03","","","1","","2","","","23","","1","","","B03","24.177343","120.735073","3"
"2019","8","27","14","48","臺中市","龍井區","0","1","0","8","1","5","50","4","1","1","5","4","5","7","1","1","10","5","5","2","16","10","3","10","1","1","B12","7","11","1","8","2","4","","10","10","1","22","8","B12","24.184508","120.585091","2"
"2019","8","27","15","0","臺中市","大里區","0","0","0","8","","","40","","","","","","","","","","","","","","","","","","","","B03","","","1","","2","","","7","","1","12","","B03","24.111845","120.697018","3"
"2019","8","27","15","7","臺中市","西屯區","0","1","0","8","1","5","40","4","1","1","5","4","5","4","4","4","10","5","5","2","16","6","2","9","1","1","C03","7","9","1","10","2","12","","6","6","1","22","9","C03","24.17921","120.622549","2"
"2019","8","27","15","7","臺中市","大肚區","0","0","0","","","","","","","","","","","","","","","","","","","17","","","","","B03","","","1","","2","","","23","17","1","4","","B03","24.142425","120.548538","3"
"2019","8","27","15","10","臺中市","和平區","0","1","0","8","1","7","50","14","9","1","5","4","5","7","4","4","5","4","5","1","16","19","2","9","1","1","C05","7","1","1","11","5","11","","19","19","2","22","9","C05","24.173927","120.887869","2"
"2019","8","27","15","14","臺中市","北區","0","0","0","8","","","50","","","","","","","","","","","","","","","","","","","","B03","","","1","","2","","","6","","1","","","B03","24.146254","120.686018","3"
"2019","8","27","15","14","臺中市","東區","0","1","0","8","1","5","40","4","1","1","5","4","5","7","4","4","9","4","5","2","15","6","2","9","1","1","C03","7","9","1","10","2","11","","6","6","1","5","8","C03","24.116763","120.665351","2"
"2019","8","27","15","20","臺中市","清水區","0","2","0","8","1","5","50","4","1","1","5","4","5","7","4","4","5","4","4","2","15","6","2","2","1","1","B03","7","9","1","8","2","8","","6","6","1","22","8","B03","24.268813","120.576778","2"
"2019","8","27","15","24","臺中市","梧棲區","0","1","0","8","1","5","40","14","8","1","5","4","5","7","4","4","1","4","3","2","17","16","2","8","1","1","C03","7","9","1","10","2","14","","16","16","1","20","5","C03","24.247394","120.54271","2"
"2019","8","27","15","26","臺中市","西區","0","0","0","8","","","50","","","","","","","","","","","","","","","","","","","","B03","","","1","","2","","","23","","1","5","","B03","24.149781","120.673658","3"
"2019","8","27","15","29","臺中市","南屯區","0","1","0","8","1","5","50","5","1","1","5","4","5","7","2","1","5","5","4","2","13","23","2","8","1","1","B03","7","9","1","8","2","1","","23","23","1","4","8","B03","24.140333","120.628629","2"
"2019","8","27","15","38","臺中市","烏日區","0","0","0","","","","","","","","","","","","","","","","","","","","","","","","D02","","","1","","2","","","7","","1","","","D02","24.110176","120.619627","3"
"2019","8","27","15","50","臺中市","外埔區","0","1","0","8","1","5","50","14","9","1","5","4","5","7","4","4","5","4","4","1","16","10","3","10","1","4","B03","7","11","1","8","2","1","","10","10","1","22","8","B03","24.342376","120.638001","2"
"2019","8","27","15","53","臺中市","大甲區","0","1","0","8","1","5","60","14","8","1","5","4","5","7","4","4","1","4","4","1","14","12","3","10","1","1","B03","7","2","1","8","2","7","","12","12","1","5","8","B03","24.353542","120.618561","2"
"2019","8","27","15","56","臺中市","西區","0","1","0","8","1","5","50","4","1","1","5","4","5","7","2","1","3","2","5","2","16","26","3","10","1","1","B12","7","6","1","8","2","5","","26","26","1","22","8","B12","24.150972","120.653012","2"
"2019","8","27","16","0","臺中市","西屯區","0","0","0","8","","","50","","","","","","","","","","","","","","","","","","","","B03","","","1","","2","","","23","","1","22","","B03","24.16358","120.66237","3"
"2019","8","27","16","0","臺中市","烏日區","0","2","0","8","1","5","50","4","1","1","5","4","5","7","4","4","5","5","4","2","17","10","2","9","1","1","C03","7","11","1","10","2","14","","10","10","1","21","8","C03","24.106678","120.638423","2"
"2019","8","27","16","5","臺中市","北屯區","0","2","0","8","1","5","50","14","7","1","5","4","5","7","4","4","5","5","4","2","12","26","3","10","1","1","C04","7","5","1","10","2","11","","26","26","1","22","8","C04","24.171325","120.683367","2"
"2019","8","27","16","7","臺中市","西屯區","0","0","0","8","","","40","","","","","","","","","","","","","","","23","","","","","B03","","","1","","2","","","38","23","1","21","","B03","24.156674","120.647872","3"
"2019","8","27","16","28","臺中市","太平區","0","1","0","8","1","5","30","11","9","1","5","4","5","7","4","4","10","5","5","1","10","44","3","10","1","1","B03","7","9","1","6","2","1","","44","44","1","21","8","B03","24.154173","120.763508","2"
"2019","8","27","16","30","臺中市","南屯區","0","1","0","8","1","5","50","4","1","1","5","4","5","7","1","1","5","2","4","2","16","6","3","10","1","1","B03","7","5","1","8","2","5","","6","6","1","4","8","B03","24.140105","120.62095","2"
"2019","8","27","16","30","臺中市","大里區","0","0","0","8","","","40","","","","","","","","","","","","","","","","","","","","B12","","","1","","5","","","12","","1","22","","B12","24.089019","120.69758","3"
"2019","8","27","16","31","臺中市","沙鹿區","0","0","0","8","","","70","","","","","","","","","","","","","","","","","","","","B02","","","1","","2","","","23","","1","21","","B02","24.201449","120.581046","3"
"2019","8","27","16","38","臺中市","大里區","0","0","0","8","","","50","","","","","","","","","","","","","","","","","","","","B12","","","1","","2","","","12","","1","","","B12","24.099706","120.71786","3"
"2019","8","27","16","45","臺中市","烏日區","0","1","0","8","1","5","50","4","1","1","5","4","5","7","4","4","6","5","5","2","15","6","2","9","1","1","C03","7","9","1","10","2","11","","6","6","1","22","8","C03","24.109384","120.626145","2"
"2019","8","27","16","46","臺中市","梧棲區","0","0","0","8","","","50","","","","","","","","","","","","","","","","","","","","B11","","","1","","2","","","16","","1","9","","B11","24.227237","120.512898","3"
"2019","8","27","16","48","臺中市","南屯區","0","0","0","8","1","5","50","3","9","1","5","4","5","7","1","1","1","2","5","1","13","23","3","10","3","4","A41","7","9","1","1","7","1","","23","23","1","10","4","A41","24.150416","120.622035","3"
"2019","8","27","16","50","臺中市","北區","0","1","0","8","1","5","50","4","1","1","5","4","5","7","1","1","1","4","4","2","12","6","3","10","1","1","B12","7","6","1","8","2","5","","6","6","1","21","8","B12","24.162817","120.670475","2"
"2019","8","27","16","50","臺中市","西屯區","","","","8","","","50","","","","","","","","","","","","","","","","","","","","C03","","","1","","2","","","16","","1","22","","C03","24.160283","120.652058","3"
"2019","8","27","16","50","臺中市","龍井區","0","1","0","8","1","5","50","14","8","1","5","4","5","7","4","4","1","4","4","2","12","43","3","10","3","4","C03","7","9","1","10","2","12","","43","43","1","9","1","C03","24.197048","120.519756","2"
"2019","8","27","16","50","臺中市","大甲區","0","1","0","8","1","5","50","7","9","1","5","4","5","7","4","4","5","5","5","2","18","42","2","9","1","1","C03","7","9","1","10","2","14","","42","42","1","5","8","C03","24.346625","120.628226","2"
"2019","8","27","16","57","臺中市","沙鹿區","0","0","0","","","","","","","","","","","","","","","","","","","","","","","","B12","","","1","","2","","","44","","1","","","B12","","","3"
"2019","8","27","17","0","臺中市","大甲區","0","3","0","8","1","5","60","14","8","1","5","4","5","7","4","4","1","4","4","1","17","19","2","9","1","1","C03","7","1","1","10","2","13","","19","19","1","5","8","C03","24.34377","120.617339","2"
"2019","8","27","17","0","臺中市","外埔區","0","0","0","8","","","50","","","","","","","","","","","","","","","","","","","","B03","","","1","","2","","","9","","1","19","","B03","24.330123","120.655016","4"
"2019","8","27","17","11","臺中市","西區","0","0","0","8","","","50","","","","","","","","","","","","","","","17","3","","","","B12","","","1","","9","","","17","17","2","21","","B12","24.129393","120.667236","3"
"2019","8","27","17","12","臺中市","大雅區","0","0","0","8","","","50","","","","","","","","","","","","","","","","","","","","C03","","","1","","2","","","26","","1","","","C03","24.219248","120.662863","3"
"2019","8","27","17","25","臺中市","大甲區","0","1","0","8","1","5","50","4","1","1","5","4","5","7","4","4","10","5","5","2","17","19","3","10","1","1","B03","7","1","1","8","2","1","","19","19","1","9","8","B03","24.347215","120.621342","2"
"2019","8","27","17","28","臺中市","南區","0","0","0","","","","","","","","","","","","","","","","","","","","","","","","B03","","","1","","2","","","19","","1","","","B03","24.12943","120.661622","3"
"2019","8","27","17","29","臺中市","西屯區","0","0","0","8","","","50","","","","","","","","","","","","","","","16","","","","","B03","","","1","","2","","","16","16","1","","","B03","24.19087","120.616353","3"
"2019","8","27","17","37","臺中市","西區","0","0","0","8","","","50","","","","","","","","","","","","","","","","","","","","B03","","","1","","2","","","1","","1","2","","B03","24.149928","120.656872","3"
"2019","8","27","17","37","臺中市","北屯區","0","0","0","8","","","50","","","","","","","","","","","","","","","","","","","","B03","","","1","","2","","","23","","1","5","","B03","24.171275","120.71987","3"
"2019","8","27","17","40","臺中市","后里區","0","1","0","8","1","5","50","14","13","1","5","4","5","7","4","4","5","5","5","1","17","23","2","9","4","5","F01","7","9","8","20","2","16","","23","23","1","22","8","F01","24.309226","120.72702","2"
"2019","8","27","17","43","臺中市","太平區","0","1","0","8","1","5","50","4","1","1","5","4","5","7","4","4","10","5","5","2","16","6","3","10","1","1","B12","7","5","1","8","2","1","","6","6","1","21","8","B12","24.133803","120.735417","2"
"2019","8","27","17","47","臺中市","西區","0","0","0","8","","","50","","","","","","","","","","","","","","","","","","","","B03","","","1","","2","","","23","","1","21","","B03","24.155885","120.660059","3"
"2019","8","27","17","48","臺中市","后里區","0","1","0","8","1","5","50","4","1","1","5","4","5","3","1","1","5","5","5","2","15","25","2","9","1","1","C03","7","9","1","10","2","11","","25","25","1","5","1","C03","24.308325","120.716793","2"
"2019","8","27","17","49","臺中市","清水區","0","2","0","8","2","5","50","4","1","1","5","4","5","7","4","4","10","5","5","2","15","6","2","9","1","1","C03","7","9","3","18","2","12","","6","6","1","21","8","C03","24.27804","120.567705","2"
"2019","8","27","17","51","臺中市","西屯區","0","0","0","8","","","50","","","","","","","","","","","","","","","26","","","","","B03","","","1","","2","","","26","26","1","21","","B03","24.198426","120.620503","3"
"2019","8","27","17","57","臺中市","南屯區","0","1","0","8","1","5","50","14","9","1","5","4","5","7","4","4","1","4","5","2","13","23","2","9","1","1","C03","7","9","1","10","2","14","","23","23","1","22","8","C03","24.141949","120.639196","2"
"2019","8","27","18","1","臺中市","西區","0","2","0","8","1","5","50","4","1","1","5","4","5","7","4","4","10","5","5","2","16","6","3","10","3","4","B03","7","6","1","8","2","5","","6","6","1","21","8","B03","24.135682","120.669855","2"
"2019","8","27","18","8","臺中市","霧峰區","0","1","0","8","2","5","70","4","1","1","5","4","5","7","1","1","10","5","5","2","13","7","2","7","1","1","C02","7","7","4","10","2","11","","7","7","1","12","8","C02","24.037959","120.693192","2"
"2019","8","27","18","13","臺中市","西屯區","","","","8","","","40","","","","","","","","","","","","","","","","","","","","B03","","","1","","2","","","42","","1","22","","B03","24.181495","120.635626","3"
"2019","8","27","18","13","臺中市","西屯區","0","2","0","8","3","5","50","3","2","1","5","4","5","7","4","4","10","5","5","2","3","15","2","9","3","4","C03","7","9","1","10","2","15","","15","15","1","22","8","C03","24.191283","120.613069","2"
"2019","8","27","18","14","臺中市","太平區","0","1","0","8","3","5","50","4","2","1","5","4","5","7","1","1","5","4","4","1","13","16","2","9","1","1","C03","7","9","1","10","2","11","","16","16","1","21","8","C03","24.148825","120.718158","2"
"2019","8","27","18","33","臺中市","龍井區","0","1","0","8","3","5","40","3","2","1","5","4","5","7","4","4","5","4","5","1","18","43","2","9","1","1","C03","7","9","1","10","2","15","","43","43","1","12","8","C03","24.191715","120.54842","2"
"2019","8","27","18","35","臺中市","太平區","0","0","0","8","","","40","","","","","","","","","","","","","","","","","","","","B03","","","1","","1","","","12","","1","21","","B03","24.157986","120.719957","3"
"2019","8","27","18","36","臺中市","南屯區","0","1","0","8","3","5","50","4","1","1","5","4","5","7","2","1","5","5","4","2","16","10","3","10","1","1","B03","7","11","1","8","2","1","","10","10","1","2","8","B03","24.153606","120.63484","2"
"2019","8","27","18","45","臺中市","大雅區","0","0","0","8","","","50","","","","","","","","","","","","","","","","","","","","B03","","","1","","2","","","7","","1","22","","B03","24.225269","120.645504","3"
"2019","8","27","18","46","臺中市","烏日區","0","0","0","8","","","50","","","","","","","","","","","","","","","","","","","","B03","","","1","","2","","","23","","1","","","B03","24.107228","120.628554","3"
"2019","8","27","18","53","臺中市","北區","0","0","0","8","","","50","","","","","","","","","","","","","","","23","3","","","","B02","","","1","4","2","6","","23","23","","21","","B02","24.169283","120.672922","3"
"2019","8","27","18","53","臺中市","大雅區","0","0","0","8","","","40","","","","","","","","","","","","","","","","","","","","B03","","","1","","2","","","6","","1","","","B03","24.221432","120.665373","3"
"2019","8","27","18","55","臺中市","西區","0","1","0","8","3","5","25","3","1","1","5","4","5","7","4","4","10","5","5","2","17","43","3","10","1","1","C03","7","5","1","10","2","15","","43","43","1","22","9","C03","24.142966","120.65638","2"
"2019","8","27","18","56","臺中市","太平區","0","1","0","8","3","5","50","3","1","1","5","4","5","7","4","4","10","5","5","2","16","6","3","10","3","4","B03","7","5","1","8","2","2","","6","6","1","4","8","B03","24.149839","120.726271","2"
"2019","8","27","19","3","臺中市","霧峰區","0","0","0","8","","","40","","","","","","","","","","","","","","","","","","","","","","","8","","9","","","66","","1","","","","24.040821","120.676343","3"
"2019","8","27","19","4","臺中市","西屯區","0","0","0","8","","","50","","","","","","","","","","","","","","","","","","","","B03","","","1","","2","","","7","","1","21","","B03","24.191759","120.597779","3"
"2019","8","27","19","22","臺中市","豐原區","0","0","0","8","","","50","","","","","","","","","","","","","","","","","","","","B03","","","1","","2","","","16","","1","4","","B03","24.248166","120.699169","3"
"2019","8","27","19","29","臺中市","西區","0","0","0","8","","","40","","","","","","","","","","","","","","","","","","","","B03","","","1","","2","","","12","","1","21","","B03","24.151854","120.65784","3"
"2019","8","27","19","33","臺中市","后里區","0","0","0","8","3","5","60","3","2","1","5","4","5","7","1","1","5","4","5","1","13","23","3","10","1","1","B12","7","9","1","8","2","1","","23","23","1","21","8","B12","24.336984","120.731126","3"
"2019","8","27","19","35","臺中市","大甲區","0","1","0","8","3","5","50","14","9","1","5","4","5","7","4","4","5","5","4","2","16","10","3","10","1","1","B03","7","11","1","8","2","2","","10","10","1","9","8","B03","24.354142","120.632681","2"
"2019","8","27","19","40","臺中市","烏日區","0","1","0","8","3","5","50","4","9","1","5","4","5","7","4","4","5","5","5","1","27","43","2","9","1","1","C03","7","9","1","10","2","11","","43","43","1","22","8","C03","24.07318","120.64507","2"
"2019","8","27","19","49","臺中市","西屯區","0","0","0","8","","","50","","","","","","","","","","","","","","","","","","","","B03","","","1","","2","","","42","","1","22","","B03","24.183728","120.641148","3"
"2019","8","27","19","57","臺中市","北屯區","0","1","0","8","3","5","50","4","1","1","5","4","5","7","1","1","10","5","5","2","11","6","3","10","3","4","B03","7","5","1","8","2","1","","6","6","1","21","8","B03","24.171113","120.729798","2"
"2019","8","27","19","58","臺中市","北區","0","0","0","8","","","50","","","","","","","","","","","","","","","","","","","","B03","","","1","","2","","","19","","1","","","B03","24.167702","120.684903","3"
"2019","8","27","20","6","臺中市","西區","0","1","0","8","3","5","50","4","2","1","5","4","1","7","1","1","10","5","5","2","16","17","3","10","3","4","B03","7","9","1","8","2","2","","17","17","1","21","8","B03","24.138782","120.669419","2"
"2019","8","27","20","11","臺中市","北屯區","0","3","0","8","3","5","50","4","19","1","5","4","5","7","2","1","10","5","5","2","3","52","2","9","4","5","H01","8","16","8","20","10","16","","52","52","1","5","8","H01","24.162283","120.721394","2"
"2019","8","27","20","20","臺中市","豐原區","0","0","0","8","","","50","","","","","","","","","","","","","","","43","","","","","B02","","","1","","2","","","43","43","1","10","","B02","24.24895","120.699774","3"
"2019","8","27","20","35","臺中市","神岡區","0","0","0","","","","","","","","","","","","","","","","","","","","","","","","B03","","","1","","2","","","7","","1","21","","B03","","","3"
"2019","8","27","20","50","臺中市","北屯區","0","1","0","8","3","5","50","5","1","1","5","4","5","7","1","1","10","5","5","2","16","16","2","8","1","1","C03","7","9","1","10","2","14","","16","16","1","18","8","C03","24.170413","120.698146","2"
"2019","8","27","21","11","臺中市","西區","0","1","0","8","3","5","50","4","1","1","5","4","5","7","4","4","5","5","5","2","16","6","3","10","3","4","B03","7","9","1","8","2","1","","6","6","1","21","8","B03","24.133848","120.662648","2"
"2019","8","27","21","11","臺中市","烏日區","0","0","0","8","","","50","","","","","","","","","","","","","","","16","","","","","B03","","","1","","2","","","16","16","1","21","","B03","24.112769","120.609356","3"
"2019","8","27","21","57","臺中市","南區","0","0","0","8","1","5","50","4","1","1","5","4","5","7","4","4","10","5","5","2","12","23","3","10","1","1","B03","7","9","1","8","2","4","","23","23","1","5","8","B03","24.124876","120.658007","3"
"2019","8","27","22","9","臺中市","中區","0","0","0","8","3","5","50","4","1","1","5","4","5","7","1","1","10","5","5","","15","","","","","","B03","","","1","","2","","","25","","1","4","","B03","24.144642","120.680034","3"
"2019","8","27","22","25","臺中市","沙鹿區","0","2","0","8","3","5","50","4","1","1","5","4","5","7","4","4","10","5","5","2","16","8","2","8","1","1","C03","7","5","1","10","2","11","","8","8","1","18","5","C03","24.231151","120.566045","2"
"2019","8","27","22","35","臺中市","中區","0","0","0","","","","","","","","","","","","","","","","","","","","","","","","B02","","","1","","2","","","7","","1","22","","B02","24.141536","120.677253","3"
"2019","8","27","22","42","臺中市","中區","0","3","0","8","1","5","50","4","1","1","5","4","5","7","1","1","1","5","5","2","12","25","2","9","3","4","C03","7","5","1","10","2","14","","25","25","1","21","8","C03","24.135895","120.682257","2"
"2019","8","27","23","6","臺中市","北區","0","0","0","8","","","50","","","","","","","","","","","","","","","","","","","","B03","","","1","","2","","","23","","1","5","","B03","24.1583","120.676192","3"
"2019","8","27","23","43","臺中市","西屯區","0","3","0","8","3","5","40","14","12","1","5","4","5","7","1","1","5","5","4","2","13","23","3","10","1","1","B03","7","9","1","8","2","1","","23","23","1","22","8","B03","24.183397","120.630592","2"
"2019","8","28","0","12","臺中市","北屯區","0","0","0","8","","","50","","","","","","","","","","","","","","","","","","","","B03","","","1","","2","","","7","","1","21","","B03","24.174452","120.671452","3"
"2019","8","28","3","54","臺中市","北區","0","0","0","8","","","50","","","","","","","","","","","","","","","","","","","","B03","","","1","","2","","","23","","1","5","","B03","24.1583","120.676192","3"
"2019","8","28","6","5","臺中市","豐原區","0","0","0","8","","","50","","","","","","","","","","","","","","","23","","","","","B03","","","1","","2","","","23","23","1","21","","B03","24.248211","120.716025","3"
"2019","8","28","6","30","臺中市","大甲區","0","1","0","8","1","5","50","4","2","1","5","4","5","7","4","4","10","5","5","1","17","42","2","9","1","1","C03","7","12","1","10","2","11","","42","42","1","22","1","C03","24.345651","120.62223","2"
"2019","8","28","6","54","臺中市","北屯區","0","0","0","8","","","40","","","","","","","","","","","","","","","","","","","","B12","","","1","","2","","","23","","1","5","","B12","24.181935","120.671078","3"
"2019","8","28","7","10","臺中市","神岡區","0","0","0","8","","","40","","","","","","","","","","","","","","","","","","","","B03","","","1","","2","","","6","","1","21","","B03","24.251988","120.680987","3"
"2019","8","28","7","18","臺中市","后里區","0","0","0","8","","","60","","","","","","","","","","","","","","","23","","","","","B03","","","1","","2","","","23","23","1","","","B03","24.304561","120.72211","3"
"2019","8","28","7","20","臺中市","北屯區","0","0","0","8","","","50","","","","","","","","","","","","","","","","","","","","B03","","","1","","2","","","10","","1","","","B03","24.182125","120.719528","3"