"年","月","日","時","分","縣市","區","死","受傷","2-30","天候","光線","道路類別","速限","道路型態","事故位置","路面鋪裝","路面狀態","路面缺陷","障礙物","視距","號誌種類","號誌動作","分向設施","快車道或一般車道間","快慢車道間","路面邊線","事故類型及型態","主要肇因","受傷程度","主要傷處","保護裝備","行動電話","當事者區分(類別)","車輛用途","當事者行動狀態","駕駛資格情形","駕駛執照種類","飲酒情形","車輛撞擊部位最初","車輛撞擊部位其他","肇事因素個別","肇事因素主要","肇事逃逸","職業","旅次目的","車種","GPS座標(緯度)","GPS座標(經度)","事故類別"
"2019","8","28","7","22","臺中市","西屯區","0","0","0","8","","","80","","","","","","","","","","","","","","","","","","","","B03","","","1","","2","","","16","","1","22","","B03","24.183123","120.635781","3"
"2019","8","28","7","23","臺中市","太平區","0","1","0","8","1","5","50","14","9","1","5","4","5","7","4","4","5","5","5","2","17","42","2","9","1","1","C03","7","9","1","10","2","12","","42","42","1","5","8","C03","24.154918","120.710587","2"
"2019","8","28","7","26","臺中市","清水區","0","1","0","8","1","5","50","4","1","1","5","4","5","7","2","1","9","4","5","1","15","25","3","10","1","1","C03","7","9","1","10","2","12","","25","25","1","21","1","C03","24.277741","120.559856","2"
"2019","8","28","7","27","臺中市","大里區","0","2","0","8","1","5","40","4","1","1","5","4","5","7","4","4","10","5","5","1","11","6","2","9","1","1","C03","7","6","1","10","2","14","","6","6","1","4","5","C03","24.080447","120.697794","2"
"2019","8","28","7","30","臺中市","北屯區","0","0","0","8","","","50","","","","","","","","","","","","","","","","","","","","B03","","","1","","2","","","8","","1","","","B03","24.164909","120.700165","3"
"2019","8","28","7","36","臺中市","東勢區","0","1","0","8","1","5","60","4","1","1","5","4","5","7","3","1","1","4","4","1","15","6","2","9","1","1","C04","7","11","3","18","2","13","","6","6","1","9","8","C04","24.23981","120.834283","2"
"2019","8","28","7","39","臺中市","西區","0","1","0","8","1","5","50","4","1","1","5","4","5","7","4","4","10","5","5","2","15","6","2","8","1","1","C03","7","9","1","10","2","11","","6","6","1","21","1","C03","24.145575","120.657938","2"
"2019","8","28","7","40","臺中市","神岡區","0","0","0","8","","","50","","","","","","","","","","","","","","","","","","","","B03","","","1","","2","","","23","","1","3","","B03","24.248538","120.695638","3"
"2019","8","28","7","40","臺中市","大雅區","0","1","0","8","1","5","50","4","1","1","5","4","5","7","1","1","10","5","5","2","16","25","4","11","3","4","F03","7","21","8","20","11","15","","25","25","2","22","9","F03","24.225774","120.645905","2"
"2019","8","28","7","45","臺中市","大甲區","0","1","0","8","1","5","40","4","1","1","5","4","5","7","4","4","5","5","5","2","16","6","2","9","1","4","C03","7","9","1","10","2","11","","6","6","1","9","1","C03","24.34846","120.616316","2"
"2019","8","28","7","49","臺中市","北屯區","0","1","0","8","1","5","50","14","9","1","5","4","5","7","4","4","1","4","5","2","16","23","2","9","1","1","C03","7","9","1","10","2","11","","23","23","1","21","8","C03","24.182424","120.704937","2"
"2019","8","28","7","51","臺中市","北屯區","0","0","0","8","","","50","","","","","","","","","","","","","","","","","","","","C03","","","1","","2","","","23","","1","5","","C03","24.169548","120.684718","3"
"2019","8","28","7","53","臺中市","潭子區","0","0","0","8","","","60","","","","","","","","","","","","","","","","","","","","C03","","","1","","2","","","7","","1","22","","C03","24.230972","120.706314","3"
"2019","8","28","7","55","臺中市","大甲區","0","1","0","8","1","5","50","4","1","1","5","4","5","7","1","1","10","5","5","2","17","6","3","10","1","1","C03","7","5","1","10","2","11","","6","6","1","4","8","C03","24.347096","120.624996","2"
"2019","8","28","8","1","臺中市","梧棲區","0","0","0","8","","","50","","","","","","","","","","","","","","","","","","","","B12","","","1","","2","","","18","","1","4","","B12","24.242526","120.54219","3"
"2019","8","28","8","5","臺中市","西區","0","1","0","8","1","5","50","4","1","1","5","4","5","7","2","1","3","2","5","2","16","42","3","10","1","1","B03","7","6","1","8","2","5","","42","42","1","22","8","B03","24.141054","120.666738","2"
"2019","8","28","8","10","臺中市","大里區","0","1","0","8","1","5","40","14","9","1","5","4","5","7","4","4","1","4","5","1","16","7","3","10","1","1","B03","7","8","1","7","2","5","","7","7","1","21","8","B03","24.101428","120.670861","2"
"2019","8","28","8","10","臺中市","清水區","0","0","0","","","","60","","","","","","","","","","","","","","","26","","","","","B03","","","1","","2","","","26","26","1","5","","B03","24.294068","120.552046","3"
"2019","8","28","8","11","臺中市","西區","0","0","0","8","","","50","","","","","","","","","","","","","","","","","","","","B03","","","1","","2","","","12","","1","22","","B03","24.145399","120.658476","3"
"2019","8","28","8","15","臺中市","北屯區","0","1","0","8","1","5","50","4","1","1","5","4","5","7","1","1","3","2","5","2","12","6","3","10","1","1","B03","7","6","1","8","2","6","","6","6","1","22","8","B03","24.172153","120.685389","2"
"2019","8","28","8","15","臺中市","西屯區","0","1","0","8","1","5","50","3","9","1","5","4","5","7","4","4","4","3","5","2","16","19","3","10","1","1","B03","7","1","1","8","2","8","","19","19","1","21","8","B03","24.15786","120.651396","2"
"2019","8","28","8","26","臺中市","北屯區","0","1","0","8","1","5","40","4","2","1","5","4","5","7","2","1","10","5","5","2","16","6","3","10","1","1","B03","7","6","1","8","2","2","","6","6","1","21","8","B03","24.164176","120.71522","2"
"2019","8","28","8","31","臺中市","西區","0","1","0","8","1","5","50","4","1","1","5","4","5","7","1","1","10","5","5","2","16","6","3","10","1","1","C03","7","6","1","10","2","12","","6","6","1","21","5","C03","24.137983","120.668688","2"
"2019","8","28","8","33","臺中市","西屯區","0","0","0","8","","","50","","","","","","","","","","","","","","","","","","","","B03","","","1","","1","","","16","","1","12","","B03","24.173213","120.637262","3"
"2019","8","28","8","35","臺中市","潭子區","0","1","0","8","1","5","50","14","9","1","5","4","5","7","4","4","4","5","5","1","13","17","2","8","1","1","C03","7","9","1","10","2","11","","17","17","1","21","8","C03","24.208098","120.673916","2"
"2019","8","28","8","44","臺中市","西區","0","2","0","8","1","5","50","4","1","1","5","4","5","7","4","4","5","5","5","2","15","6","2","9","1","1","C03","7","9","1","10","2","12","","6","6","1","22","8","C03","24.155273","120.660191","2"
"2019","8","28","8","47","臺中市","北屯區","0","0","0","8","","","50","","","","","","","","","","","","","","","","","","","","C03","","","1","","2","","","23","","1","","","C03","24.164737","120.702815","3"
"2019","8","28","8","50","臺中市","東區","0","1","0","8","1","5","40","14","9","1","5","4","5","7","4","4","10","5","5","2","14","12","3","10","1","1","B03","7","2","1","8","2","6","","12","12","1","22","8","B03","24.130995","120.687015","2"
"2019","8","28","8","51","臺中市","太平區","0","0","0","8","","","40","","","","","","","","","","","","","","","","","","","","B12","","","1","","2","","","26","","1","4","","B12","24.123013","120.714552","3"
"2019","8","28","8","55","臺中市","東勢區","0","1","0","8","1","5","60","14","9","1","5","4","5","7","1","1","1","3","4","1","13","21","2","9","1","1","C03","7","9","3","18","8","11","","21","21","1","22","9","C03","24.242583","120.833698","2"
"2019","8","28","9","0","臺中市","北屯區","0","1","0","8","1","5","50","3","1","1","5","4","5","7","4","4","10","5","5","2","17","10","3","10","1","1","B03","7","11","1","8","2","4","","10","10","1","21","8","B03","24.173211","120.681734","2"
"2019","8","28","9","5","臺中市","北屯區","0","0","0","8","","","50","","","","","","","","","","","","","","","","","","","","B03","","","1","","2","","","7","","1","5","","B03","24.172986","120.668096","3"
"2019","8","28","9","12","臺中市","大雅區","0","0","0","8","","","50","","","","","","","","","","","","","","","","","","","","A12","","","1","","2","","","12","","1","","","A12","24.230811","120.658243","3"
"2019","8","28","9","31","臺中市","大雅區","0","2","0","8","1","5","40","4","1","1","5","4","5","7","4","4","10","5","5","2","17","6","2","9","1","1","C03","7","9","1","10","2","13","","6","6","1","22","9","C03","24.22667","120.64856","2"
"2019","8","28","9","34","臺中市","西屯區","0","1","0","8","1","5","50","14","9","1","5","4","5","7","4","4","5","4","5","2","13","42","3","10","1","1","C03","7","9","1","10","2","15","","42","42","1","22","9","C03","24.16004","120.652667","2"
"2019","8","28","9","35","臺中市","北區","0","1","0","8","1","5","50","14","9","1","5","4","5","7","4","4","9","5","5","2","16","6","3","10","1","1","B03","7","5","1","8","2","2","","6","6","1","21","8","B03","24.172825","120.67653","2"
"2019","8","28","9","42","臺中市","霧峰區","0","0","0","8","1","5","70","4","2","1","5","4","5","7","2","1","1","2","4","1","12","26","3","10","1","1","A41","7","8","1","","3","5","","26","26","1","10","3","A41","24.069919","120.696721","3"
"2019","8","28","9","45","臺中市","西屯區","","","","8","","","40","","","","","","","","","","","","","","","","","","","","A05","","","1","","2","","","23","","1","22","","A05","24.158238","120.657405","3"
"2019","8","28","9","45","臺中市","大里區","0","0","0","8","","","40","","","","","","","","","","","","","","","7","","","","","B03","","","1","","2","","","44","7","1","4","","B03","24.098636","120.694135","3"
"2019","8","28","10","3","臺中市","西屯區","0","0","0","8","1","5","50","14","7","1","5","4","5","7","4","4","10","4","4","2","16","7","3","10","3","4","C03","7","7","1","10","2","14","","7","7","2","22","9","C03","24.173577","120.641023","3"
"2019","8","28","10","6","臺中市","太平區","0","0","0","8","","","40","","","","","","","","","","","","","","","","","","","","B03","","","1","","2","","","12","","1","","","B03","24.102704","120.729263","3"
"2019","8","28","10","10","臺中市","大里區","0","0","0","8","","","40","","","","","","","","","","","","","","","","","","","","B03","","","8","","10","","","44","","1","21","","B03","24.10923","120.68843","3"
"2019","8","28","10","10","臺中市","烏日區","0","0","0","8","","","40","","","","","","","","","","","","","","","","","","","","B12","","","1","","2","","","7","","1","20","","B12","24.11407","120.594866","3"
"2019","8","28","10","10","臺中市","后里區","0","1","0","8","1","5","50","15","9","1","5","4","5","7","4","4","5","5","4","2","12","10","3","10","1","1","B03","7","11","1","8","2","7","","10","10","1","4","3","B03","24.31091","120.71821","2"
"2019","8","28","10","16","臺中市","梧棲區","0","0","0","8","","","40","","","","","","","","","","","","","","","","","","","","B12","","","1","","2","","","23","","1","10","","B12","24.249213","120.538096","4"
"2019","8","28","10","19","臺中市","中區","0","0","0","8","","","50","","","","","","","","","","","","","","","","","","","","","","","7","","11","","","43","","1","","","","24.141599","120.683612","3"
"2019","8","28","10","20","臺中市","大甲區","0","0","0","8","","","50","","","","","","","","","","","","","","","","","","","","B03","","","1","","2","","","23","","1","","","B03","24.34397","120.624143","3"
"2019","8","28","10","38","臺中市","西屯區","0","2","0","8","1","5","50","14","7","1","5","4","5","7","4","4","1","4","4","2","16","43","2","9","1","1","C03","7","7","3","18","2","12","","43","43","1","21","8","C03","24.200711","120.655135","2"
"2019","8","28","10","39","臺中市","西屯區","0","1","0","8","1","5","50","4","1","1","5","4","5","7","1","1","9","4","4","2","12","8","2","8","1","1","C03","7","5","1","10","2","14","","8","8","1","12","8","C03","24.164132","120.635986","2"
"2019","8","28","10","42","臺中市","北屯區","0","0","0","8","","","50","","","","","","","","","","","","","","","","","","","","B03","","","1","","2","","","23","","1","","","B03","24.176952","120.676711","3"
"2019","8","28","10","44","臺中市","西屯區","","","","8","","","40","","","","","","","","","","","","","","","","","","","","B03","","","1","","2","","","23","","1","22","","B03","24.196265","120.660701","3"
"2019","8","28","10","50","臺中市","西屯區","0","1","0","8","1","5","50","4","1","1","5","4","5","7","3","1","10","5","5","2","16","6","3","10","1","1","B12","7","6","1","8","2","6","","6","6","1","21","8","B12","24.178616","120.61863","2"
"2019","8","28","10","57","臺中市","西屯區","0","0","0","8","","","40","","","","","","","","","","","","","","","","","","","","B03","","","1","","2","","","19","","1","22","","B03","24.17981","120.615515","3"
"2019","8","28","11","0","臺中市","沙鹿區","0","0","0","8","","","60","","","","","","","","","","","","","","","","","","","","A41","","","1","","2","","","43","","1","10","","A41","24.251878","120.575865","4"
"2019","8","28","11","2","臺中市","潭子區","0","0","0","8","","","60","","","","","","","","","","","","","","","17","","","","","B03","","","1","","2","","","44","17","","21","","B03","24.199418","120.715691","3"
"2019","8","28","11","8","臺中市","沙鹿區","0","0","0","","","","","","","","","","","","","","","","","","","","","","","","A32","","","1","","2","","","12","","1","","","A32","","","3"
"2019","8","28","11","11","臺中市","北屯區","0","1","0","8","1","5","50","4","1","1","5","4","5","7","2","1","10","5","5","2","16","6","3","10","1","1","B03","7","6","1","8","2","5","","6","6","1","5","8","B03","24.172408","120.685471","2"
"2019","8","28","11","21","臺中市","西區","0","1","0","8","1","5","50","4","1","1","5","4","5","7","4","4","10","5","5","2","18","23","2","9","1","1","C03","7","9","1","10","2","14","","23","23","1","19","7","C03","24.156166","120.656638","2"
"2019","8","28","11","30","臺中市","清水區","0","2","0","8","1","5","50","4","1","1","5","4","5","7","4","4","10","5","5","2","15","6","2","3","1","1","B03","7","9","3","18","2","1","","6","6","1","5","5","B03","24.268779","120.535374","2"
"2019","8","28","11","40","臺中市","烏日區","0","0","0","8","","","40","","","","","","","","","","","","","","","","","","","","B12","","","1","","2","","","23","","1","","","B12","24.084996","120.638439","3"
"2019","8","28","11","41","臺中市","北屯區","0","0","0","8","","","50","","","","","","","","","","","","","","","","","","","","B12","","","1","","2","","","23","","1","","","B12","24.162878","120.691434","3"
"2019","8","28","11","48","臺中市","西區","0","1","0","8","1","5","50","3","2","1","5","4","5","7","4","4","5","4","4","2","17","43","3","10","1","1","B03","7","9","1","8","2","5","","43","43","1","22","9","B03","24.159855","120.658905","2"
"2019","8","28","11","50","臺中市","北屯區","0","1","0","8","1","5","50","4","1","1","5","4","5","7","4","4","10","5","5","2","15","6","2","9","1","1","C03","7","9","1","10","2","11","","6","6","1","21","8","C03","24.185225","120.701171","2"
"2019","8","28","11","50","臺中市","大甲區","0","0","0","8","","","40","","","","","","","","","","","","","","","","","","","","B12","","","1","","2","","","12","","1","10","","B12","24.34397","120.624143","3"
"2019","8","28","11","54","臺中市","西屯區","0","0","0","8","","","50","","","","","","","","","","","","","","","","","","","","B03","","","1","","2","","","6","","1","","","B03","24.169763","120.66679","3"
"2019","8","28","11","58","臺中市","西區","0","0","0","8","","","50","","","","","","","","","","","","","","","","","","","","B03","","","1","","2","","","19","","1","22","","B03","24.136971","120.674593","3"
"2019","8","28","11","59","臺中市","神岡區","0","1","0","8","1","5","40","4","2","1","5","4","5","7","4","4","10","5","5","1","16","6","2","9","1","1","C03","7","9","1","10","2","11","12","6","6","1","9","1","C03","24.246766","120.644","2"
"2019","8","28","12","0","臺中市","西屯區","0","1","0","8","1","5","50","3","1","1","5","4","5","7","4","4","10","5","5","2","18","43","2","9","1","1","C03","7","9","1","10","2","14","","43","43","1","21","8","C03","24.175222","120.649365","2"
"2019","8","28","12","7","臺中市","西屯區","0","1","0","8","1","5","40","14","8","1","5","4","5","7","4","4","1","4","4","2","14","12","3","10","1","1","B03","7","2","1","8","2","6","","12","12","1","12","8","B03","24.163766","120.648014","2"
"2019","8","28","12","13","臺中市","梧棲區","0","1","0","8","1","5","50","4","1","1","5","4","5","7","4","4","10","5","5","2","17","43","3","10","1","1","B12","7","9","1","8","2","15","","43","43","1","20","8","B12","24.258364","120.532977","2"
"2019","8","28","12","13","臺中市","大甲區","0","1","0","8","1","5","50","4","1","1","5","4","5","7","4","4","10","5","5","2","17","43","2","9","1","1","C03","7","9","1","10","2","12","","43","43","1","4","8","C03","24.402063","120.653921","2"
"2019","8","28","12","21","臺中市","太平區","0","0","0","8","","","50","","","","","","","","","","","","","","","","","","","","A02","","","1","","2","","","23","","1","10","","A02","24.145707","120.734121","3"
"2019","8","28","12","24","臺中市","北區","0","0","0","","","","","","","","","","","","","","","","","","","","","","","","B03","","","1","","2","","","23","","1","21","","B03","24.146247","120.68624","3"
"2019","8","28","12","51","臺中市","烏日區","0","0","0","8","","","50","","","","","","","","","","","","","","","23","","","","","A04","","","1","","2","","","44","23","1","","","A04","24.105583","120.616811","3"
"2019","8","28","13","3","臺中市","潭子區","0","1","0","8","1","5","50","4","1","1","5","4","5","7","1","1","10","5","5","2","16","17","3","10","1","1","C03","7","9","1","10","2","12","","17","17","1","21","8","C03","24.216286","120.683768","2"
"2019","8","28","13","5","臺中市","清水區","0","1","0","8","1","5","40","3","1","1","5","4","5","7","4","4","10","5","5","2","16","6","2","9","1","1","C03","7","5","3","18","2","11","","6","6","1","22","8","C03","24.283018","120.573048","2"
"2019","8","28","13","10","臺中市","太平區","0","0","0","8","","","40","","","","","","","","","","","","","","","","","","","","B12","","","1","","2","","","50","","1","21","","B12","24.133173","120.735975","3"
"2019","8","28","13","10","臺中市","潭子區","0","1","0","8","1","5","50","14","13","1","5","4","5","7","4","4","5","4","5","1","13","23","3","10","1","1","C03","7","9","1","10","2","11","","23","23","1","22","8","C03","24.19991","120.722168","2"
"2019","8","28","13","13","臺中市","北屯區","0","2","0","8","1","5","50","3","1","1","5","4","5","7","1","1","10","5","5","2","12","44","3","10","1","1","B12","7","9","1","7","2","2","","44","44","1","21","8","B12","24.201296","120.665362","2"
"2019","8","28","13","20","臺中市","霧峰區","0","1","0","8","1","5","40","3","1","1","5","4","5","7","4","4","1","5","5","2","12","16","3","10","1","1","C03","7","9","1","9","2","11","","16","16","1","21","8","C03","24.068473","120.661983","2"
"2019","8","28","13","21","臺中市","西區","0","0","0","8","","","0","","","","","","","","","","","","","","","","","","","","A12","","","1","","2","","","12","","1","11","","A12","","","3"
"2019","8","28","13","26","臺中市","南區","0","0","0","8","1","5","50","14","7","1","5","4","5","7","2","1","2","4","4","2","13","16","3","10","1","1","B03","7","9","1","8","2","1","","16","16","1","21","8","B03","24.119661","120.679293","3"
"2019","8","28","13","34","臺中市","大肚區","0","2","0","8","1","5","50","3","1","1","5","4","5","7","1","1","10","5","5","2","17","25","2","9","1","4","C03","7","9","1","10","2","11","","25","25","1","22","8","C03","24.160735","120.574463","2"
"2019","8","28","13","39","臺中市","潭子區","0","1","0","8","1","5","50","14","9","1","5","4","5","7","4","4","5","2","5","1","16","10","3","10","1","1","B03","7","11","5","8","2","2","","10","10","1","22","8","B03","24.192283","120.718838","2"
"2019","8","28","14","0","臺中市","北區","0","0","0","8","","","50","","","","","","","","","","","","","","","43","","","","","","","","7","19","11","15","","43","43","","","","","24.172156","120.66942","3"
"2019","8","28","14","1","臺中市","北屯區","0","2","0","8","1","5","40","4","1","1","5","4","5","7","4","4","10","5","5","2","15","4","2","9","1","1","C03","7","9","1","10","2","11","14","4","4","1","5","8","C03","24.164878","120.693597","2"
"2019","8","28","14","1","臺中市","西屯區","0","1","0","8","1","5","40","14","8","1","5","4","5","7","4","4","5","4","4","2","16","42","3","10","3","4","B03","7","15","1","10","2","8","","42","42","1","22","8","B03","24.166089","120.647126","2"
"2019","8","28","14","15","臺中市","豐原區","0","0","0","8","","","50","","","","","","","","","","","","","","","","","","","","B03","","","1","","2","","","19","","1","12","","B03","24.256768","120.728463","3"
"2019","8","28","14","17","臺中市","南區","0","0","0","","","","","","","","","","","","","","","","","","","","","","","","B12","","","1","","2","","","12","","1","","","B12","24.110916","120.657713","3"
"2019","8","28","14","18","臺中市","太平區","0","0","0","8","","","50","","","","","","","","","","","","","","","","","","","","B02","","","1","","2","","","23","","1","21","","B02","24.139031","120.710576","3"
"2019","8","28","14","29","臺中市","西屯區","0","1","0","8","1","5","50","4","1","1","5","4","5","7","4","4","9","4","5","2","17","42","2","9","1","1","C03","7","6","1","10","2","12","","42","42","1","12","8","C03","24.157177","120.639699","2"
"2019","8","28","14","29","臺中市","烏日區","0","0","0","8","","","40","","","","","","","","","","","","","","","","","","","","B12","","","1","","2","","","26","","1","21","","B12","24.11682","120.640546","3"
"2019","8","28","14","33","臺中市","西屯區","0","1","0","8","1","5","50","14","9","1","5","4","5","7","4","4","1","4","5","2","16","6","3","10","1","1","B03","7","6","1","8","2","6","","6","6","1","21","8","B03","24.156654","120.646836","2"
"2019","8","28","14","52","臺中市","西屯區","0","1","0","8","1","5","50","14","7","1","5","4","5","7","1","1","3","2","4","2","13","16","2","9","1","1","C03","7","9","1","10","2","14","","16","16","1","22","9","C03","24.206701","120.65854","2"
"2019","8","28","14","52","臺中市","西屯區","0","0","0","8","","","60","","","","","","","","","","","","","","","23","","","","","A41","","","1","","2","","","23","23","1","22","","A41","24.178278","120.625126","3"
"2019","8","28","15","0","臺中市","大肚區","0","1","0","8","1","5","50","11","9","1","5","4","5","7","4","4","4","4","5","1","12","26","2","9","1","1","C03","7","9","1","10","2","14","","26","26","1","18","8","C03","24.160782","120.556841","2"
"2019","8","28","15","7","臺中市","太平區","0","0","0","8","","","50","","","","","","","","","","","","","","","","","","","","B03","","","1","","2","","","16","","1","4","","B03","24.144048","120.711971","3"
"2019","8","28","15","10","臺中市","西區","0","0","0","8","","","50","","","","","","","","","","","","","","","","3","","","","B03","","","1","","2","","","12","","","21","","B03","24.137312","120.664115","3"
"2019","8","28","15","17","臺中市","豐原區","0","0","0","8","1","5","50","14","8","1","5","4","5","7","4","4","5","2","4","2","17","19","3","10","1","1","B12","7","1","1","8","9","7","","19","19","1","21","8","B12","24.24576","120.71466","3"
"2019","8","28","15","19","臺中市","清水區","0","2","0","8","1","5","50","3","1","1","5","4","5","7","4","4","10","5","5","2","16","26","2","9","1","1","C03","7","9","1","10","2","12","","26","26","1","21","8","C03","24.270769","120.558832","2"
"2019","8","28","15","20","臺中市","大里區","0","1","0","8","1","5","40","14","9","1","5","4","4","7","4","4","10","5","5","2","17","40","3","10","1","1","B03","7","13","1","8","2","4","","40","40","1","5","8","B03","24.106714","120.697334","2"
"2019","8","28","15","22","臺中市","豐原區","0","0","0","8","","","30","","","","","","","","","","","","","","","","","","","","B03","","","1","","2","","","16","","1","4","","B03","24.265771","120.744118","3"
"2019","8","28","15","25","臺中市","大里區","0","0","0","8","","","50","","","","","","","","","","","","","","","","","","","","B03","","","1","","2","","","16","","1","12","","B03","24.096812","120.663129","3"
"2019","8","28","15","30","臺中市","西屯區","0","0","0","8","","","50","","","","","","","","","","","","","","","","","","","","B03","","","1","","2","","","43","","1","21","","B03","24.201051","120.65667","3"
"2019","8","28","15","31","臺中市","潭子區","0","1","0","8","1","5","50","14","8","1","5","4","5","7","4","4","5","4","4","2","16","42","2","8","1","1","C03","7","9","1","10","2","12","","42","42","1","21","8","C03","24.222285","120.694365","2"
"2019","8","28","15","35","臺中市","霧峰區","0","0","0","8","1","5","40","3","1","1","5","4","5","7","4","4","10","5","5","1","13","16","3","10","1","1","C03","7","9","3","18","2","11","","16","16","1","5","8","C03","24.065479","120.675299","3"
"2019","8","28","15","35","臺中市","梧棲區","0","0","0","8","","","70","","","","","","","","","","","","","","","","","","","","B03","","","1","","2","","","23","","1","2","","B03","24.252451","120.529658","3"
"2019","8","28","15","36","臺中市","北屯區","0","0","0","8","","","50","","","","","","","","","","","","","","","","","","","","B03","","","1","","2","","","23","","1","","","B03","24.200878","120.677736","3"
"2019","8","28","15","40","臺中市","西區","0","0","0","8","","","50","","","","","","","","","","","","","","","","","","","","B02","","","1","","2","","","23","","1","22","","B02","24.155586","120.662523","3"
"2019","8","28","15","41","臺中市","北屯區","0","0","0","8","","","40","","","","","","","","","","","","","","","","","","","","B12","","","1","","2","","","12","","1","21","","B12","24.176009","120.670654","3"
"2019","8","28","15","45","臺中市","西區","0","1","0","8","1","5","50","4","1","1","5","4","5","7","4","4","10","5","5","2","16","6","3","10","1","1","B01","7","5","1","8","2","8","","6","6","1","5","5","B01","24.139289","120.663853","2"
"2019","8","28","15","55","臺中市","西區","0","1","0","8","1","5","50","14","9","1","4","4","5","6","4","4","5","4","5","2","16","7","2","8","1","1","C03","7","7","1","10","2","14","","7","7","1","21","5","C03","24.14675","120.662152","2"
"2019","8","28","15","55","臺中市","西區","0","1","0","8","1","5","50","4","1","1","5","4","5","7","4","4","10","5","5","2","15","6","2","9","1","1","C03","7","9","1","10","2","12","","6","6","1","22","9","C03","24.146493","120.673473","2"
"2019","8","28","16","8","臺中市","北區","0","0","0","8","1","5","50","14","9","1","5","4","5","7","4","4","10","5","5","2","14","","","","","","B12","","","1","","2","","","12","","1","22","","B12","24.155516","120.66576","3"
"2019","8","28","16","15","臺中市","沙鹿區","0","1","0","8","1","5","50","11","9","1","5","4","5","7","4","4","5","5","5","2","18","23","2","9","1","1","C03","7","9","1","10","2","12","","23","23","1","18","8","C03","24.197606","120.573195","2"
"2019","8","28","16","15","臺中市","清水區","0","0","0","8","1","5","50","4","","","","","","","","","","","","","","12","","","","","B03","","","1","","2","","","12","12","1","21","","B03","24.282838","120.573081","3"
"2019","8","28","16","33","臺中市","沙鹿區","0","0","0","8","","","50","","","","","","","","","","","","","","","","","","","","B03","","","1","","2","","","42","","1","","","B03","24.234982","120.566293","4"
"2019","8","28","16","36","臺中市","西區","0","0","0","8","","","40","","","","","","","","","","","","","","","","","","","","C03","","","1","","2","","","23","","1","22","","C03","","","3"
"2019","8","28","16","37","臺中市","龍井區","0","1","0","8","1","5","40","3","1","1","5","4","5","7","4","4","10","5","5","2","16","8","3","10","1","1","B03","7","5","1","8","2","8","","8","8","1","22","8","B03","24.182695","120.57818","2"
"2019","8","28","16","45","臺中市","西區","0","1","0","8","1","5","50","14","8","1","5","4","5","7","4","4","5","5","4","2","17","19","3","10","1","1","B03","7","1","3","18","2","8","","19","19","1","5","5","B03","24.153407","120.655056","2"
"2019","8","28","16","45","臺中市","神岡區","0","0","0","8","","","50","","","","","","","","","","","","","","","","","","","","B03","","","1","","2","","","19","","1","21","","B03","24.265505","120.657961","3"
"2019","8","28","16","54","臺中市","大雅區","0","0","0","8","","","50","","","","","","","","","","","","","","","","","","","","B03","","","1","","2","","","18","","1","22","","B03","24.221205","120.653014","3"
"2019","8","28","17","0","臺中市","中區","0","2","0","8","1","5","50","11","9","1","5","4","5","7","4","4","9","4","5","2","17","16","2","3","1","1","C03","7","7","1","10","2","11","","16","16","1","22","9","C03","24.13648","120.683905","2"
"2019","8","28","17","4","臺中市","后里區","0","0","0","8","1","5","50","14","13","1","5","4","5","7","4","4","5","5","4","1","29","67","","","","","","","","8","","10","","","67","67","1","","","","24.313568","120.69472","4"
"2019","8","28","17","10","臺中市","大里區","0","3","0","8","1","5","60","14","7","1","5","4","5","7","4","4","1","4","4","2","13","7","2","9","1","1","C03","7","8","4","8","2","11","","7","7","1","20","8","C03","24.103738","120.669533","2"
"2019","8","28","17","10","臺中市","大甲區","0","1","0","8","1","5","50","14","9","1","5","4","5","7","4","4","5","5","5","1","17","19","3","10","1","3","B03","7","1","1","8","2","5","","19","19","1","5","8","B03","24.365735","120.680664","2"
"2019","8","28","17","14","臺中市","南區","0","1","0","8","1","5","50","4","1","1","5","4","5","7","2","1","3","5","5","2","16","6","3","10","1","1","B03","7","6","1","8","2","2","","6","6","1","4","5","B03","24.126966","120.67914","2"
"2019","8","28","17","14","臺中市","太平區","0","1","0","8","1","5","50","4","1","1","5","4","5","7","1","1","10","5","5","2","18","25","2","9","3","4","C03","7","9","1","10","2","12","","25","25","1","9","8","C03","24.142687","120.721249","2"
"2019","8","28","17","15","臺中市","東區","0","0","0","","","","","","","","","","","","","","","","","","","","","","","","B03","","","1","","2","","","23","","1","22","","B03","24.129603","120.706298","3"
"2019","8","28","17","15","臺中市","大里區","0","1","0","8","2","5","50","4","1","1","5","4","5","7","1","1","10","5","5","2","16","23","3","10","1","1","B03","7","5","1","8","2","4","","23","23","1","12","8","B03","24.113569","120.676281","2"
"2019","8","28","17","15","臺中市","大雅區","0","2","0","8","1","5","40","4","1","1","5","4","5","7","1","1","1","4","4","1","17","10","2","7","1","1","C03","7","11","1","10","2","14","","10","10","1","21","8","C03","24.239845","120.631391","2"
"2019","8","28","17","19","臺中市","東勢區","0","0","0","8","","","50","","","","","","","","","","","","","","","","","","","","A02","","","1","","2","","","10","","1","22","","A02","24.205141","120.839365","3"