"年","月","日","時","分","縣市","區","死","受傷","2-30","天候","光線","道路類別","速限","道路型態","事故位置","路面鋪裝","路面狀態","路面缺陷","障礙物","視距","號誌種類","號誌動作","分向設施","快車道或一般車道間","快慢車道間","路面邊線","事故類型及型態","主要肇因","受傷程度","主要傷處","保護裝備","行動電話","當事者區分(類別)","車輛用途","當事者行動狀態","駕駛資格情形","駕駛執照種類","飲酒情形","車輛撞擊部位最初","車輛撞擊部位其他","肇事因素個別","肇事因素主要","肇事逃逸","職業","旅次目的","車種","GPS座標(緯度)","GPS座標(經度)","事故類別"
"2019","8","28","17","20","臺中市","東勢區","0","1","0","8","1","5","50","3","2","1","5","4","5","7","1","1","1","3","4","1","16","42","2","7","1","1","C03","7","5","1","10","2","14","","42","42","1","22","9","C03","24.2444","120.833104","2"
"2019","8","28","17","23","臺中市","西屯區","0","1","0","8","1","5","50","14","9","1","5","4","5","7","4","4","1","4","5","2","16","9","3","10","3","4","B03","7","6","1","8","2","6","","9","9","1","21","8","B03","24.171503","120.660219","2"
"2019","8","28","17","28","臺中市","西屯區","0","0","0","8","","","40","","","","","","","","","","","","","","","","","","","","B12","","","1","","2","","","16","","1","","","B12","24.164692","120.629927","3"
"2019","8","28","17","29","臺中市","神岡區","0","0","0","8","","","60","","","","","","","","","","","","","","","","","","","","B03","","","1","","2","","","23","","1","22","","B03","24.233412","120.696058","3"
"2019","8","28","17","35","臺中市","梧棲區","0","0","0","8","","","50","","","","","","","","","","","","","","","","","","","","B12","","","1","","2","","","23","","","","","B12","24.257291","120.531605","3"
"2019","8","28","17","40","臺中市","烏日區","0","1","0","8","1","5","50","3","1","1","5","4","5","7","4","4","10","5","5","2","16","9","3","10","1","1","B12","7","6","1","8","2","2","","9","9","1","21","8","B12","24.107741","120.602991","2"
"2019","8","28","17","49","臺中市","后里區","0","1","0","8","1","5","50","3","1","1","5","4","5","7","1","1","5","5","5","2","9","23","3","10","1","1","B03","7","9","1","8","2","1","","23","23","1","4","1","B03","24.312281","120.723216","2"
"2019","8","28","17","55","臺中市","南屯區","0","1","0","8","3","5","50","4","1","1","5","4","5","7","4","4","10","5","5","2","17","23","2","9","3","4","C03","7","5","1","10","2","14","","23","23","1","22","9","C03","24.11651","120.620522","2"
"2019","8","28","18","14","臺中市","清水區","0","2","0","8","2","5","40","3","1","1","5","4","5","7","4","4","10","5","5","2","16","6","2","9","1","1","C04","7","5","3","18","2","11","","6","6","1","21","8","C04","24.288097","120.572707","2"
"2019","8","28","18","17","臺中市","西區","0","2","0","8","3","5","50","4","1","1","5","4","5","7","1","1","10","5","5","2","13","23","2","9","1","1","C03","7","9","1","10","2","11","","23","23","1","21","8","C03","24.135907","120.682179","2"
"2019","8","28","18","22","臺中市","大雅區","0","1","0","8","2","5","50","5","1","1","5","4","5","7","1","1","10","4","5","1","16","6","3","10","1","1","B03","7","6","1","8","2","2","","6","6","1","22","9","B03","24.21806","120.648953","2"
"2019","8","28","18","23","臺中市","北屯區","0","1","0","8","3","5","50","3","1","1","5","4","5","7","1","1","10","5","5","2","16","43","2","9","1","1","C03","7","9","1","10","2","15","","43","43","1","21","8","C03","24.197953","120.686328","2"
"2019","8","28","18","26","臺中市","北屯區","0","1","0","8","3","5","50","3","1","1","5","4","5","7","1","1","10","5","5","2","16","9","3","10","1","1","B03","7","6","1","8","2","5","","9","9","1","22","8","B03","24.200478","120.670911","2"
"2019","8","28","18","38","臺中市","太平區","0","1","0","8","3","5","50","4","2","1","5","4","5","7","1","1","5","4","4","1","16","10","3","10","1","1","B03","7","11","1","8","2","4","","10","10","1","21","8","B03","24.128915","120.718076","2"
"2019","8","28","18","40","臺中市","大里區","0","0","0","8","","","50","","","","","","","","","","","","","","","6","","","","","B03","","","1","","2","","","6","6","1","8","","B03","24.106588","120.688075","3"
"2019","8","28","18","40","臺中市","大里區","0","0","0","8","","","40","","","","","","","","","","","","","","","","","","","","C04","","","1","","2","","","16","","1","12","","C04","24.098075","120.703763","3"
"2019","8","28","18","41","臺中市","西區","0","0","0","8","","","50","","","","","","","","","","","","","","","","","","","","B03","","","1","","2","","","23","","1","","","B03","24.148416","120.672396","4"
"2019","8","28","18","47","臺中市","南區","0","0","0","8","","","50","","","","","","","","","","","","","","","","3","","","","B03","","","1","","2","","","23","","1","21","","B03","24.12664","120.66287","3"
"2019","8","28","18","48","臺中市","西屯區","0","2","0","8","3","5","50","4","2","1","5","4","5","7","4","4","10","5","5","2","17","19","2","7","3","4","C03","7","1","1","10","2","11","","19","19","1","22","8","C03","24.169571","120.66218","2"
"2019","8","28","18","56","臺中市","大里區","0","0","0","8","","","50","","","","","","","","","","","","","","","","","","","","C02","","","1","","2","","","42","","1","21","","C02","24.115558","120.67915","3"
"2019","8","28","19","0","臺中市","南屯區","0","1","0","8","3","5","50","14","7","1","5","4","5","7","4","4","10","4","5","2","17","6","3","10","1","1","B03","7","5","1","8","2","15","","6","6","1","21","8","B03","24.141841","120.643022","2"
"2019","8","28","19","1","臺中市","北區","0","0","0","8","","","50","","","","","","","","","","","","","","","","","","","","B02","","","1","","2","","","23","","1","","","B02","24.1631","120.669904","3"
"2019","8","28","19","1","臺中市","烏日區","0","1","0","8","3","5","40","3","2","1","5","4","5","7","4","4","10","5","5","2","17","14","2","9","1","1","C03","7","9","1","10","2","11","","14","14","1","21","8","C03","24.116865","120.605513","2"
"2019","8","28","19","5","臺中市","清水區","0","1","0","8","3","5","50","5","2","1","5","4","5","7","4","4","10","4","5","2","12","17","2","9","1","1","C03","7","9","1","10","2","14","","17","17","1","5","1","C03","24.262595","120.573285","2"
"2019","8","28","19","15","臺中市","東區","0","0","0","8","","","50","","","","","","","","","","","","","","","","","","","","C03","","","1","","2","","","23","","1","22","","C03","24.134509","120.682967","3"
"2019","8","28","19","20","臺中市","西屯區","0","0","0","8","","","50","","","","","","","","","","","","","","","23","","","","","B03","","","1","","2","","","23","23","1","","","B03","24.16556","120.647067","3"
"2019","8","28","19","20","臺中市","大雅區","0","2","0","8","4","5","50","4","1","1","5","4","5","7","4","4","5","4","5","1","12","23","2","8","1","1","C03","7","9","1","10","2","11","","23","23","1","22","9","C03","24.225399","120.651916","2"
"2019","8","28","19","23","臺中市","烏日區","0","0","0","8","","","30","","","","","","","","","","","","","","","19","","","","","B03","","","1","","2","","","7","19","1","22","","B03","24.114208","120.616702","3"
"2019","8","28","19","28","臺中市","大雅區","0","3","0","8","3","5","50","4","1","1","5","4","5","7","4","4","5","5","5","1","13","16","2","7","1","1","C03","7","9","1","10","2","11","","16","16","1","21","8","C03","24.213902","120.66082","2"
"2019","8","28","19","34","臺中市","西屯區","0","1","0","8","2","5","50","14","7","1","5","4","5","7","4","4","5","4","4","2","16","26","3","10","1","1","B03","7","11","1","7","2","5","","26","26","1","21","8","B03","24.192993","120.611596","2"
"2019","8","28","19","44","臺中市","西屯區","0","1","0","8","3","5","40","4","2","1","5","4","5","7","4","4","10","5","5","2","17","23","3","10","1","1","B12","7","6","1","8","2","5","","23","23","1","10","8","B12","24.166996","120.65697","2"
"2019","8","28","19","50","臺中市","神岡區","0","0","0","8","","","40","","","","","","","","","","","","","","","","","","","","B02","","","1","","2","","","23","","1","21","","B02","24.251686","120.673036","3"
"2019","8","28","19","55","臺中市","南屯區","0","1","0","8","1","5","50","4","1","1","5","4","5","7","2","1","10","5","5","2","16","25","3","10","3","4","B03","7","5","1","8","2","5","","25","25","1","22","9","B03","24.145185","120.623005","2"
"2019","8","28","20","1","臺中市","神岡區","0","0","0","8","","","50","","","","","","","","","","","","","","","","","","","","B03","","","1","","2","","","6","","1","22","","B03","24.258968","120.658623","3"
"2019","8","28","20","5","臺中市","西區","0","2","0","8","3","5","50","4","1","1","5","4","5","7","1","1","10","5","5","2","16","6","2","9","1","1","C04","7","5","1","8","2","12","","6","6","1","21","8","C04","24.136488","120.667071","2"
"2019","8","28","20","10","臺中市","南屯區","0","0","0","8","","","40","","","","","","","","4","","","","","","","12","3","","","","B12","","","1","","2","","","12","12","1","21","","B12","24.140671","120.645312","3"
"2019","8","28","20","13","臺中市","西屯區","0","1","0","8","3","5","50","4","2","1","5","4","5","7","4","4","10","5","5","2","16","43","2","7","3","4","C03","7","7","1","10","2","15","","43","43","1","22","8","C03","24.161935","120.658732","2"
"2019","8","28","20","21","臺中市","西屯區","0","1","0","8","3","5","50","4","1","1","5","4","5","7","4","4","10","5","5","2","16","6","3","10","3","4","B03","7","6","1","8","2","4","","6","6","1","22","9","B03","24.1751","120.622597","2"
"2019","8","28","20","30","臺中市","大里區","0","1","0","8","3","5","50","4","2","1","5","4","5","7","1","1","1","4","5","1","16","26","3","10","1","1","C03","7","9","3","18","2","11","","26","26","1","6","8","C03","24.1162","120.679521","2"
"2019","8","28","20","50","臺中市","后里區","0","1","0","8","3","5","50","4","2","1","5","4","5","7","2","1","1","4","4","1","21","23","2","9","1","1","C03","7","9","1","10","2","11","","23","23","1","5","8","C03","24.294883","120.676972","2"
"2019","8","28","20","53","臺中市","北區","0","1","0","8","3","5","50","3","2","1","5","4","5","7","4","4","10","5","5","2","16","10","2","9","1","1","C03","7","11","1","10","2","12","","10","10","1","22","8","C03","24.149767","120.675588","2"
"2019","8","28","20","55","臺中市","大里區","0","2","0","8","3","5","50","14","9","1","5","4","5","7","4","4","9","4","5","1","3","23","2","8","1","1","C03","7","9","1","10","2","11","","23","23","1","18","8","C03","24.086899","120.708885","2"
"2019","8","28","21","5","臺中市","外埔區","0","0","0","8","3","5","50","4","2","1","5","4","5","7","3","1","4","4","5","1","12","42","3","10","1","1","B03","7","9","1","8","2","5","","42","42","1","21","8","B03","24.317323","120.671911","3"
"2019","8","28","21","14","臺中市","東區","0","1","0","8","3","5","50","14","7","1","5","4","5","7","4","4","5","4","4","2","13","23","3","10","1","1","B03","7","6","1","8","2","1","","23","23","1","4","5","B03","24.145718","120.699509","2"
"2019","8","28","21","30","臺中市","潭子區","0","2","0","8","3","5","50","14","9","1","5","4","5","6","4","4","5","5","5","1","3","23","2","9","1","1","C03","7","9","3","18","2","14","","23","23","1","22","9","C03","24.210665","120.710429","2"
"2019","8","28","21","49","臺中市","北區","0","1","0","8","3","5","50","4","7","1","5","4","5","7","2","1","8","3","4","2","13","23","2","7","1","1","C03","7","9","1","10","2","11","","23","23","1","22","8","C03","24.161444","120.692403","2"
"2019","8","28","21","55","臺中市","南屯區","0","0","0","8","","","40","","","","","","","","","","","","","","","","","","","","B11","","","1","","2","","","23","","1","22","","B11","24.138419","120.620293","3"
"2019","8","28","22","7","臺中市","大雅區","0","2","0","8","3","5","40","4","1","1","5","4","5","7","4","4","5","5","5","2","15","6","3","10","1","1","C03","7","9","1","10","2","12","","6","6","1","22","8","C03","24.223364","120.648431","2"
"2019","8","28","22","27","臺中市","南屯區","0","1","0","8","3","5","50","14","9","1","5","4","5","7","4","4","1","2","5","2","13","16","2","7","3","4","C03","7","9","1","10","2","11","","16","16","1","22","9","C03","24.150994","120.652689","2"
"2019","8","28","22","30","臺中市","沙鹿區","0","1","0","8","3","5","50","4","2","1","5","4","5","7","4","4","9","5","5","2","17","42","3","10","1","1","B03","7","5","1","8","2","8","","42","42","1","19","8","B03","24.23006","120.57023","2"
"2019","8","28","22","52","臺中市","西屯區","0","2","0","8","3","5","50","3","1","1","5","4","5","7","4","4","5","5","5","2","16","43","2","9","3","4","C03","7","5","1","10","2","13","","43","43","1","21","8","C03","24.166343","120.644256","2"
"2019","8","28","23","10","臺中市","后里區","0","1","0","8","3","5","50","4","2","1","5","4","5","7","3","1","1","4","4","1","15","6","3","10","1","1","B03","7","9","1","8","2","5","","6","6","1","20","8","B03","24.304274","120.722069","2"
"2019","8","28","23","45","臺中市","大里區","0","1","0","8","3","5","50","14","9","1","5","4","5","7","4","4","1","4","5","1","12","7","3","10","1","1","A11","7","7","1","1","2","8","","7","7","1","10","4","A11","24.102315","120.682063","2"
"2019","8","29","1","8","臺中市","梧棲區","0","1","0","8","3","5","50","4","1","1","5","4","5","7","3","1","1","3","4","1","23","43","2","1","1","1","B03","7","5","1","8","7","8","","43","43","1","9","8","B03","24.239623","120.549783","2"
"2019","8","29","3","58","臺中市","潭子區","0","0","0","8","","","50","","","","","","","","","","","","","","","","","","","","A11","","","1","","2","","","19","","1","22","","A11","24.231274","120.708139","3"
"2019","8","29","6","25","臺中市","南區","0","0","0","8","","","50","","","","","","","","","","","","","","","","","","","","B03","","","1","","2","","","23","","1","4","","B03","24.120912","120.662249","3"
"2019","8","29","6","40","臺中市","潭子區","0","1","0","8","2","5","50","3","1","1","5","4","5","7","1","1","10","5","5","2","16","25","3","10","1","1","B03","7","1","1","8","2","3","","25","25","1","22","8","B03","24.223061","120.689729","2"
"2019","8","29","6","48","臺中市","西區","0","1","0","8","1","5","50","4","2","1","5","4","5","7","4","4","10","5","5","2","17","42","2","9","1","1","C03","7","6","1","10","2","11","","42","42","1","22","1","C03","24.138837","120.667426","2"
"2019","8","29","7","22","臺中市","大里區","0","2","0","8","1","5","50","3","1","1","5","4","5","7","4","4","10","5","5","2","17","23","2","7","1","1","C03","7","9","1","10","2","11","","23","23","1","21","9","C03","24.090959","120.694219","2"
"2019","8","29","7","30","臺中市","中區","0","1","0","8","1","5","50","14","7","1","5","4","5","7","4","4","2","4","4","2","13","16","2","8","1","1","C03","7","9","1","10","2","11","","16","16","1","21","8","C03","24.145752","120.682416","2"
"2019","8","29","7","40","臺中市","大雅區","0","1","0","8","1","5","60","4","2","1","5","4","5","7","2","1","3","4","4","1","12","7","2","9","1","1","C03","7","8","1","10","2","12","","7","7","1","22","9","C03","24.225524","120.645278","2"
"2019","8","29","7","46","臺中市","大里區","0","2","0","8","1","5","50","3","1","1","5","4","5","7","3","1","5","5","5","2","2","23","2","9","1","1","C03","7","9","1","10","2","11","","23","23","1","4","5","C03","24.105995","120.704364","2"
"2019","8","29","7","50","臺中市","梧棲區","0","1","0","8","1","5","60","4","2","1","5","4","5","7","1","1","10","5","5","2","16","25","2","8","4","1","F03","7","9","8","20","2","16","","25","25","1","20","8","F03","24.249862","120.536391","2"
"2019","8","29","7","50","臺中市","神岡區","0","1","0","8","1","5","50","3","1","1","5","4","5","7","4","4","5","5","5","1","16","6","3","10","1","1","B03","7","5","1","8","2","5","","6","6","1","21","1","B03","24.241855","120.68981","2"
"2019","8","29","7","59","臺中市","大雅區","0","2","0","8","1","5","50","14","9","1","5","4","5","7","4","4","5","5","5","1","17","10","2","8","1","1","C03","7","11","1","10","2","14","","10","10","1","21","8","C03","24.223598","120.653602","2"
"2019","8","29","8","0","臺中市","西區","0","0","0","8","","","50","","","","","","","","","","","","","","","","","","","","B03","","","1","","2","","","17","","1","21","","B03","24.135398","120.658695","3"
"2019","8","29","8","7","臺中市","潭子區","0","0","0","8","1","5","40","14","9","1","5","4","5","7","4","4","10","5","5","2","12","23","","","","","B03","","","1","","2","","","23","23","1","22","","B03","24.216847","120.693185","3"
"2019","8","29","8","10","臺中市","北區","0","1","0","8","1","5","50","4","1","1","5","4","5","7","1","1","5","4","5","2","12","26","3","10","1","1","B03","7","6","1","8","2","2","","26","26","1","21","8","B03","24.164569","120.664255","2"
"2019","8","29","8","10","臺中市","神岡區","0","1","0","8","1","5","50","3","1","1","5","4","5","7","4","4","5","5","5","1","16","40","3","10","1","1","B03","7","13","1","8","2","4","","40","40","1","21","8","B03","24.243893","120.682881","2"
"2019","8","29","8","22","臺中市","西區","0","1","0","8","1","5","50","4","1","1","5","4","5","7","4","4","10","5","5","2","15","6","2","9","1","1","C04","7","9","1","10","2","11","","6","6","1","21","5","C04","24.147856","120.670907","2"
"2019","8","29","8","22","臺中市","潭子區","0","0","0","8","","","50","","","","","","","","","","","","","","","","","","","","B12","","","1","","2","","","23","","1","22","","B12","24.22365","120.712922","3"
"2019","8","29","8","27","臺中市","西屯區","0","1","0","8","1","5","50","4","1","1","5","4","5","7","1","1","5","5","5","2","13","43","2","7","1","1","C03","7","5","1","10","2","15","","43","43","1","22","9","C03","24.170038","120.595167","2"
"2019","8","29","8","30","臺中市","西屯區","0","0","0","8","1","5","50","14","7","1","5","4","5","7","1","1","10","4","4","2","16","7","3","10","3","4","B03","7","14","1","8","2","8","","7","7","1","22","9","B03","24.17127","120.659411","3"
"2019","8","29","8","32","臺中市","北區","0","1","0","8","1","5","50","4","1","1","5","4","5","7","1","1","10","5","5","2","17","4","2","9","1","1","C03","7","9","1","10","2","11","12","4","4","1","22","9","C03","24.158176","120.680984","2"
"2019","8","29","8","32","臺中市","北屯區","0","1","0","8","1","5","50","14","9","1","5","4","5","7","4","4","1","4","5","2","12","23","2","9","1","1","C03","7","9","1","10","3","14","","23","23","1","21","8","C03","24.171497","120.69203","2"
"2019","8","29","8","33","臺中市","東勢區","0","0","0","8","1","5","40","14","9","1","5","4","5","7","4","4","10","5","5","2","29","","","","","","B11","","","1","","1","","","43","","1","6","","B11","24.259203","120.82768","4"
"2019","8","29","8","35","臺中市","大里區","0","1","0","8","1","5","50","4","3","1","5","4","5","7","1","1","10","5","5","2","16","9","3","10","1","1","C03","7","6","2","18","2","12","","9","9","1","16","8","C03","24.088328","120.69608","2"
"2019","8","29","8","41","臺中市","大雅區","0","0","0","8","","","50","","","","","","","","","","","","","","","","","","","","B12","","","1","","2","","","16","","1","","","B12","24.220333","120.65631","3"
"2019","8","29","8","51","臺中市","北區","0","0","0","8","","","50","","","","","","","","","","","","","","","","","","","","B03","","","1","","2","","","12","","","22","","B03","24.151893","120.680888","3"
"2019","8","29","8","52","臺中市","大里區","0","2","0","8","1","5","40","4","1","1","5","4","5","7","1","1","10","5","5","2","13","16","2","9","1","1","C03","7","9","1","10","2","14","","16","16","1","18","9","C03","24.111089","120.696958","2"
"2019","8","29","8","55","臺中市","潭子區","0","0","0","8","","","50","","","","","","","","","","","","","","","","","","","","B12","","","1","","2","","","23","","1","22","","B12","24.18748","120.702327","3"
"2019","8","29","9","10","臺中市","西區","0","1","0","8","1","5","50","4","1","1","5","4","5","7","1","1","5","5","5","2","16","6","3","10","1","1","B03","7","5","1","8","2","1","","6","6","1","22","8","B03","24.13515","120.665654","2"
"2019","8","29","9","19","臺中市","北區","0","0","0","8","","","50","","","","","","","","","","","","","","","","3","","","","B12","","","1","","2","","","12","","1","22","","B12","24.153387","120.683397","3"
"2019","8","29","9","20","臺中市","大里區","0","1","0","8","1","5","50","14","9","1","5","4","5","7","4","4","5","4","5","1","16","19","3","10","1","1","B03","7","1","1","8","2","8","","19","19","1","5","8","B03","24.101916","120.696777","2"
"2019","8","29","9","26","臺中市","北屯區","0","1","0","8","1","5","50","14","7","1","5","4","5","7","4","4","10","5","5","2","18","23","3","10","1","1","B12","7","11","1","8","2","15","","27","23","1","21","8","B12","24.190528","120.664533","2"
"2019","8","29","9","27","臺中市","西屯區","0","0","0","8","","","40","","","","","","","","","","","","","","","23","","","","","B03","","","1","","2","","","23","23","1","","","B03","24.163304","120.648065","3"
"2019","8","29","9","29","臺中市","龍井區","0","1","0","8","1","5","50","14","9","1","5","4","5","7","2","1","5","5","5","1","12","17","3","10","3","4","B03","7","4","1","8","2","2","","17","17","1","22","9","B03","24.182252","120.584217","2"
"2019","8","29","9","32","臺中市","大里區","0","2","0","8","1","5","40","4","1","1","5","4","5","7","4","4","10","5","5","1","11","6","2","8","1","1","C03","7","5","1","10","2","11","","6","6","1","4","5","C03","24.106206","120.66878","2"
"2019","8","29","9","41","臺中市","潭子區","0","1","0","8","1","5","50","14","7","1","5","4","5","7","4","4","5","5","4","1","16","1","3","10","1","1","B03","7","9","6","8","2","2","","1","1","1","22","8","B03","24.21062","120.709353","2"
"2019","8","29","9","45","臺中市","大肚區","0","0","0","","","","","","","","","","","","","","","","","","","","","","","","B03","","","1","","2","","","17","","1","22","","B03","24.16161","120.574137","3"
"2019","8","29","9","47","臺中市","太平區","0","0","0","8","","","40","","","","","","","","","","","","","","","","","","","","B03","","","1","","2","","","12","","1","21","","B03","24.13393","120.732399","3"
"2019","8","29","9","50","臺中市","西屯區","0","1","0","8","1","5","40","14","8","1","5","4","5","7","4","4","1","4","1","2","16","6","3","10","3","4","B03","7","6","1","8","2","2","","6","6","1","22","9","B03","24.164713","120.645423","2"
"2019","8","29","9","57","臺中市","西屯區","0","1","0","8","1","5","50","4","1","1","5","4","5","7","1","1","10","5","5","2","12","6","3","10","1","1","B03","7","6","1","8","2","5","","6","6","1","22","9","B03","24.158828","120.642739","2"
"2019","8","29","10","0","臺中市","大安區","0","0","0","8","","","50","","","","","","","","","","","","","","","2","","","","","B03","","","1","","2","","","2","2","1","4","","B03","24.345768","120.589608","3"
"2019","8","29","10","2","臺中市","霧峰區","0","0","0","8","","","40","","","","","","","","","","","","","","","","","","","","B03","","","1","","2","","","12","","1","21","","B03","24.065268","120.682833","3"
"2019","8","29","10","6","臺中市","潭子區","0","2","0","8","1","5","40","3","1","1","5","4","5","7","4","4","10","5","5","2","16","6","2","9","4","5","F01","7","5","8","20","2","16","","6","6","1","22","8","F01","24.208973","120.706145","2"
"2019","8","29","10","10","臺中市","北區","0","0","0","8","","","50","","","","","","","","","","","","","","","7","","","","","C03","","","1","10","2","","","7","7","1","","","C03","24.166959","120.673348","3"
"2019","8","29","10","15","臺中市","神岡區","0","0","0","8","","","40","","","","","","","","","","","","","","","17","","","","","B12","","","1","","2","","","17","17","1","21","","B12","24.242475","120.681936","3"
"2019","8","29","10","18","臺中市","北屯區","0","0","0","8","","","40","","","","","","","","","","","","","","","","","","","","B03","","","1","","2","","","19","","1","5","","B03","24.161902","120.724563","3"
"2019","8","29","10","24","臺中市","太平區","0","0","0","8","","","40","","","","","","","","","","","","","","","","","","","","B03","","","1","","11","","","12","","1","","","B03","24.157832","120.711003","3"
"2019","8","29","10","30","臺中市","北屯區","0","1","0","8","1","5","50","4","1","1","5","4","5","7","3","1","10","5","5","2","16","6","2","9","3","4","C03","7","9","1","10","2","11","","6","6","1","21","8","C03","24.196918","120.69063","2"
"2019","8","29","10","32","臺中市","大甲區","0","0","0","8","","","40","","","","","","","","","","","","","","","","","","","","B03","","","1","","2","","","10","","1","21","","B03","24.348789","120.628478","3"
"2019","8","29","10","33","臺中市","大里區","0","0","0","8","","","50","","","","","","","","","","","","","","","","","","","","B12","","","1","","2","","","12","","1","21","","B12","24.096711","120.698171","3"
"2019","8","29","10","39","臺中市","北區","0","1","0","8","1","5","50","4","1","1","5","4","1","7","4","4","5","5","5","2","15","6","2","8","1","1","C03","7","9","1","10","2","12","","6","6","1","21","8","C03","24.16396","120.66752","2"
"2019","8","29","10","42","臺中市","霧峰區","0","3","0","8","1","5","40","4","1","1","5","4","5","7","2","1","10","5","5","2","15","25","2","1","1","1","C03","7","9","1","10","2","11","","25","25","1","19","5","C03","24.066094","120.69427","2"
"2019","8","29","11","0","臺中市","梧棲區","0","2","0","8","1","5","50","3","2","1","5","4","5","7","4","4","10","5","5","1","13","16","2","9","3","4","C03","7","9","1","10","2","11","","16","16","1","21","8","C03","24.239114","120.548733","2"
"2019","8","29","11","5","臺中市","大雅區","0","4","0","8","1","5","70","3","1","1","5","4","5","7","1","1","3","4","4","1","12","25","2","9","1","1","C03","7","5","1","10","2","14","","25","25","1","22","9","C03","24.242402","120.627703","2"
"2019","8","29","11","8","臺中市","豐原區","0","0","0","8","","","50","","","","","","","","","","","","","","","","","","","","C04","","","1","","2","","","23","","1","22","","C04","24.249682","120.719139","3"
"2019","8","29","11","10","臺中市","中區","0","0","0","8","","","50","","","","","","","","","","","","","","","12","3","","","","B03","","","1","8","1","2","","23","12","1","21","8","B03","24.140681","120.678432","3"
"2019","8","29","11","13","臺中市","西區","0","0","0","8","","","50","","","","","","","","","","","","","","","","3","","","","B03","","","1","","2","","","23","","","21","","B03","24.14009","120.664395","4"
"2019","8","29","11","14","臺中市","大里區","0","0","0","8","","","50","","","","","","","","","","","","","","","","","","","","B12","","","1","","2","","","12","","1","21","","B12","24.099526","120.717468","3"
"2019","8","29","11","18","臺中市","西區","0","1","0","8","1","5","50","4","1","1","5","4","5","7","1","1","5","2","5","2","16","6","3","10","1","1","B03","7","5","1","8","2","2","","6","6","1","22","8","B03","24.1467","120.656775","2"
"2019","8","29","11","24","臺中市","大雅區","0","2","0","8","1","5","50","4","1","1","5","4","5","7","1","1","5","5","5","1","17","16","2","7","1","1","C03","7","9","1","10","2","15","","16","16","1","21","8","C03","24.221098","120.648363","2"
"2019","8","29","11","29","臺中市","大甲區","0","0","0","8","","","50","","","","","","","","","","","","","","","","","","","","B02","","","1","","2","","","16","","1","18","","B02","24.348336","120.627644","3"
"2019","8","29","11","31","臺中市","西屯區","0","0","0","8","","","50","","","","","","","","","","","","","","","","","","","","C03","","","1","","2","","","4","","1","22","","C03","24.196835","120.625185","3"
"2019","8","29","11","37","臺中市","北屯區","0","0","0","8","","","50","","","","","","","","","","","","","","","","","","","","A05","","","1","","2","","","17","","1","","","A05","24.169527","120.703657","3"
"2019","8","29","11","39","臺中市","太平區","0","1","0","8","1","5","50","3","2","1","5","4","5","7","4","4","5","5","5","1","13","23","2","9","1","1","C03","7","9","1","10","2","11","","23","23","1","4","7","C03","24.121127","120.720007","2"
"2019","8","29","11","40","臺中市","北屯區","0","2","0","8","1","5","50","4","1","1","5","4","5","7","1","1","10","5","5","2","16","42","2","9","1","1","C04","7","5","3","18","2","15","","42","42","1","21","8","C04","24.167381","120.699901","2"
"2019","8","29","11","46","臺中市","西屯區","0","1","0","8","1","5","50","14","9","1","5","4","5","7","4","4","9","4","4","2","16","26","3","10","1","1","B03","7","5","1","8","2","2","","26","26","1","12","8","B03","24.169772","120.633885","2"
"2019","8","29","11","47","臺中市","北屯區","0","0","0","8","","","50","","","","","","","","","","","","","","","","","","","","B03","","","1","","2","","","19","","1","22","","B03","24.175531","120.685905","3"
"2019","8","29","11","57","臺中市","東區","0","0","0","8","1","5","50","14","7","1","5","4","5","7","1","1","9","4","4","2","13","23","","","","","B12","","14","1","8","2","1","","23","23","1","5","","B12","24.140011","120.694431","3"
"2019","8","29","11","59","臺中市","北區","0","1","0","8","1","5","50","3","1","1","5","4","5","7","4","4","10","5","5","2","16","6","2","9","1","1","C03","7","9","1","10","2","12","12","6","6","1","22","9","C03","24.165989","120.68506","2"
"2019","8","29","12","5","臺中市","大雅區","0","0","0","8","","","60","","","","","","","","","","","","","","","","","","","","A11","","","1","","2","","","23","","1","22","","A11","24.238031","120.670455","3"
"2019","8","29","12","8","臺中市","西區","0","2","0","8","1","5","50","3","1","1","5","4","5","7","4","4","10","5","5","2","16","6","2","1","1","1","B03","7","5","1","8","2","4","","6","6","1","22","9","B03","24.133688","120.675653","2"
"2019","8","29","12","16","臺中市","北屯區","0","0","0","8","","","50","","","","","","","","","","","","","","","","","","","","B03","","","1","","2","","","16","","","22","","B03","24.161986","120.719106","3"
"2019","8","29","12","24","臺中市","北屯區","0","0","0","8","","","50","","","","","","","","","","","","","","","","","","","","B11","","","1","","2","","","42","","1","5","","B11","24.17806","120.667098","3"
"2019","8","29","12","29","臺中市","霧峰區","0","0","0","8","","","50","","","","","","","","","","","","","","","","","","","","B03","","","1","","2","","","19","","1","21","","B03","24.068747","120.699266","3"
"2019","8","29","12","32","臺中市","太平區","0","1","0","8","1","5","40","4","1","1","5","4","5","7","4","4","10","5","5","2","17","42","2","9","1","1","C03","7","9","1","10","2","14","","42","42","1","21","8","C03","24.158561","120.739686","2"
"2019","8","29","12","34","臺中市","北屯區","0","1","0","8","1","5","50","4","1","1","5","4","5","7","4","4","5","5","4","2","16","6","3","10","1","1","B02","7","5","1","8","2","8","","6","6","1","22","8","B02","24.186207","120.669151","2"
"2019","8","29","12","41","臺中市","北屯區","0","0","0","8","","","50","","","","","","","","","","","","","","","","","","","","B03","","","1","","2","","","19","","1","9","","B03","24.185","120.6861","3"
"2019","8","29","12","46","臺中市","大雅區","0","0","0","8","","","50","","","","","","","","","","","","","","","43","","","","","B03","","","1","","10","","","38","43","1","22","","B03","24.239916","120.656848","3"