"年","月","日","時","分","縣市","區","死","受傷","2-30","天候","光線","道路類別","速限","道路型態","事故位置","路面鋪裝","路面狀態","路面缺陷","障礙物","視距","號誌種類","號誌動作","分向設施","快車道或一般車道間","快慢車道間","路面邊線","事故類型及型態","主要肇因","受傷程度","主要傷處","保護裝備","行動電話","當事者區分(類別)","車輛用途","當事者行動狀態","駕駛資格情形","駕駛執照種類","飲酒情形","車輛撞擊部位最初","車輛撞擊部位其他","肇事因素個別","肇事因素主要","肇事逃逸","職業","旅次目的","車種","GPS座標(緯度)","GPS座標(經度)","事故類別"
"2019","8","29","12","48","臺中市","神岡區","0","0","0","8","","","40","","","","","","","","","","","","","","","6","","","","","B03","","","1","","2","","","6","6","1","21","","B03","24.262941","120.699068","3"
"2019","8","29","12","57","臺中市","西屯區","0","0","0","8","","","60","","","","","","","","","","","","","","","","","","","","B03","","","1","","2","","","23","","1","22","","B03","24.184208","120.608798","3"
"2019","8","29","13","1","臺中市","北屯區","0","1","0","8","1","5","50","11","9","1","5","4","5","7","4","4","5","5","5","2","11","26","2","3","1","1","C03","7","6","4","8","2","15","","23","26","1","4","8","C03","24.169536","120.717693","2"
"2019","8","29","13","5","臺中市","中區","0","1","0","8","1","5","50","14","9","1","5","4","5","7","4","4","5","4","5","2","13","23","3","10","1","1","B03","7","9","1","8","2","1","","23","23","1","21","8","B03","24.144807","120.681547","2"
"2019","8","29","13","8","臺中市","潭子區","0","0","0","8","","","50","","","","","","","","","","","","","","","","","","","","B12","","","1","","2","","","5","","1","10","","B12","24.21662","120.703725","3"
"2019","8","29","13","20","臺中市","北區","0","1","0","8","1","5","50","3","1","1","5","4","5","7","1","1","5","2","5","2","16","8","2","7","1","1","C03","7","5","1","10","2","13","","8","8","1","21","8","C03","24.148917","120.681687","2"
"2019","8","29","13","20","臺中市","大雅區","0","0","0","8","","","50","","","","","","","","","","","","","","","","","","","","C03","","","1","","2","","","23","","1","22","","C03","24.230648","120.64072","3"
"2019","8","29","13","24","臺中市","南區","0","1","0","8","1","5","50","4","5","1","5","4","5","7","1","1","9","4","4","2","29","26","2","9","1","1","B03","7","5","6","18","2","1","","26","26","1","5","8","B03","24.119206","120.671794","2"
"2019","8","29","13","26","臺中市","西屯區","0","0","0","8","","","50","","","","","","","","","","","","","","","","","","","","B03","","","1","","2","","","23","","1","22","","B03","24.170865","120.643789","3"
"2019","8","29","13","30","臺中市","大里區","0","0","0","8","","","50","","","","","","","","","","","","","","","","","","","","B03","","","1","","2","","","10","","1","4","","B03","24.116152","120.673492","3"
"2019","8","29","13","49","臺中市","新社區","0","0","0","8","","","50","","","","","","","","","","","","","","","","","","","","B03","","","1","","2","","","23","","1","5","","B03","24.238858","120.806857","3"
"2019","8","29","13","55","臺中市","大里區","0","1","0","8","1","5","50","4","1","1","5","4","5","7","1","1","10","5","5","2","16","25","2","9","1","1","C03","7","6","1","10","2","14","","25","25","1","5","8","C03","24.115557","120.692209","2"
"2019","8","29","13","58","臺中市","西區","0","0","0","8","","","50","","","","","","","","","","","","","","","","3","","","","B03","","","1","","2","","","23","","","21","","B03","24.138949","120.659159","3"
"2019","8","29","14","10","臺中市","清水區","0","2","0","8","1","5","50","4","1","1","5","4","5","7","1","1","1","4","4","2","16","23","2","1","1","1","C03","7","9","1","10","2","11","","23","23","1","22","8","C03","24.270473","120.575781","2"
"2019","8","29","14","13","臺中市","太平區","0","1","0","8","1","5","40","11","9","1","5","4","4","7","4","4","5","5","5","1","18","43","2","9","1","1","F01","7","9","8","20","2","15","","43","43","1","23","8","F01","24.076168","120.815166","2"
"2019","8","29","14","35","臺中市","西區","0","1","0","8","1","5","50","4","1","1","5","4","5","7","4","4","10","5","5","2","15","6","2","6","1","1","C03","7","9","1","10","2","12","","6","6","1","5","5","C03","24.148836","120.671048","2"
"2019","8","29","14","36","臺中市","西屯區","0","0","0","8","","","40","","","","","","","","","","","","","","","","","","","","B12","","","1","","2","","","12","","1","","","B12","24.169986","120.618439","3"
"2019","8","29","14","40","臺中市","太平區","0","2","0","8","1","5","50","3","1","1","5","4","5","7","4","4","5","5","5","2","16","6","2","9","1","1","C03","7","6","1","10","2","14","","6","6","1","21","8","C03","24.126516","120.718676","2"
"2019","8","29","14","45","臺中市","神岡區","0","2","0","8","1","5","40","3","1","1","5","4","5","7","4","4","10","5","5","1","16","6","2","9","1","1","C03","7","5","1","10","2","13","","6","6","1","22","8","C03","24.264419","120.655208","2"
"2019","8","29","14","52","臺中市","大雅區","0","0","0","8","","","50","","","","","","","","","","","","","","","","","","","","C03","","","1","","2","","","16","","1","","","C03","24.224946","120.649167","3"
"2019","8","29","14","54","臺中市","北區","0","2","0","8","1","5","50","3","1","1","5","4","5","7","1","1","10","5","5","2","12","7","2","9","1","1","C03","7","8","1","10","2","11","","7","7","1","21","8","C03","24.151722","120.688411","2"
"2019","8","29","14","57","臺中市","西區","0","1","0","8","1","5","50","14","9","1","5","4","4","6","4","4","5","5","5","2","11","1","3","10","1","1","B01","7","4","1","4","2","4","","1","1","1","21","8","B01","24.147231","120.66429","2"
"2019","8","29","15","0","臺中市","南屯區","0","0","0","8","","","50","","","","","","","","","","","","","","","","3","","","","B03","","","1","","2","","","23","","1","22","","B03","24.142075","120.625942","3"
"2019","8","29","15","1","臺中市","太平區","0","1","0","8","1","5","50","14","9","1","5","4","5","7","4","4","5","4","5","2","13","23","2","9","1","1","C03","7","9","1","10","2","11","","23","23","1","21","8","C03","24.116109","120.726099","2"
"2019","8","29","15","5","臺中市","西屯區","0","3","0","8","1","5","60","14","7","1","5","4","5","7","4","4","1","3","1","1","13","23","3","10","1","1","B03","7","9","1","8","2","1","","23","23","1","22","8","B03","24.182578","120.594495","2"
"2019","8","29","15","6","臺中市","北區","0","0","0","8","","","50","","","","","","","","","","","","","","","","","","","","B03","","","1","","2","","","26","","1","22","","B03","24.156761","120.694513","3"
"2019","8","29","15","9","臺中市","北屯區","0","1","0","8","1","5","50","3","2","1","5","4","5","7","4","4","1","2","5","2","23","23","2","9","1","1","C03","7","9","1","10","2","11","","23","23","1","22","8","C03","24.186854","120.682377","2"
"2019","8","29","15","14","臺中市","北屯區","0","1","0","8","1","5","50","4","1","1","5","4","5","7","2","1","10","5","5","2","16","6","3","10","1","1","B03","7","6","1","10","2","2","","6","6","1","5","8","B03","24.168137","120.69279","2"
"2019","8","29","15","19","臺中市","后里區","0","0","0","8","1","5","40","14","9","1","5","4","5","7","4","4","10","5","5","1","11","","","","","","B12","","","1","","2","","","17","","1","4","","B12","24.3003","120.703963","3"
"2019","8","29","15","35","臺中市","烏日區","0","0","0","8","","","50","","","","","","","","","","","","","","","","","","","","A05","","","1","","2","","","16","","1","10","","A05","24.115179","120.618871","3"
"2019","8","29","15","39","臺中市","大里區","0","0","0","8","","","50","","","","","","","","","","","","","","","","","","","","B12","","","1","","2","","","12","","1","22","","B12","24.108005","120.710531","3"
"2019","8","29","15","56","臺中市","外埔區","0","1","0","8","1","5","50","4","7","1","5","4","5","7","1","1","5","5","4","1","17","26","2","9","1","1","C03","7","11","1","10","2","11","","26","26","1","21","8","C03","24.332366","120.652558","2"
"2019","8","29","16","10","臺中市","大里區","0","0","0","8","","","50","","","","","","","","","","","","","","","","","","","","C03","","","3","","11","","","43","","2","22","","C03","24.087944","120.695767","3"
"2019","8","29","16","13","臺中市","西區","0","0","0","8","","","50","","","","","","","","","","","","","","","","","","","","B03","","","1","","2","","","23","","1","","","B03","24.157237","120.659607","4"
"2019","8","29","16","17","臺中市","西屯區","0","1","0","8","1","5","40","14","8","1","5","4","5","7","4","4","10","5","5","2","14","12","3","10","1","1","B12","7","2","1","8","2","3","","12","12","1","22","8","B12","24.202255","120.661283","2"
"2019","8","29","16","19","臺中市","后里區","0","0","0","8","1","","40","14","9","1","5","4","5","","4","4","10","","","2","14","","","","","","B03","","","1","","1","","","12","","2","20","","B03","24.305138","120.710097","3"
"2019","8","29","16","22","臺中市","西屯區","0","1","0","8","1","5","50","3","1","1","5","4","5","7","4","4","10","5","5","2","16","6","3","10","1","1","B03","7","6","1","8","2","5","","6","6","1","21","8","B03","24.183901","120.621198","2"
"2019","8","29","16","30","臺中市","西區","0","2","0","8","1","5","50","4","1","1","5","4","5","7","1","1","10","5","5","2","15","25","2","9","1","1","C03","7","9","1","10","2","14","","25","25","1","21","8","C03","24.151589","120.671824","2"
"2019","8","29","16","30","臺中市","南屯區","0","0","0","8","","","40","","","","","","","","","","","","","","","","","","","","B03","","","1","","2","","","43","","1","","","B03","24.140607","120.62266","3"
"2019","8","29","16","31","臺中市","北屯區","0","1","0","8","1","5","50","14","7","1","5","4","5","7","4","4","5","4","4","2","16","10","3","10","1","1","B03","7","11","1","8","2","7","","10","10","1","5","8","B03","24.177597","120.719397","2"
"2019","8","29","16","40","臺中市","大甲區","0","1","0","8","1","5","50","14","9","1","5","4","5","7","4","4","5","5","5","1","17","23","2","9","1","1","C03","7","9","1","10","2","11","","23","23","1","22","9","C03","24.345291","120.624637","2"
"2019","8","29","16","40","臺中市","潭子區","0","2","0","8","1","5","50","3","1","1","5","4","5","7","4","4","5","5","5","1","16","6","2","9","1","1","C03","7","5","1","10","2","11","","6","6","1","22","9","C03","24.204145","120.721596","2"
"2019","8","29","16","43","臺中市","南屯區","0","0","0","8","","","50","","","","","","","","","","","","","","","","3","","","","B03","","","1","","2","","","7","","1","22","","B03","24.151058","120.644458","3"
"2019","8","29","16","48","臺中市","北屯區","0","1","0","8","1","5","50","4","1","1","5","4","5","7","1","1","5","2","5","2","12","43","3","10","1","1","B03","7","6","1","8","2","2","","43","43","1","22","8","B03","24.185954","120.677084","2"
"2019","8","29","16","55","臺中市","龍井區","0","1","0","8","1","5","40","5","1","1","5","4","5","7","4","4","10","5","5","2","15","6","2","9","1","1","C03","7","9","1","10","2","13","","6","6","1","7","8","C03","24.177028","120.536308","2"
"2019","8","29","16","58","臺中市","東區","0","2","0","8","1","5","50","4","1","1","5","4","5","7","4","4","10","5","5","2","15","6","2","9","1","1","C03","7","9","1","10","2","13","","6","6","1","22","8","C03","24.141077","120.704418","2"
"2019","8","29","17","0","臺中市","大雅區","0","1","0","8","1","5","50","3","1","1","5","4","5","7","4","4","10","4","5","1","16","16","2","9","1","1","C03","7","9","1","10","2","14","","16","16","1","22","9","C03","24.221803","120.602227","2"
"2019","8","29","17","3","臺中市","大里區","0","1","0","8","1","5","50","4","2","1","5","4","5","7","4","4","9","2","5","1","17","26","3","10","1","1","C03","7","1","1","10","2","15","","26","26","1","22","9","C03","24.094565","120.697735","2"
"2019","8","29","17","7","臺中市","北屯區","0","1","0","8","1","5","50","4","1","1","5","4","5","7","2","1","10","5","5","2","16","6","3","10","1","1","B12","7","5","1","10","2","2","","6","6","1","5","8","B12","24.18234","120.707784","2"
"2019","8","29","17","15","臺中市","霧峰區","0","0","0","8","","","50","","","","","","","","","","","","","","","","","","","","B03","","","1","","2","","","12","","1","22","","B03","24.039678","120.7472","3"
"2019","8","29","17","20","臺中市","清水區","0","0","0","8","1","4","50","3","2","1","5","4","5","7","4","4","10","5","5","2","12","23","3","10","1","1","B03","7","8","1","8","2","2","","23","23","1","5","5","B03","24.264498","120.570392","3"
"2019","8","29","17","20","臺中市","神岡區","0","1","0","8","1","5","60","5","1","1","5","4","5","7","1","1","1","4","4","1","16","25","3","10","1","1","B03","7","6","1","8","2","5","","25","25","1","21","8","B03","24.232644","120.694701","2"
"2019","8","29","17","25","臺中市","大甲區","0","2","0","8","1","5","50","4","1","1","5","4","5","7","1","1","10","5","5","2","17","4","2","9","1","1","C03","7","9","1","10","2","12","","4","4","1","22","9","C03","24.347829","120.621515","2"
"2019","8","29","17","25","臺中市","潭子區","0","1","0","8","1","5","50","4","1","1","5","4","5","7","1","1","5","5","5","1","3","23","3","10","1","1","B03","7","5","1","8","2","8","","23","23","1","22","9","B03","24.225012","120.690261","2"
"2019","8","29","17","40","臺中市","大雅區","0","2","0","8","1","5","40","3","2","1","5","4","5","7","4","4","10","5","5","1","16","6","2","3","1","1","B03","7","6","1","8","4","7","","6","6","1","22","8","B03","24.211924","120.643346","2"
"2019","8","29","17","46","臺中市","南屯區","0","0","0","8","","","50","","","","","","","","","","","","","","","23","","","","","C03","","","1","","2","","","23","23","1","22","","C03","24.118239","120.627878","3"
"2019","8","29","17","46","臺中市","北屯區","0","0","0","8","","","50","","","","","","","","","","","","","","","","","","","","B03","","","1","","2","","","23","","1","21","","B03","24.193213","120.747204","3"
"2019","8","29","17","50","臺中市","太平區","0","1","0","8","2","5","50","3","2","1","5","4","5","7","4","4","5","4","5","2","16","26","2","8","1","1","C03","7","5","1","10","2","11","","26","26","1","18","5","C03","24.148776","120.734245","2"
"2019","8","29","17","58","臺中市","太平區","0","0","0","8","","","50","","","","","","","","","","","","","","","","","","","","B03","","","1","","2","","","23","","1","21","","B03","24.158897","120.711946","3"
"2019","8","29","18","0","臺中市","沙鹿區","0","1","0","8","1","5","70","14","8","1","5","4","5","7","4","4","10","5","5","2","16","6","3","10","1","1","B03","7","5","1","8","2","2","","6","6","1","21","8","B03","24.245886","120.609873","2"
"2019","8","29","18","3","臺中市","西屯區","0","0","0","8","","","50","","","","","","","","","","","","","","","","","","","","B03","","","1","","1","","","12","","1","21","","B03","24.198246","120.660996","3"
"2019","8","29","18","3","臺中市","西屯區","0","1","0","8","1","5","50","3","1","1","5","4","5","7","4","4","10","5","5","2","16","6","3","10","1","1","B03","7","6","1","8","2","2","","6","6","1","21","8","B03","24.187505","120.619401","2"
"2019","8","29","18","10","臺中市","大甲區","0","2","0","8","1","5","50","3","1","1","5","4","5","7","4","4","9","5","5","1","17","8","2","9","1","1","C03","7","5","1","10","2","12","","8","8","1","22","9","C03","24.354181","120.621889","2"
"2019","8","29","18","14","臺中市","西區","0","2","0","8","3","5","50","3","8","1","5","4","5","7","4","4","5","4","4","2","17","19","3","10","1","1","B02","7","1","1","8","2","1","","19","19","1","4","5","B02","24.155173","120.655907","2"
"2019","8","29","18","20","臺中市","南屯區","0","2","0","8","2","5","40","3","1","1","5","4","5","7","4","4","10","5","5","2","16","6","2","9","1","1","C03","7","5","1","10","2","11","","6","6","1","21","8","C03","24.148261","120.613653","2"
"2019","8","29","18","24","臺中市","西區","0","1","0","8","3","5","50","3","1","1","5","4","5","7","4","4","10","5","5","2","18","14","2","9","1","1","C03","7","9","1","10","2","14","","14","14","1","21","8","C03","24.150864","120.668193","2"
"2019","8","29","18","25","臺中市","大肚區","0","1","0","8","3","5","50","3","4","1","5","4","5","7","1","1","5","4","4","1","13","23","3","10","1","1","A02","7","9","1","2","2","1","","23","23","1","10","4","A02","24.146545","120.546509","2"
"2019","8","29","18","26","臺中市","西區","0","0","0","8","","","50","","","","","","","","","","","","","","","","","","","","B03","","","1","","2","","","23","","1","","","B03","24.155802","120.662651","4"
"2019","8","29","18","29","臺中市","大甲區","0","1","0","8","1","5","50","3","1","1","5","4","5","7","4","4","10","5","5","2","17","9","3","10","1","1","B03","7","6","1","8","2","2","","9","9","1","22","9","B03","24.354863","120.621862","2"
"2019","8","29","18","32","臺中市","北屯區","0","0","0","8","","","50","","","","","","","","","","","","","","","","","","","","B03","","","1","","11","","","26","","2","5","","B03","24.175883","120.699208","3"
"2019","8","29","18","35","臺中市","西屯區","0","1","0","8","1","5","80","14","7","1","5","4","5","7","4","4","1","4","1","1","13","16","3","10","1","1","B03","7","9","3","18","2","1","","16","16","1","22","8","B03","24.200743","120.663138","2"
"2019","8","29","18","40","臺中市","大里區","0","1","0","8","3","5","50","3","1","1","5","4","5","7","4","4","10","5","5","2","16","8","3","10","1","1","B03","7","5","1","8","2","8","","8","8","1","4","1","B03","24.100935","120.711293","2"
"2019","8","29","18","43","臺中市","梧棲區","0","1","0","8","3","5","50","4","1","1","5","4","5","7","4","4","10","5","5","2","16","23","3","10","1","1","B03","7","5","1","8","2","5","","23","23","1","19","8","B03","24.24655","120.534356","2"
"2019","8","29","18","45","臺中市","西區","0","2","0","8","1","5","50","14","9","1","5","4","5","7","4","4","5","4","5","2","17","6","2","9","1","1","C03","7","9","1","10","2","11","","6","6","1","22","9","C03","24.14565","120.65289","2"
"2019","8","29","18","53","臺中市","西區","0","0","0","8","3","5","50","3","2","1","5","4","5","7","1","1","9","4","4","2","12","","","","","","B03","","","1","","2","","","23","","1","4","","B03","24.134358","120.65638","3"
"2019","8","29","18","56","臺中市","東區","0","0","0","8","","","40","","","","","","","","","","","","","","","","","","","","B12","","","1","","2","","","23","","1","","","B12","24.126038","120.70125","3"
"2019","8","29","18","58","臺中市","北屯區","0","2","0","8","3","5","50","14","7","1","5","4","5","7","4","4","4","5","4","2","12","8","2","9","1","1","C03","7","5","1","10","2","14","","8","8","1","22","8","C03","24.183338","120.664588","2"
"2019","8","29","19","3","臺中市","西屯區","0","0","0","8","","","50","","","","","","","","","","","","","","","6","","","","","B12","","","1","","2","","","6","6","1","21","","B12","24.16059","120.655903","3"
"2019","8","29","19","13","臺中市","西屯區","0","1","0","8","3","5","40","14","8","1","5","4","5","7","4","4","1","4","1","2","13","23","2","9","1","1","C03","7","9","1","10","2","11","","23","23","1","21","8","C03","24.159671","120.655116","2"
"2019","8","29","19","13","臺中市","神岡區","0","1","0","8","3","5","40","3","1","1","5","4","5","7","4","4","5","5","5","2","16","6","3","10","1","1","B03","7","6","1","8","2","8","","6","6","1","3","8","B03","24.271088","120.658796","2"
"2019","8","29","19","17","臺中市","南屯區","0","0","0","8","","","50","","","","","","","","","","","","","","","","","","","","B03","","","1","","2","","","16","","1","4","","B03","24.145011","120.625762","4"
"2019","8","29","19","20","臺中市","北屯區","0","0","0","8","","","50","","","","","","","","","","","","","","","","","","","","B03","","","1","","2","","","23","","1","21","","B03","24.17946","120.688516","3"
"2019","8","29","19","23","臺中市","西屯區","0","1","0","8","3","5","40","3","2","1","5","4","5","7","4","4","10","5","5","1","9","23","3","10","1","1","B03","7","9","1","8","2","2","","23","23","2","22","8","B03","24.178833","120.644225","2"
"2019","8","29","19","25","臺中市","南區","0","0","0","8","3","5","50","14","7","1","5","4","5","7","4","4","5","4","5","2","12","23","3","10","1","1","B01","7","9","1","4","11","2","","23","23","1","10","8","B01","24.13592","120.690086","3"
"2019","8","29","19","30","臺中市","北屯區","0","1","0","8","3","5","50","5","1","1","5","4","5","7","4","4","10","5","5","2","16","6","3","10","1","1","B03","7","6","1","8","2","5","","6","6","1","21","8","B03","24.17445","120.695726","2"
"2019","8","29","19","39","臺中市","后里區","0","0","0","8","3","5","50","14","7","1","5","4","5","7","4","4","1","4","4","1","27","","","","","","","","","8","","10","","","66","","1","","","","24.314669","120.68798","3"
"2019","8","29","19","41","臺中市","南區","0","0","0","8","","","50","","","","","","","","","","","","","","","","","","","","B03","","","1","","2","","","19","","1","5","","B03","24.126404","120.683118","3"
"2019","8","29","19","45","臺中市","烏日區","0","0","0","8","","","30","","","","","","","","","","","","","","","","","","","","B03","","","1","","2","","","7","","1","21","","B03","24.112103","120.615732","3"
"2019","8","29","19","59","臺中市","南屯區","0","2","0","8","3","5","50","4","18","1","5","4","5","7","1","1","9","4","5","2","3","23","2","9","1","1","C03","7","9","1","10","2","12","","23","23","1","22","8","C03","24.146593","120.636515","2"
"2019","8","29","20","9","臺中市","中區","0","1","0","8","1","5","50","5","3","1","5","4","5","7","1","1","10","5","5","2","17","23","2","9","1","1","C03","7","9","1","10","2","11","","23","23","1","22","9","C03","24.144577","120.681796","2"
"2019","8","29","20","14","臺中市","神岡區","0","0","0","8","","","50","","","","","","","","","","","","","","","","","","","","B02","","","1","","2","","","25","","1","22","","B02","24.255845","120.656534","3"
"2019","8","29","20","16","臺中市","大里區","0","1","0","8","3","5","50","14","9","1","5","4","5","7","4","4","9","5","5","1","16","6","3","10","3","4","B03","7","5","1","8","2","1","","6","6","1","3","8","B03","24.087457","120.702491","2"
"2019","8","29","20","33","臺中市","潭子區","0","0","0","8","","","50","","","","","","","","","","","","","","","","","","","","B12","","","1","","2","","","7","","1","22","","B12","24.191022","120.702552","3"
"2019","8","29","20","38","臺中市","北屯區","0","0","0","8","","","50","","","","","","","","","","","","","","","43","","","","","A04","","","1","","2","","","44","43","1","5","","A04","24.1624","120.692839","3"
"2019","8","29","20","40","臺中市","西屯區","0","0","0","8","","","50","","","","","","","","","","","","","","","","","","","","B02","","","1","","2","","","23","","1","21","","B02","24.158968","120.629351","3"
"2019","8","29","20","45","臺中市","東區","0","2","0","8","3","5","40","4","1","1","5","4","5","7","2","1","10","5","5","2","16","8","2","8","1","1","C03","7","5","3","18","2","14","","8","8","1","22","8","C03","24.140215","120.701485","2"
"2019","8","29","20","48","臺中市","北屯區","0","1","0","8","3","5","50","4","1","1","5","4","5","7","1","1","10","5","5","2","13","13","2","9","1","1","C03","7","9","1","10","2","11","","13","13","1","22","8","C03","24.1714","120.690608","2"
"2019","8","29","20","52","臺中市","西區","0","1","0","8","3","5","50","4","1","1","5","4","5","7","2","1","10","5","5","2","16","6","3","10","1","1","B03","7","5","1","8","2","5","","6","6","1","21","8","B03","24.146708","120.661687","2"
"2019","8","29","20","56","臺中市","北屯區","0","2","0","8","1","5","50","14","9","1","5","4","5","7","4","4","5","4","5","2","13","7","2","9","1","1","C04","7","10","1","8","2","12","","7","7","1","5","8","C04","24.17032","120.698491","2"
"2019","8","29","20","56","臺中市","大雅區","0","1","0","8","3","5","50","4","2","1","5","4","5","7","1","1","5","5","4","1","16","6","3","10","1","1","B03","7","6","1","4","2","2","","6","6","1","22","8","B03","24.209322","120.644369","2"
"2019","8","29","21","0","臺中市","西區","0","0","0","8","","","50","","","","","","","","","","","","","","","","3","","","","B03","","","1","","1","","","23","","","21","","B03","24.136515","120.661307","3"
"2019","8","29","21","10","臺中市","西區","0","0","0","8","3","5","50","14","8","1","5","4","5","7","","4","5","4","4","2","17","","","","","","","","","7","","9","","","43","","1","","","","24.138032","120.670273","3"
"2019","8","29","21","13","臺中市","北屯區","0","2","0","8","3","5","50","4","1","1","5","4","5","7","4","4","10","5","5","2","15","6","2","9","1","1","C03","7","9","2","18","5","11","","6","6","1","5","8","C03","24.177825","120.682457","2"
"2019","8","29","21","28","臺中市","北屯區","0","0","0","8","","","50","","","","","","","","","","","","","","","","","","","","B03","","","1","","2","","","16","","1","22","","B03","24.165008","120.695511","3"
"2019","8","29","22","0","臺中市","潭子區","0","0","0","8","","","40","","","","","","","","","","","","","","","","","","","","B03","","","1","","2","","","23","","1","22","","B03","24.199771","120.710325","3"
"2019","8","29","22","35","臺中市","潭子區","0","0","0","8","","","50","","","","","","","","","","","","","","","","","","","","B03","","","1","","2","","","19","","1","22","","B03","24.215265","120.70939","3"
"2019","8","29","22","55","臺中市","南屯區","0","0","0","8","","","50","","","","","","","","","","","","","","","","","","","","B03","","","1","","2","","","16","","1","22","","B03","24.122847","120.627853","3"
"2019","8","30","0","9","臺中市","太平區","0","1","0","8","3","5","50","3","1","1","5","4","5","7","4","4","10","5","5","2","16","6","2","9","1","1","C03","7","5","1","10","2","11","14","6","6","1","19","5","C03","24.14192","120.716905","2"
"2019","8","30","0","17","臺中市","北區","0","1","0","8","3","5","50","14","9","1","5","2","5","7","4","4","2","4","5","2","18","13","2","9","3","4","C03","7","9","1","10","2","15","","13","13","1","5","8","C03","24.15072","120.684431","2"
"2019","8","30","0","31","臺中市","北屯區","0","1","0","8","4","5","50","4","1","1","5","4","5","7","3","1","10","5","5","2","15","6","3","10","1","1","B03","7","9","1","8","2","4","7","6","6","1","5","8","B03","24.177315","120.685106","2"
"2019","8","30","0","44","臺中市","豐原區","0","0","0","8","1","5","50","5","9","1","5","4","5","7","1","1","3","5","5","1","17","","","","","","B03","","","1","","2","","","26","","1","22","","B03","24.239962","120.711471","3"
"2019","8","30","5","23","臺中市","北屯區","0","0","0","8","","","50","","","","","","","","","","","","","","","","","","","","B03","","","1","","2","","","23","","1","5","","B03","24.164106","120.694138","3"
"2019","8","30","6","45","臺中市","霧峰區","0","1","0","8","1","5","40","14","9","1","5","4","5","7","4","4","5","4","5","1","26","26","2","9","1","1","C03","7","4","1","10","2","11","","26","26","1","5","8","C03","24.079716","120.665046","2"
"2019","8","30","7","0","臺中市","西區","0","1","0","8","1","5","50","4","1","1","5","4","5","7","4","4","10","5","5","2","15","6","2","9","1","1","C03","7","9","1","10","2","11","","6","6","1","5","8","C03","24.152318","120.653863","2"
"2019","8","30","7","0","臺中市","東區","0","1","0","8","1","5","50","5","1","1","5","4","5","7","4","4","10","5","5","2","17","42","2","9","1","1","C03","7","6","1","10","2","12","","42","42","1","22","8","C03","24.133531","120.691312","2"
"2019","8","30","7","6","臺中市","東區","0","1","0","8","1","5","40","14","8","1","5","4","5","7","4","4","1","4","4","2","14","12","3","10","1","1","B03","7","2","1","7","2","6","","12","12","1","20","5","B03","24.137408","120.696494","2"
"2019","8","30","7","6","臺中市","北屯區","0","2","0","8","1","5","40","3","1","1","5","4","5","7","4","4","10","5","5","2","16","8","2","9","1","1","F01","7","5","8","20","2","16","","8","8","1","15","8","F01","24.189777","120.659958","2"
"2019","8","30","7","7","臺中市","西屯區","0","2","0","8","1","5","40","4","1","1","5","4","5","7","4","4","10","5","5","2","15","6","2","9","1","1","C03","7","9","1","10","2","12","","6","6","1","22","8","C03","24.18153","120.641125","2"
"2019","8","30","7","10","臺中市","大雅區","0","3","0","8","1","5","50","3","2","1","5","4","5","7","1","1","5","4","5","1","16","19","2","7","1","1","C04","7","1","1","10","2","14","","19","19","1","21","8","C04","24.230513","120.657082","2"
"2019","8","30","7","13","臺中市","南屯區","0","0","0","8","","","50","","","","","","","","","","","","","","","","","","","","B03","","","1","","2","","","23","","1","","","B03","24.125091","120.631436","3"
"2019","8","30","7","15","臺中市","西屯區","0","1","0","8","1","5","40","14","9","1","5","4","5","7","4","4","10","5","5","2","13","16","2","8","3","4","C03","7","9","1","10","2","11","","16","16","1","22","8","C03","24.159651","120.638608","2"
"2019","8","30","7","15","臺中市","大里區","0","0","0","8","","","40","","","","","","","","","","","","","","","","","","","","B03","","","1","","2","","","12","","1","","","B03","24.094338","120.687069","3"
"2019","8","30","7","15","臺中市","大甲區","0","1","0","8","1","5","70","4","1","1","5","4","5","7","1","1","10","5","5","2","16","9","3","10","1","1","B03","7","6","6","8","2","5","","9","9","1","4","8","B03","24.376388","120.648501","2"
"2019","8","30","7","20","臺中市","大里區","0","1","0","8","1","5","50","3","1","1","5","4","5","7","1","1","10","5","5","2","13","23","3","10","1","1","B03","7","9","1","8","2","5","","23","23","1","21","9","B03","24.099736","120.679426","2"
"2019","8","30","7","21","臺中市","潭子區","0","2","0","8","1","5","50","14","7","1","5","4","5","7","4","4","5","4","4","2","17","26","2","9","4","5","F01","7","7","8","20","2","16","","26","26","1","22","8","F01","24.208915","120.706596","2"
"2019","8","30","7","22","臺中市","潭子區","0","0","0","8","","","50","","","","","","","","","","","","","","","","","","","","B03","","","1","","1","","","42","","1","22","","B03","24.213559","120.705192","3"
"2019","8","30","7","30","臺中市","龍井區","0","0","0","","","","","","","","","","","","","","","","","","","","","","","","B03","","","1","","2","","","17","","1","22","","B03","24.18495","120.575388","3"
"2019","8","30","7","31","臺中市","后里區","0","0","0","","","","50","","","","","","","","","","","","","","","","","","","","C03","","","1","","2","","","23","","1","21","","C03","24.324239","120.722346","3"
"2019","8","30","7","35","臺中市","神岡區","0","2","0","8","1","5","50","14","9","1","5","4","5","7","4","4","5","5","5","1","13","42","2","9","3","3","C03","7","9","1","10","2","11","","42","42","1","21","9","C03","24.269421","120.682863","2"
"2019","8","30","7","35","臺中市","大雅區","0","0","0","8","","","50","","","","","","","","","","","","","","","","","","","","B03","","","1","","2","","","23","","1","","","B03","24.241074","120.6303","3"
"2019","8","30","7","37","臺中市","霧峰區","0","1","0","8","1","5","40","14","8","1","5","4","5","7","4","4","1","4","4","1","13","16","2","9","1","1","C03","7","9","1","10","2","11","","16","16","1","4","5","C03","24.073731","120.662959","2"
"2019","8","30","7","37","臺中市","梧棲區","0","0","0","8","","","50","","","","","","","","","","","","","","","","","","","","B03","","","1","","2","","","16","","1","4","","B03","24.252698","120.538416","3"