"年","月","日","時","分","縣市","區","死","受傷","2-30","天候","光線","道路類別","速限","道路型態","事故位置","路面鋪裝","路面狀態","路面缺陷","障礙物","視距","號誌種類","號誌動作","分向設施","快車道或一般車道間","快慢車道間","路面邊線","事故類型及型態","主要肇因","受傷程度","主要傷處","保護裝備","行動電話","當事者區分(類別)","車輛用途","當事者行動狀態","駕駛資格情形","駕駛執照種類","飲酒情形","車輛撞擊部位最初","車輛撞擊部位其他","肇事因素個別","肇事因素主要","肇事逃逸","職業","旅次目的","車種","GPS座標(緯度)","GPS座標(經度)","事故類別"
"2019","8","30","7","37","臺中市","梧棲區","0","2","0","8","1","5","50","4","1","1","5","4","5","7","4","4","10","5","5","2","16","16","2","9","1","1","C03","7","9","1","10","2","12","","16","16","1","5","5","C03","24.255923","120.535637","2"
"2019","8","30","7","38","臺中市","神岡區","0","0","0","8","","","50","","","","","","","","","","","","","","","6","","","","","C03","","","1","","2","","","6","6","1","22","","C03","24.269421","120.682863","3"
"2019","8","30","7","40","臺中市","大肚區","0","0","0","","","","","","","","","","","","","","","","","","","","","","","","C03","","","1","","2","","","23","","1","3","","C03","24.118406","120.561895","3"
"2019","8","30","7","45","臺中市","大里區","0","0","0","8","1","5","40","13","9","1","5","4","5","7","4","","10","5","5","2","14","","","","","","C03","","","1","","2","","","19","","","","","C03","24.094117","120.727754","3"
"2019","8","30","7","50","臺中市","大里區","0","2","0","8","1","5","50","3","1","1","5","4","5","7","3","1","10","5","5","2","16","6","2","9","1","1","C03","7","1","1","10","2","11","","6","6","1","19","8","C03","24.084283","120.708661","2"
"2019","8","30","7","50","臺中市","太平區","0","1","0","8","1","5","50","4","1","1","5","4","5","7","1","1","10","5","5","2","16","8","3","10","1","1","B03","7","5","1","8","2","5","","8","8","1","21","8","B03","24.112212","120.730868","2"
"2019","8","30","7","50","臺中市","大肚區","0","1","0","8","1","5","40","4","1","1","5","4","5","7","4","4","10","5","5","2","15","6","3","10","1","1","B03","7","9","1","8","2","1","","6","6","1","5","1","B03","24.159095","120.53509","2"
"2019","8","30","7","57","臺中市","北屯區","0","0","0","8","","","50","","","","","","","","","","","","","","","","","","","","B12","","","1","","2","","","23","","1","5","","B12","24.17927","120.683889","3"
"2019","8","30","7","59","臺中市","北屯區","0","0","0","8","","","50","","","","","","","","","","","","","","","","","","","","B03","","","1","","2","","","16","","1","22","","B03","24.182378","120.71959","3"
"2019","8","30","8","0","臺中市","北屯區","0","0","0","8","","","50","","","","","","","","","","","","","","","","","","","","B03","","","1","","2","","","19","","1","22","","B03","24.180328","120.683955","3"
"2019","8","30","8","0","臺中市","大雅區","0","2","0","8","1","5","50","4","1","1","5","4","5","7","1","1","10","4","5","1","16","6","2","9","1","1","C03","7","5","1","10","2","11","","6","6","1","22","9","C03","24.217027","120.636542","2"
"2019","8","30","8","10","臺中市","西區","0","2","0","8","1","5","50","4","1","1","5","4","5","7","1","1","10","5","5","2","3","51","2","9","4","5","H01","8","16","8","20","10","16","","51","51","1","21","8","H01","24.149747","120.67416","2"
"2019","8","30","8","17","臺中市","西屯區","","","","8","","","50","","","","","","","","","","","","","","","","","","","","C03","","","1","","2","","","23","","1","22","","C03","24.160053","120.605655","3"
"2019","8","30","8","18","臺中市","西區","0","1","0","8","1","5","50","4","1","1","5","4","5","7","1","1","10","5","5","2","18","42","2","7","1","1","C03","7","9","1","10","2","12","","42","42","1","21","5","C03","24.148871","120.651353","2"
"2019","8","30","8","20","臺中市","西屯區","0","0","0","6","","","40","","","","","","","","","","","","","","","","","","","","B03","","","1","","2","","","23","","1","22","","B03","24.187815","120.608146","3"
"2019","8","30","8","22","臺中市","霧峰區","0","2","0","8","1","5","50","14","9","1","5","4","5","7","4","4","4","2","5","1","16","19","3","10","1","1","B03","7","1","1","6","2","5","","19","19","1","20","8","B03","24.053622","120.683847","2"
"2019","8","30","8","27","臺中市","南區","0","0","0","8","1","5","50","4","1","1","5","4","5","7","4","4","5","5","5","2","11","17","","","","","B03","","","1","","2","","","17","17","1","5","","B03","24.133517","120.656158","3"
"2019","8","30","8","28","臺中市","大里區","0","1","0","8","1","5","50","4","1","1","5","4","5","7","4","4","10","5","5","2","17","19","3","10","1","1","B03","7","1","1","8","2","8","","19","19","1","4","5","B03","24.087408","120.694263","2"
"2019","8","30","8","28","臺中市","大里區","0","0","0","8","","","50","","","","","","","","","","","","","","","","","","","","B12","","","1","","2","","","12","","1","21","","B12","24.112194","120.691134","3"
"2019","8","30","8","34","臺中市","太平區","0","0","0","8","","","50","","","","","","","","","","","","","","","","","","","","B03","","","1","","2","","","16","","1","","","B03","24.120028","120.715068","3"
"2019","8","30","8","38","臺中市","北屯區","0","1","0","8","1","5","50","14","9","1","5","4","5","7","4","4","5","5","5","2","13","42","3","10","1","1","B03","7","1","1","8","2","1","","42","42","1","5","8","B03","24.18355","120.69043","2"
"2019","8","30","8","39","臺中市","西屯區","0","0","0","8","","","50","","","","","","","","","","","","","","","","","","","","B03","","","1","","2","","","16","","1","22","","B03","24.163471","120.64789","3"
"2019","8","30","8","43","臺中市","西屯區","0","1","0","8","1","5","50","14","7","1","5","4","5","7","4","4","5","4","4","2","16","10","3","10","3","4","B03","7","11","1","8","2","8","","10","10","1","22","8","B03","24.173005","120.648703","2"
"2019","8","30","8","45","臺中市","南屯區","0","0","0","8","","","50","","","","","","","","","","","","","","","","","","","","B03","","","1","","2","","","17","","1","","","B03","24.140006","120.62903","3"
"2019","8","30","9","2","臺中市","大雅區","0","0","0","6","","","50","","","","","","","","","","","","","","","","","","","","C03","","","1","","2","","","23","","1","","","C03","24.22326","120.644773","3"
"2019","8","30","9","13","臺中市","西屯區","0","2","0","8","1","5","50","14","9","1","5","4","5","7","4","4","5","4","5","2","16","6","2","8","3","4","C03","7","5","1","10","2","11","","6","6","1","22","9","C03","24.180013","120.619305","2"
"2019","8","30","9","24","臺中市","北區","0","1","0","8","1","5","50","14","9","1","5","4","5","7","4","4","5","5","5","2","16","26","2","9","1","1","C03","7","9","1","9","2","12","","26","26","1","22","8","C03","24.161373","120.693357","2"
"2019","8","30","9","49","臺中市","西屯區","0","1","0","8","1","5","50","14","7","1","5","4","5","7","4","4","5","4","4","2","16","19","2","9","1","1","C03","7","1","1","10","2","12","","19","19","1","22","8","C03","24.17158","120.664526","2"
"2019","8","30","9","50","臺中市","大里區","0","0","0","8","","","40","","","","","","","","","","","","","","","","","","","","B12","","","1","","2","","","16","","1","5","","B12","24.109785","120.695754","3"
"2019","8","30","9","50","臺中市","大里區","0","0","0","","","","","","","","","","","","","","","","","","","","","","","","","","","7","","11","","","67","","1","","","","24.091189","120.692293","3"
"2019","8","30","9","55","臺中市","北屯區","0","0","0","8","","","50","","","","","","","","","","","","","","","7","","","","","B03","","","1","","2","","","7","7","1","5","","B03","24.200783","120.695686","3"
"2019","8","30","9","57","臺中市","潭子區","0","1","0","8","1","5","50","3","1","1","5","4","5","7","4","4","5","5","5","2","16","6","3","10","1","1","B01","7","5","1","8","2","1","","6","6","1","22","8","B01","24.201015","120.72546","2"
"2019","8","30","10","0","臺中市","中區","0","1","0","6","1","5","50","3","1","1","4","4","5","7","4","4","10","4","5","2","13","23","2","9","1","1","C03","7","9","1","10","2","11","","23","23","1","22","8","C03","24.143216","120.675451","2"
"2019","8","30","10","15","臺中市","南屯區","0","1","0","6","1","5","50","4","1","1","4","4","5","7","1","1","5","2","4","2","16","9","3","10","1","1","B03","7","6","1","8","2","6","","9","9","1","4","8","B03","24.139895","120.621016","2"
"2019","8","30","10","15","臺中市","潭子區","0","0","0","8","","","50","","","","","","","","","","","","","","","","","","","","B03","","","1","","2","","","17","","1","22","","B03","24.203655","120.72267","3"
"2019","8","30","10","33","臺中市","北區","0","1","0","8","1","5","50","4","1","1","5","4","5","7","1","1","1","2","5","2","16","6","3","10","1","1","C03","7","8","1","10","2","12","","6","6","1","21","8","C03","24.158786","120.691082","2"
"2019","8","30","10","37","臺中市","中區","0","0","0","6","","","50","","","","","","","","","","","","","","","","","","","","G03","","","7","","2","","","42","","1","5","","G03","24.142844","120.682036","4"
"2019","8","30","10","49","臺中市","潭子區","0","0","0","8","","","50","","","","","","","","","","","","","","","","","","","","C04","","","1","","2","","","19","","1","22","","C04","24.202928","120.720249","3"
"2019","8","30","10","50","臺中市","西區","0","1","0","6","1","5","50","4","1","1","4","4","5","7","1","1","10","5","5","2","16","25","3","10","1","1","E03","7","5","1","8","2","5","","25","25","1","23","5","E03","24.133588","120.675473","2"
"2019","8","30","10","52","臺中市","北屯區","0","0","0","8","","","50","","","","","","","","","","","","","","","","","","","","B12","","","1","","2","","","23","","1","","","B12","24.174574","120.685447","3"
"2019","8","30","10","55","臺中市","大里區","0","1","0","6","1","5","50","14","11","1","4","4","5","7","4","4","1","4","4","1","18","23","2","9","1","1","C03","7","9","1","10","2","12","","23","23","1","20","8","C03","24.124396","120.68792","2"
"2019","8","30","10","57","臺中市","西屯區","0","0","0","8","","","50","","","","","","","","","","","","","","","","","","","","B03","","","1","","2","","","16","","1","22","","B03","24.171451","120.664436","3"
"2019","8","30","10","59","臺中市","烏日區","0","1","0","6","1","5","40","4","1","1","4","4","5","7","4","4","10","5","5","2","16","6","2","9","1","1","B03","7","5","1","8","2","5","","6","6","1","21","8","B03","24.063061","120.651156","2"
"2019","8","30","11","0","臺中市","烏日區","0","0","0","","","","","","","","","","","","","","","","","","","","","","","","B12","","","1","","2","","","10","","1","22","","B12","24.107566","120.611239","3"
"2019","8","30","11","6","臺中市","太平區","0","0","0","8","","","50","","","","","","","","","","","","","","","","","","","","B03","","","1","","2","","","12","","1","21","","B03","24.145178","120.73437","3"
"2019","8","30","11","12","臺中市","太平區","0","0","0","8","","","40","","","","","","","","","","","","","","","","","","","","B03","","","1","","2","","","43","","1","18","","B03","24.140195","120.730698","3"
"2019","8","30","11","13","臺中市","東區","0","0","0","","","","","","","","","","","","","","","","","","","","","","","","B12","","","1","","2","","","23","","1","","","B12","24.136013","120.696869","3"
"2019","8","30","11","33","臺中市","豐原區","0","0","0","8","","","50","","","","","","","","","","","","","","","","","","","","B03","","","1","","2","","","23","","1","21","","B03","24.26161","120.719885","3"
"2019","8","30","11","41","臺中市","西屯區","0","1","0","8","1","5","50","14","9","1","5","4","5","7","4","4","5","4","5","2","16","19","3","10","3","4","B12","7","1","1","8","2","8","","19","19","1","22","8","B12","24.181365","120.614233","2"
"2019","8","30","11","46","臺中市","大里區","0","1","0","6","1","5","50","14","9","1","4","4","5","7","4","4","8","5","5","2","11","26","3","10","1","1","B03","7","9","1","8","2","4","","26","26","1","10","5","B03","24.11049","120.701986","2"
"2019","8","30","11","50","臺中市","大雅區","0","0","0","8","","","50","","","","","","","","","","","","","","","","","","","","B03","","","1","","2","","","12","","1","22","","B03","24.221595","120.64913","4"
"2019","8","30","11","55","臺中市","霧峰區","0","0","0","8","1","5","50","15","20","1","5","4","5","7","4","4","1","4","4","1","14","12","3","10","1","1","B03","7","2","1","8","2","6","","12","12","1","5","8","B03","24.070338","120.696293","3"
"2019","8","30","12","5","臺中市","大里區","0","0","0","8","1","5","50","3","2","1","5","4","5","7","4","4","6","5","5","2","13","23","3","10","1","1","B03","7","9","1","8","2","1","","23","23","1","2","8","B03","24.103091","120.676084","3"
"2019","8","30","12","10","臺中市","潭子區","0","0","0","6","","","60","","","","","","","","","","","","","","","23","","","","","B12","","","1","","2","","","44","23","1","22","","B12","24.20901","120.705195","3"
"2019","8","30","12","15","臺中市","中區","0","0","0","8","","","40","","","","","","","","","","","","","","","","","","","","C03","","","1","","2","","","6","","1","22","","C03","24.141846","120.681748","3"
"2019","8","30","12","15","臺中市","北屯區","0","0","0","8","","","50","","","","","","","","","","","","","","","","","","","","B12","","","1","","2","","","23","","1","21","","B12","24.181794","120.723186","3"
"2019","8","30","12","17","臺中市","大安區","0","1","0","8","1","5","60","4","1","1","5","4","5","7","1","1","10","5","5","2","16","6","3","10","1","1","B03","7","6","1","8","2","2","","6","6","1","21","8","B03","24.368139","120.601957","2"
"2019","8","30","12","20","臺中市","北屯區","0","1","0","6","1","5","80","14","7","1","4","4","5","7","4","4","1","3","5","1","20","23","3","10","1","1","B03","7","8","1","8","2","1","","23","23","1","5","8","B03","24.201046","120.686098","2"
"2019","8","30","12","22","臺中市","北屯區","0","2","0","8","1","5","50","3","1","1","5","4","5","7","4","4","10","5","5","2","16","6","2","9","1","1","C03","7","5","1","10","2","15","","6","6","1","22","8","C03","24.174211","120.667775","2"
"2019","8","30","12","34","臺中市","神岡區","0","0","0","8","","","40","","","","","","","","","","","","","","","","","","","","B12","","","1","","2","","","12","","1","22","","B12","24.276512","120.653768","3"
"2019","8","30","12","35","臺中市","大里區","0","0","0","8","","","40","","","","","","","","","","","","","","","","","","","","B03","","","1","","2","","","6","","1","5","","B03","24.09215","120.693678","3"
"2019","8","30","12","43","臺中市","南區","0","1","0","8","1","5","50","4","1","1","5","4","5","7","2","1","5","5","5","2","16","27","2","9","1","1","C03","7","9","1","10","2","14","","23","27","1","22","8","C03","24.129985","120.661952","2"
"2019","8","30","12","59","臺中市","西屯區","0","1","0","8","1","5","40","14","9","1","5","4","5","7","4","4","1","4","5","2","17","23","3","10","1","1","B03","7","9","1","8","2","15","","23","23","1","22","8","B03","24.172168","120.660946","2"
"2019","8","30","13","1","臺中市","北屯區","0","0","0","8","","","50","","","","","","","","","","","","","","","","","","","","B12","","","1","","2","","","23","","1","","","B12","24.196337","120.747658","3"
"2019","8","30","13","15","臺中市","豐原區","0","0","0","8","","","40","","","","","","","","","","","","","","","","","","","","B03","","","1","","2","","","17","","1","22","","B03","24.272005","120.708746","3"
"2019","8","30","13","26","臺中市","西區","0","0","0","8","","","50","","","","","","","","","","","","","","","","","","","","B03","","","1","","2","","","16","","1","5","","B03","24.139891","120.657081","4"
"2019","8","30","13","30","臺中市","北區","0","0","0","8","","","50","","","","","","","","","","","","","","","","","","","","B03","","","1","","2","","","18","","1","21","","B03","24.151542","120.684928","3"
"2019","8","30","13","33","臺中市","北屯區","0","0","0","8","","","50","","","","","","","","","","","","","","","","","","","","B03","","","1","","2","","","42","","1","22","","B03","24.184444","120.719021","3"
"2019","8","30","13","52","臺中市","東勢區","0","0","0","6","","","50","","","","","","","","","","","","","","","","","","","","B03","","","1","","2","","","23","","1","","","B03","24.218543","120.792216","3"
"2019","8","30","14","0","臺中市","太平區","0","0","0","8","","","40","","","","","","","","","","","","","","","","","","","","B11","","","1","","2","","","9","","1","10","","B11","24.15","120.726666","3"
"2019","8","30","14","3","臺中市","南區","0","1","0","8","1","5","50","4","1","1","5","4","5","7","2","1","10","5","5","2","16","6","3","10","1","1","B03","7","6","1","5","2","2","","6","6","1","5","8","B03","24.115175","120.655211","2"
"2019","8","30","14","4","臺中市","南屯區","0","0","0","8","","","50","","","","","","","","","","","","","","","","","","","","B12","","","1","","2","","","17","","1","","","B12","24.138363","120.6521","3"
"2019","8","30","14","7","臺中市","北區","0","1","0","8","1","5","50","14","9","1","5","4","5","7","4","4","5","5","5","2","3","23","3","10","3","4","B01","7","9","1","4","2","2","2","23","23","2","10","4","B01","24.158153","120.680881","2"
"2019","8","30","14","20","臺中市","大甲區","0","0","0","8","","","50","","","","","","","","","","","","","","","","","","","","B03","","","1","","2","","","23","","1","22","","B03","24.339032","120.618267","3"
"2019","8","30","14","20","臺中市","潭子區","0","0","0","8","","","50","","","","","","","","","","","","","","","","","","","","A11","","","1","","2","","","23","","1","22","","A11","24.199589","120.703243","3"
"2019","8","30","14","26","臺中市","后里區","0","1","0","7","1","5","60","3","1","1","5","4","5","7","3","1","10","5","5","2","17","26","3","10","1","1","B12","7","5","1","7","2","1","","26","26","1","21","8","B12","24.327093","120.728531","2"
"2019","8","30","14","29","臺中市","太平區","0","0","0","8","","","50","","","","","","","","","","","","","","","","","","","","B03","","","1","","2","","","23","","1","3","","B03","24.159097","120.710521","3"
"2019","8","30","14","37","臺中市","豐原區","0","0","0","6","","","60","","","","","","","","","","","","","","","","","","","","B03","","","1","","2","","","16","","1","21","","B03","24.256383","120.706173","3"
"2019","8","30","14","40","臺中市","北屯區","0","0","0","8","","","50","","","","","","","","","","","","","","","","","","","","A02","","","1","","2","","","19","","1","10","","A02","24.187598","120.686215","3"
"2019","8","30","14","43","臺中市","大里區","0","1","0","8","1","5","50","14","7","1","5","4","5","7","4","4","9","4","4","2","12","7","3","10","1","1","B03","7","8","1","8","2","2","","7","7","1","4","5","B03","24.101407","120.683897","2"
"2019","8","30","14","50","臺中市","西屯區","0","0","0","8","","","40","","","","","","","","","","","","","","","23","","","","","B03","","","1","","2","","","23","23","1","22","","B03","24.185189","120.612661","3"
"2019","8","30","15","17","臺中市","大里區","0","2","0","8","1","5","50","14","7","1","5","4","5","7","4","4","5","5","4","2","3","23","2","9","1","1","C03","7","9","1","10","2","11","","23","23","1","20","8","C03","24.111838","120.693139","2"
"2019","8","30","15","24","臺中市","神岡區","0","0","0","6","","","50","","","","","","","","","","","","","","","","","","","","B03","","","1","","2","","","12","","1","3","","B03","24.260991","120.657401","3"
"2019","8","30","15","34","臺中市","大雅區","0","0","0","6","","","50","","","","","","","","","","","","","","","","","","","","B03","","","1","","2","","","17","","1","22","","B03","24.222362","120.646674","4"
"2019","8","30","15","34","臺中市","豐原區","0","0","0","6","","","50","","","","","","","","","","","","","","","","","","","","C03","","","1","","2","","","23","","1","22","","C03","24.237593","120.7106","3"
"2019","8","30","15","34","臺中市","大雅區","0","0","0","6","","","50","","","","","","","","","","","","","","","","","","","","B03","","","1","","2","","","7","","1","","","B03","24.23795","120.670291","3"
"2019","8","30","15","45","臺中市","大里區","0","2","0","8","1","5","50","14","9","1","5","4","4","7","4","4","9","5","5","1","27","66","","","","","","","","","","","","","66","66","1","","","","24.080146","120.697633","2"
"2019","8","30","15","45","臺中市","潭子區","0","0","0","6","","","50","","","","","","","","","","","","","","","","","","","","C03","","","1","","2","","","16","","1","22","","C03","24.210461","120.710382","3"
"2019","8","30","15","47","臺中市","烏日區","0","1","0","6","1","5","60","4","1","1","4","4","5","6","2","1","10","5","5","2","15","25","3","10","1","1","B03","7","9","1","8","2","5","","25","25","1","5","8","B03","24.064351","120.646745","2"
"2019","8","30","15","52","臺中市","豐原區","0","0","0","6","","","50","","","","","","","","","","","","","","","","","","","","B03","","","1","","2","","","23","","1","21","","B03","24.244256","120.720475","3"
"2019","8","30","16","0","臺中市","神岡區","0","0","0","6","","","50","","","","","","","","","","","","","","","","","","","","B03","","","1","","2","","","16","","1","22","","B03","24.261946","120.703931","3"
"2019","8","30","16","5","臺中市","神岡區","0","0","0","6","","","40","","","","","","","","","","","","","","","","","","","","B12","","","1","","2","","","40","","1","9","","B12","24.24526","120.697346","3"
"2019","8","30","16","10","臺中市","南屯區","0","1","0","7","1","5","50","3","1","1","5","4","5","7","4","4","10","5","5","2","16","6","3","10","1","1","B12","7","5","1","8","2","5","","6","6","1","21","8","B12","24.137055","120.637156","2"
"2019","8","30","16","12","臺中市","西屯區","0","0","0","6","","","50","","","","","","","","","","","","","","","","","","","","B03","","","1","","2","","","12","","1","22","","B03","24.164376","120.649329","3"
"2019","8","30","16","12","臺中市","神岡區","0","1","0","6","1","5","50","4","1","1","4","4","5","7","3","1","5","4","4","2","17","6","3","10","1","1","B03","7","5","1","8","2","15","","6","6","1","22","8","B03","24.258469","120.71094","2"
"2019","8","30","16","19","臺中市","西區","0","0","0","8","","","50","","","","","","","","","","","","","","","23","3","","","","B12","","","1","","2","","","23","23","","5","","B12","24.156971","120.661097","3"
"2019","8","30","16","19","臺中市","北屯區","0","0","0","8","","","50","","","","","","","","","","","","","","","","","","","","B03","","","1","","2","","","12","","1","22","","B03","24.160169","120.722441","3"
"2019","8","30","16","29","臺中市","梧棲區","0","1","0","6","1","5","40","3","1","1","4","4","5","7","1","1","10","5","5","2","16","44","2","7","1","1","C03","7","9","1","10","2","11","","23","44","1","3","8","C03","24.242196","120.556548","2"
"2019","8","30","16","33","臺中市","北屯區","0","0","0","8","","","50","","","","","","","","","","","","","","","","","","","","B01","","","1","","2","","","23","","1","5","","B01","24.177173","120.73108","3"
"2019","8","30","16","34","臺中市","潭子區","0","1","0","7","1","5","50","3","2","1","4","4","5","7","1","1","5","4","5","2","11","23","2","9","1","1","C03","7","9","1","10","2","15","","23","23","1","22","8","C03","24.220254","120.692321","2"
"2019","8","30","16","34","臺中市","潭子區","0","0","0","8","","","50","","","","","","","","","","","","","","","","","","","","B12","","","1","","2","","","7","","1","22","","B12","24.207006","120.711348","3"
"2019","8","30","16","35","臺中市","北屯區","0","0","0","8","","","40","","","","","","","","","","","","","","","","","","","","B12","","","1","","2","","","23","","1","21","","B12","24.17412","120.696688","3"
"2019","8","30","16","40","臺中市","潭子區","0","0","0","8","","","50","","","","","","","","","","","","","","","44","","","","","B03","","","1","","2","","","16","44","1","22","","B03","24.216842","120.699807","3"
"2019","8","30","16","43","臺中市","潭子區","0","1","0","6","1","5","50","4","1","1","4","4","5","7","2","1","3","4","4","2","16","9","3","10","1","1","B03","7","6","1","8","2","5","","9","9","1","20","8","B03","24.216066","120.688498","2"
"2019","8","30","16","45","臺中市","西區","0","0","0","","","","","","","","","","","","","","","","","","","","","","","","B12","","","1","","11","","","17","","2","10","","B12","24.135899","120.682212","3"
"2019","8","30","16","45","臺中市","西屯區","0","1","0","6","1","5","50","14","8","1","4","4","5","7","4","4","1","3","1","1","13","23","3","10","1","1","B03","7","9","1","8","2","5","","23","23","1","22","8","B03","24.169603","120.631701","2"
"2019","8","30","16","45","臺中市","大雅區","0","0","0","6","","","50","","","","","","","","","","","","","","","","","","","","B03","","","1","","2","","","6","","1","","","B03","24.233079","120.668466","3"
"2019","8","30","16","46","臺中市","西區","0","1","0","6","1","5","50","4","1","1","4","4","5","7","1","1","10","5","5","2","16","6","3","10","1","1","B03","7","5","1","8","2","2","","6","6","1","21","8","B03","24.146685","120.655139","2"
"2019","8","30","16","50","臺中市","西屯區","0","0","0","8","","","60","","","","","","","","","","","","","","","","","","","","B03","","","1","","2","","","23","","1","22","","B03","24.184478","120.610078","3"
"2019","8","30","16","55","臺中市","太平區","0","1","0","8","1","5","50","3","1","1","5","4","5","7","4","4","5","4","5","1","16","6","3","10","1","1","B03","7","6","1","8","2","2","","6","6","1","21","8","B03","24.134523","120.727793","2"
"2019","8","30","16","59","臺中市","西區","0","1","0","6","1","5","40","4","1","1","4","4","5","7","4","4","10","5","5","2","15","6","2","9","1","1","C03","7","9","1","10","2","11","","6","6","1","21","8","C03","24.15467","120.656801","2"
"2019","8","30","16","59","臺中市","后里區","0","1","0","6","1","5","60","8","11","1","4","4","5","7","4","4","1","2","4","1","17","26","2","9","1","1","C03","7","9","1","10","2","12","","42","26","1","21","8","C03","24.283144","120.72255","2"
"2019","8","30","17","1","臺中市","北區","0","2","0","6","1","5","50","4","2","1","4","4","5","7","2","1","10","4","5","2","16","9","3","10","1","1","B03","7","6","1","8","2","5","2","9","9","1","22","8","B03","24.1532","120.6825","2"
"2019","8","30","17","6","臺中市","東區","0","1","0","8","1","5","50","4","1","1","5","4","4","7","4","4","10","5","5","2","15","6","3","10","1","1","B03","7","9","1","8","2","1","","6","6","1","20","5","B03","24.150938","120.696764","2"
"2019","8","30","17","13","臺中市","西屯區","0","0","0","8","","","50","","","","","","","","","","","","","","","","","","","","B03","","","1","","2","","","6","","1","22","","B03","24.171278","120.64828","3"
"2019","8","30","17","13","臺中市","沙鹿區","0","2","0","8","1","5","50","4","1","1","5","4","5","7","4","4","10","5","5","2","16","8","3","10","1","1","B03","7","5","1","8","2","1","","8","8","1","22","9","B03","24.229694","120.570887","2"
"2019","8","30","17","20","臺中市","和平區","0","0","0","6","1","2","30","11","9","1","4","4","5","1","4","4","10","5","5","1","11","17","","","","","B03","","","1","","2","","","17","17","1","5","","B03","24.324207","121.304311","3"
"2019","8","30","17","22","臺中市","龍井區","0","2","0","8","1","5","40","4","1","1","5","4","5","7","4","4","10","5","5","2","15","6","2","9","1","1","C03","7","9","1","10","2","11","","6","6","1","21","8","C03","24.217849","120.532192","2"
"2019","8","30","17","23","臺中市","霧峰區","0","2","0","8","2","5","50","14","9","1","5","4","5","7","4","4","9","4","5","1","13","23","2","9","1","1","C03","7","9","1","10","2","11","","23","23","1","18","8","C03","24.057703","120.691255","2"
"2019","8","30","17","25","臺中市","大里區","0","1","0","8","1","5","40","14","7","1","5","4","5","7","4","4","1","4","5","1","13","23","2","9","1","1","C03","7","9","1","10","2","11","","23","23","1","9","1","C03","24.105556","120.693693","2"
"2019","8","30","17","26","臺中市","西屯區","0","1","0","8","1","5","50","14","9","1","5","4","5","7","4","4","8","3","4","1","17","4","3","10","1","1","C03","7","15","1","10","2","11","","4","4","1","22","8","C03","24.164528","120.654358","2"
"2019","8","30","17","26","臺中市","清水區","0","0","0","8","","","50","","","","","","","","","","","","","","","","","","","","B03","","","1","","2","","","10","","","21","","B03","24.269041","120.536559","3"
"2019","8","30","17","27","臺中市","西屯區","0","0","0","8","","","50","","","","","","","","","","","","","","","","","","","","B03","","","1","","2","","","7","","1","22","","B03","24.171236","120.660486","3"
"2019","8","30","17","28","臺中市","南區","0","1","0","6","2","5","40","4","1","1","4","4","5","7","1","1","10","5","5","2","17","7","3","10","1","1","C03","7","8","1","10","2","13","","7","7","1","21","8","C03","24.130085","120.657464","2"
"2019","8","30","17","30","臺中市","東區","0","0","0","8","","","50","","","","","","","","","","","","","","","","","","","","B03","","","1","","2","","","8","","1","","","B03","24.142643","120.69566","3"
"2019","8","30","17","33","臺中市","潭子區","0","1","0","8","2","5","40","14","12","1","5","4","5","7","4","4","1","4","4","1","17","42","3","10","3","4","B12","7","13","1","8","9","15","","42","42","1","22","8","B12","24.216003","120.682703","2"
"2019","8","30","17","36","臺中市","南區","0","1","0","8","1","5","50","5","1","1","5","4","5","7","1","1","10","5","5","2","16","6","3","10","1","1","B03","7","5","1","8","2","5","","6","6","1","17","5","B03","24.150906","120.69664","2"
"2019","8","30","17","40","臺中市","南屯區","0","1","0","7","1","5","50","4","1","1","4","2","5","7","4","4","10","5","5","2","17","6","3","10","1","1","B03","7","5","1","15","2","15","","6","6","1","22","8","B03","24.130405","120.648376","2"
"2019","8","30","17","40","臺中市","大里區","0","0","0","8","","","50","","","","","","","","","","","","","","","17","","","","","B03","","","1","","2","","","17","17","1","12","","B03","24.118398","120.689478","3"
"2019","8","30","17","43","臺中市","北屯區","0","1","0","8","2","5","50","4","1","1","5","4","5","7","1","1","10","5","5","2","16","6","3","10","1","1","B12","7","6","1","8","2","5","","6","6","1","22","8","B12","24.171496","120.728425","2"
"2019","8","30","17","49","臺中市","霧峰區","0","0","0","8","","","80","","","","","","","","","","","","","","","","","","","","B03","","","1","","2","","","23","","1","22","","B03","24.054403","120.683908","3"
"2019","8","30","17","50","臺中市","太平區","0","2","0","8","1","5","50","3","1","1","5","4","5","7","1","1","10","5","5","2","16","6","2","8","1","1","C03","7","5","1","10","2","12","","6","6","1","5","8","C03","24.121666","120.734166","2"
"2019","8","30","17","54","臺中市","豐原區","0","0","0","8","1","5","50","5","9","1","5","4","5","7","1","1","3","5","5","2","17","","","","","","A05","","","1","","2","","","8","","1","10","","A05","24.228401","120.692786","3"
"2019","8","30","17","57","臺中市","西區","0","1","0","8","1","5","50","3","2","1","5","4","5","7","1","1","5","2","5","2","17","42","2","8","1","1","C03","7","5","2","18","2","13","","42","42","1","21","5","C03","24.14674","120.667616","2"