"年","月","日","時","分","縣市","區","死","受傷","2-30","天候","光線","道路類別","速限","道路型態","事故位置","路面鋪裝","路面狀態","路面缺陷","障礙物","視距","號誌種類","號誌動作","分向設施","快車道或一般車道間","快慢車道間","路面邊線","事故類型及型態","主要肇因","受傷程度","主要傷處","保護裝備","行動電話","當事者區分(類別)","車輛用途","當事者行動狀態","駕駛資格情形","駕駛執照種類","飲酒情形","車輛撞擊部位最初","車輛撞擊部位其他","肇事因素個別","肇事因素主要","肇事逃逸","職業","旅次目的","車種","GPS座標(緯度)","GPS座標(經度)","事故類別"
"2019","8","30","17","57","臺中市","北屯區","0","1","0","8","1","5","50","14","7","1","5","4","5","7","4","4","7","5","4","2","17","19","3","10","1","1","C03","7","1","1","10","2","15","","19","19","1","5","8","C03","24.192232","120.681518","2"
"2019","8","30","17","57","臺中市","梧棲區","0","0","0","8","","","50","","","","","","","","","","","","","","","","","","","","B03","","","1","","2","","","6","","1","","","B03","24.241641","120.547085","3"
"2019","8","30","17","58","臺中市","豐原區","0","0","0","8","","","50","","","","","","","","","","","","","","","","","","","","B03","","","1","","2","","","23","","","","","B03","24.2454","120.70865","3"
"2019","8","30","18","0","臺中市","北屯區","0","0","0","8","","","50","","","","","","","","","","","","","","","","","","","","B11","","","1","","2","","","23","","1","4","","B11","24.185908","120.718718","3"
"2019","8","30","18","5","臺中市","北屯區","0","0","0","8","","","80","","","","","","","","","","","","","","","","","","","","B02","","","1","","2","","","42","","1","4","","B02","24.164076","120.694055","3"
"2019","8","30","18","5","臺中市","太平區","0","0","0","8","","","40","","","","","","","","","","","","","","","","","","","","B12","","","1","","2","","","42","","1","21","","B12","24.153901","120.718139","3"
"2019","8","30","18","5","臺中市","神岡區","0","2","0","7","1","5","50","4","1","1","4","4","5","7","1","1","5","5","5","1","16","6","2","9","4","5","F03","7","5","8","20","2","16","","6","6","1","22","8","F03","24.273649","120.701723","2"
"2019","8","30","18","6","臺中市","北屯區","0","0","0","8","","","50","","","","","","","","","","","","","","","","","","","","B03","","","3","","2","","","23","","1","22","","B03","24.166869","120.688897","3"
"2019","8","30","18","8","臺中市","北屯區","0","3","0","8","1","5","50","3","3","1","5","4","5","7","2","1","10","5","5","2","17","43","2","9","1","1","C03","7","15","1","10","2","15","","43","43","1","5","8","C03","24.200801","120.678267","2"
"2019","8","30","18","11","臺中市","大里區","0","0","0","8","","","60","","","","","","","","","","","","","","","","","","","","B03","","","1","","2","","","16","","1","2","","B03","24.105627","120.667016","3"
"2019","8","30","18","14","臺中市","豐原區","0","0","0","8","3","5","50","14","8","1","5","4","5","7","4","4","5","4","4","2","14","","","","","","B03","","","1","","2","","","12","","1","22","","B03","24.251572","120.722825","3"
"2019","8","30","18","15","臺中市","南屯區","0","1","0","8","3","5","50","14","7","1","5","4","5","7","4","4","5","5","4","2","13","23","2","7","1","1","C03","7","9","1","10","2","11","","23","23","1","21","8","C03","24.135672","120.636687","2"
"2019","8","30","18","15","臺中市","大里區","0","2","0","8","3","5","50","5","18","1","5","4","5","7","1","1","10","5","5","2","3","23","2","9","1","1","C03","7","9","1","10","2","11","","23","23","1","9","1","C03","24.112598","120.689858","2"
"2019","8","30","18","17","臺中市","北屯區","0","2","0","8","3","5","50","14","7","1","5","4","5","7","1","1","5","4","4","2","13","1","2","9","1","1","C03","7","9","2","18","4","14","","1","1","1","22","8","C03","24.169988","120.722518","2"
"2019","8","30","18","19","臺中市","西區","0","1","0","8","3","5","50","14","9","1","5","4","5","7","1","1","5","4","5","2","13","23","2","8","1","1","C03","7","9","1","10","2","11","13","23","23","1","21","8","C03","24.136496","120.681547","2"
"2019","8","30","18","19","臺中市","西屯區","0","0","0","8","","","50","","","","","","","","","","","","","","","","","","","","B03","","","1","","2","","","43","","1","22","","B03","24.184145","120.646129","3"
"2019","8","30","18","20","臺中市","大雅區","0","1","0","7","2","5","40","4","2","1","5","4","5","7","4","4","5","5","5","1","13","16","2","8","1","1","C03","7","9","1","10","2","11","","16","16","1","22","8","C03","24.227215","120.64802","2"
"2019","8","30","18","21","臺中市","東區","0","1","0","8","3","5","50","4","1","1","5","4","5","7","1","1","10","5","5","2","16","6","3","10","1","1","B03","7","5","1","8","2","1","","6","6","1","22","8","B03","24.142273","120.701408","2"
"2019","8","30","18","21","臺中市","西屯區","0","1","0","8","3","5","50","4","2","1","5","4","5","7","2","1","8","3","1","1","11","6","3","10","1","1","B03","7","5","1","8","2","5","","6","6","1","22","8","B03","24.184311","120.625986","2"
"2019","8","30","18","21","臺中市","潭子區","0","0","0","","","","","","","","","","","","","","","","","","","","","","","","B03","","","1","","2","","","18","","1","22","","B03","24.229403","120.713592","3"
"2019","8","30","18","23","臺中市","后里區","0","0","0","6","","","50","","","","","","","","","","","","","","","16","","","","","B03","","","1","","2","","","16","16","1","","","B03","24.312311","120.701815","3"
"2019","8","30","18","25","臺中市","大里區","0","2","0","8","3","5","50","5","1","1","5","4","5","7","1","1","10","5","5","2","16","25","2","9","1","1","C03","7","9","1","10","2","12","","25","25","1","12","8","C03","24.102222","120.671643","2"
"2019","8","30","18","43","臺中市","太平區","0","0","0","8","","","40","","","","","","","","","","","","","","","","","","","","B03","","","1","","2","","","12","","1","5","","B03","24.147552","120.71639","3"
"2019","8","30","18","46","臺中市","南區","0","0","0","8","","","50","","","","","","","","","","","","","","","42","3","","","","A02","","","1","","2","","","42","42","","10","","A02","24.12395","120.678888","4"
"2019","8","30","18","48","臺中市","中區","0","0","0","8","","","50","","","","","","","","","","","","","","","","","","","","B03","","","1","","2","","","6","","1","","","B03","24.141408","120.676145","3"
"2019","8","30","18","50","臺中市","南屯區","0","0","0","8","","","40","","","","","","","","4","","","","","","","23","3","","","","A02","","","2","","2","","","23","23","1","21","","A02","24.149371","120.623669","3"
"2019","8","30","18","51","臺中市","北區","0","2","0","8","3","5","50","4","1","1","5","4","5","7","1","1","10","5","5","2","16","6","3","10","1","1","B03","7","5","1","8","2","8","","6","6","1","22","8","B03","24.1685","120.681","2"
"2019","8","30","18","58","臺中市","北屯區","0","1","0","8","3","5","50","14","9","1","5","4","5","7","4","4","1","4","5","2","17","22","2","9","1","1","C04","7","9","1","8","2","12","","22","22","1","21","8","C04","24.171646","120.695085","2"
"2019","8","30","19","9","臺中市","西屯區","0","1","0","8","3","5","50","14","9","1","5","4","5","7","4","4","1","3","4","1","13","16","2","8","1","1","C03","7","9","1","10","2","11","","16","16","1","22","8","C03","24.201713","120.654195","2"
"2019","8","30","19","12","臺中市","北屯區","0","0","0","8","","","50","","","","","","","","","","","","","","","","","","","","B03","","","1","","2","","","23","","1","5","","B03","24.175333","120.683516","3"
"2019","8","30","19","17","臺中市","北區","0","0","0","8","","5","50","14","8","1","5","4","5","7","2","1","8","3","4","2","12","","","","","","B03","","","1","","2","","","23","","1","22","","B03","24.161691","120.680946","3"
"2019","8","30","19","22","臺中市","西區","0","0","0","8","","","60","","","","","","","","","","","","","","","7","3","","","","B03","","","1","","2","","","7","7","","5","","B03","24.157332","120.656269","3"
"2019","8","30","19","22","臺中市","龍井區","0","1","0","8","3","5","50","14","9","1","5","4","5","7","4","4","5","4","5","1","3","53","3","10","1","1","B03","7","9","1","8","2","1","","23","53","1","9","1","B03","24.210213","120.505366","2"
"2019","8","30","19","29","臺中市","南區","0","0","0","8","","","50","","","","","","","","","","","","","","","","","","","","B03","","","1","","2","","","23","","1","","","B03","24.12861","120.67953","3"
"2019","8","30","19","43","臺中市","北屯區","0","0","0","8","","","40","","","","","","","","","","","","","","","","","","","","B03","","","3","","2","","","23","","1","5","","B03","24.201008","120.684721","3"
"2019","8","30","19","54","臺中市","西屯區","0","0","0","8","","","40","","","","","","","","","","","","","","","","","","","","B03","","","1","","2","","","23","","1","4","","B03","24.160536","120.650768","3"
"2019","8","30","20","0","臺中市","豐原區","0","0","0","8","","","50","","","","","","","","","","","","","","","","","","","","B03","","","1","","2","","","23","","1","22","","B03","24.249781","120.703421","3"
"2019","8","30","20","3","臺中市","西屯區","0","0","0","8","","","50","","","","","","","","","","","","","","","","","","","","B03","","","1","","2","","","6","","1","12","","B03","24.171742","120.646192","3"
"2019","8","30","20","9","臺中市","豐原區","0","0","0","8","1","5","50","5","18","1","5","4","5","7","2","1","3","5","5","2","16","25","","","","","B03","","","1","","2","","","26","25","","22","","B03","24.246747","120.734872","3"
"2019","8","30","20","18","臺中市","潭子區","0","1","0","7","3","5","40","14","12","1","5","4","5","7","4","4","1","4","4","1","16","7","3","10","1","1","A11","7","8","1","1","2","5","","7","7","1","22","8","A11","24.206227","120.686585","2"
"2019","8","30","20","20","臺中市","大里區","0","1","0","8","3","5","50","4","1","1","5","4","5","7","1","1","9","4","5","1","16","8","3","10","1","1","B03","7","5","1","8","2","2","","8","8","1","22","8","B03","24.109948","120.689741","2"
"2019","8","30","20","33","臺中市","大雅區","0","0","0","8","","","40","","","","","","","","","","","","","","","","","","","","B03","","","1","","2","","","12","","1","21","","B03","24.234678","120.62092","3"
"2019","8","30","20","42","臺中市","南屯區","0","2","0","8","3","5","50","4","1","1","5","4","5","7","1","1","10","5","5","2","16","6","2","9","1","1","C03","7","5","4","8","2","12","","6","6","1","22","8","C03","24.148853","120.638155","2"
"2019","8","30","20","42","臺中市","神岡區","0","0","0","8","","","50","","","","","","","","","","","","","","","23","","","","","B03","","","1","","2","","","23","23","1","22","","B03","24.254331","120.696603","3"
"2019","8","30","20","44","臺中市","西屯區","0","1","0","8","3","5","40","14","8","1","5","4","5","7","4","4","9","4","4","2","16","10","3","10","3","4","B03","7","11","1","8","2","8","","10","10","1","22","8","B03","24.187673","120.620416","2"
"2019","8","30","20","45","臺中市","大里區","0","1","0","8","3","5","60","14","12","1","5","4","5","7","4","4","1","4","5","1","16","23","3","10","1","1","C03","7","9","1","10","2","11","","23","23","1","8","8","C03","24.10268","120.6865","2"
"2019","8","30","20","54","臺中市","西區","0","1","0","8","3","5","50","14","9","1","5","4","5","7","2","1","5","2","5","2","17","26","3","10","1","1","B03","7","8","1","8","2","6","","26","26","1","21","8","B03","24.150864","120.655275","2"
"2019","8","30","21","4","臺中市","北屯區","0","0","0","8","","","50","","","","","","","","","","","","","","","","","","","","B03","","","1","","11","","","16","","2","22","","B03","24.164746","120.709716","3"
"2019","8","30","21","9","臺中市","中區","0","0","0","8","","","50","","","","","","","","","","","","","","","26","3","","","","B03","","","1","","2","","","26","26","","5","","B03","24.136302","120.683062","3"
"2019","8","30","21","20","臺中市","南屯區","0","0","0","8","","","50","","","","","","","","4","","","","","","","23","3","","","","B03","","","1","","2","","","23","23","1","21","","B03","24.148796","120.640865","3"
"2019","8","30","21","40","臺中市","梧棲區","0","1","0","8","3","5","50","4","1","1","5","4","5","7","1","1","10","5","5","2","16","6","3","10","1","1","B03","7","5","1","8","2","8","","6","6","1","12","8","B03","24.249025","120.538641","2"
"2019","8","30","21","48","臺中市","大里區","0","1","0","8","3","5","50","4","1","1","5","4","5","7","1","1","9","4","5","1","16","8","3","10","1","1","B03","7","5","1","8","2","6","","8","8","1","22","8","B03","24.100205","120.687745","2"
"2019","8","30","21","50","臺中市","大里區","0","0","0","8","","","50","","","","","","","","","","","","","","","44","","","","","","","","8","","10","","","67","44","1","","","","24.090975","120.694794","3"
"2019","8","30","22","0","臺中市","大里區","0","1","0","8","3","5","40","3","1","1","5","4","5","7","4","4","10","5","5","2","16","42","2","9","1","1","C03","7","9","1","10","2","14","","42","42","1","9","8","C03","24.102281","120.687003","2"
"2019","8","30","22","0","臺中市","后里區","0","0","0","8","","","50","","","","","","","","","","","","","","","","","","","","B02","","","1","","2","","","12","","1","","","B02","24.309675","120.717098","4"
"2019","8","30","22","3","臺中市","西屯區","0","1","0","8","2","5","40","3","1","1","5","4","5","7","4","4","4","3","4","1","17","9","3","10","1","1","B03","7","6","1","8","2","15","","9","9","1","4","8","B03","24.160783","120.656533","2"
"2019","8","30","22","6","臺中市","北區","0","2","0","8","3","5","50","4","1","1","5","4","5","7","1","1","10","5","5","2","12","8","2","9","3","4","C03","7","5","1","10","2","14","","8","8","1","5","8","C03","24.164954","120.669217","2"
"2019","8","30","22","32","臺中市","北屯區","0","0","0","8","","","450","","","","","","","","","","","","","","","","","","","","B03","","","1","","2","","","19","","1","5","","B03","24.174079","120.674448","3"
"2019","8","30","22","39","臺中市","北區","0","1","0","8","1","5","50","4","1","1","5","4","5","7","4","4","5","4","5","2","11","6","3","10","1","1","B03","7","5","1","8","2","8","","6","6","1","21","8","B03","24.146914","120.677472","2"
"2019","8","30","22","39","臺中市","西屯區","0","0","0","8","","","60","","","","","","","","","","","","","","","","","","","","B03","","","1","","2","","","23","","1","22","","B03","24.155668","120.645085","3"
"2019","8","30","23","0","臺中市","霧峰區","0","1","0","8","3","5","40","14","9","1","5","4","5","7","4","4","9","5","5","1","16","10","3","10","1","1","B03","7","11","1","8","2","4","","10","10","1","18","5","B03","24.074791","120.71175","2"
"2019","8","30","23","5","臺中市","北屯區","0","0","0","8","","","60","","","","","","","","","","","","","","","9","","","","","B03","","","1","","2","","","9","9","1","5","","B03","24.163241","120.719178","3"
"2019","8","30","23","6","臺中市","北屯區","0","0","0","8","","","50","","","","","","","","","","","","","","","","","","","","B03","","","1","","2","","","23","","1","22","","B03","24.183473","120.687948","3"
"2019","8","30","23","15","臺中市","北區","0","1","0","8","3","5","50","4","1","1","5","4","5","7","3","1","10","5","5","2","12","6","3","10","3","4","B01","7","6","1","4","2","6","","6","6","1","5","8","B01","24.148538","120.67832","2"
"2019","8","30","23","15","臺中市","梧棲區","0","1","0","8","3","5","70","4","2","1","5","4","5","7","3","1","10","5","5","2","16","9","3","10","1","1","B03","7","6","1","8","2","6","","9","9","1","9","8","B03","24.225144","120.544641","2"
"2019","8","30","23","25","臺中市","烏日區","0","1","0","8","3","5","40","4","1","1","5","4","5","7","4","4","10","5","5","2","17","6","3","10","1","1","C03","7","9","1","10","2","15","","6","6","1","21","1","C03","24.111241","120.641855","2"
"2019","8","30","23","36","臺中市","東區","0","0","0","8","","","50","","","","","","","","","","","","","","","42","3","","","","B12","","","1","","2","","","42","42","","10","","B12","24.142551","120.701518","3"
"2019","8","30","23","40","臺中市","大里區","0","0","0","8","","","50","","","","","","","","","","","","","","","","","","","","B03","","","1","","9","","","9","","1","22","","B03","24.108835","120.700444","3"
"2019","8","31","0","2","臺中市","西屯區","0","0","0","8","","","50","","","","","","","","","","","","","","","43","","","","","","","","","","","","","","","","","","","24.17872","120.645133","3"
"2019","8","31","1","37","臺中市","北屯區","0","1","0","8","3","5","50","5","1","1","5","4","5","7","2","1","10","5","5","2","17","6","3","10","1","1","B03","7","6","1","8","2","2","","6","6","1","5","8","B03","24.188648","120.686563","2"
"2019","8","31","3","11","臺中市","太平區","0","0","0","8","","","40","","","","","","","","","","","","","","","","","","","","B12","","","1","","2","","","23","","1","21","","B12","24.14959","120.729976","3"
"2019","8","31","6","55","臺中市","潭子區","0","2","0","8","1","5","50","14","9","1","5","4","5","7","4","4","5","5","5","1","16","6","2","9","1","1","C03","7","5","6","10","2","14","","6","6","1","8","1","C03","24.20427","120.71666","2"
"2019","8","31","6","57","臺中市","烏日區","0","1","0","8","1","5","40","4","1","1","5","4","5","7","4","4","10","5","5","2","15","6","2","1","1","1","B12","7","9","1","8","2","2","","6","6","1","21","8","B12","24.052981","120.652648","2"
"2019","8","31","7","13","臺中市","神岡區","0","0","0","8","","","40","","","","","","","","","","","","","","","","","","","","B03","","","1","","2","","","23","","1","","","B03","24.258722","120.65668","3"
"2019","8","31","7","27","臺中市","北屯區","0","0","0","","","","","","","","","","","","","","","","","","","","","","","","B03","","","1","","2","","","26","","1","21","","B03","24.177776","120.739792","3"
"2019","8","31","7","29","臺中市","西區","0","2","0","8","1","5","50","3","1","1","5","4","5","7","4","4","10","5","5","2","16","8","2","9","1","1","C03","7","5","1","10","2","11","","8","8","1","21","8","C03","24.15277","120.670528","2"
"2019","8","31","7","52","臺中市","西屯區","0","2","0","8","1","5","50","4","1","1","5","4","5","7","2","1","1","4","1","2","16","25","3","10","1","1","B03","7","5","1","8","2","5","","25","25","1","22","8","B03","24.18258","120.602586","2"
"2019","8","31","8","0","臺中市","后里區","0","0","0","8","","","50","","","","","","","","","","","","","","","","","","","","B03","","","1","","2","","","12","","1","22","","B03","24.309816","120.716901","4"
"2019","8","31","8","9","臺中市","沙鹿區","0","1","0","8","1","5","40","3","1","1","5","4","5","7","1","1","10","5","5","2","16","27","2","9","1","1","C03","7","9","1","10","2","14","","44","27","1","18","8","C03","24.223078","120.578624","2"
"2019","8","31","8","20","臺中市","南區","0","1","0","8","1","5","40","4","1","1","5","4","5","7","4","4","10","5","5","2","16","23","2","7","1","1","C03","7","6","1","10","2","12","","23","23","1","22","8","C03","24.128781","120.675808","2"
"2019","8","31","8","25","臺中市","北區","0","1","0","8","1","5","50","5","1","1","5","4","5","7","1","1","10","5","5","2","17","9","3","10","1","1","B03","7","6","1","8","2","5","","9","9","1","21","8","B03","24.155666","120.698816","2"
"2019","8","31","8","52","臺中市","西屯區","","","","8","","","50","","","","","","","","","","","","","","","","","","","","B03","","","1","","2","","","42","","1","22","","B03","24.184958","120.603708","3"
"2019","8","31","8","55","臺中市","西區","0","0","0","8","","","50","","","","","","","","","","","","","","","","","","","","B03","","","1","","2","","","12","","1","5","","B03","24.142139","120.67181","3"
"2019","8","31","8","59","臺中市","后里區","0","1","0","8","1","5","50","3","1","1","5","4","5","7","4","4","10","5","5","2","15","23","2","9","3","4","C03","7","9","3","18","2","11","","23","23","1","22","8","C03","24.320341","120.701359","2"
"2019","8","31","9","8","臺中市","北屯區","0","0","0","8","","","50","","","","","","","","","","","","","","","","","","","","B03","","","1","","2","","","12","","1","22","","B03","24.201789","120.69127","3"
"2019","8","31","9","15","臺中市","大里區","0","1","0","8","1","5","50","14","9","1","5","4","5","7","1","1","5","5","5","1","13","23","3","10","1","1","B03","7","9","1","8","2","1","","23","23","1","21","8","B03","24.10279","120.681116","2"
"2019","8","31","9","20","臺中市","北屯區","0","0","0","8","","","50","","","","","","","","","","","","","","","","","","","","C03","","","1","","2","","","16","","1","5","","C03","24.171525","120.691497","3"
"2019","8","31","9","20","臺中市","大雅區","0","0","0","8","","","50","","","","","","","","","","","","","","","","","","","","A02","","","1","","9","","","23","","1","22","","A02","24.224001","120.647697","3"
"2019","8","31","9","21","臺中市","西屯區","0","0","0","8","","","1","","","","","","","","","","","","","","","","","","","","B03","","","1","","2","","","44","","1","21","","B03","24.165075","120.650349","3"
"2019","8","31","9","22","臺中市","南區","0","0","0","8","","","50","","","","","","","","","","","","","","","","","","","","B03","","","1","","2","","","26","","1","22","","B03","24.120297","120.650526","3"
"2019","8","31","9","23","臺中市","西屯區","0","2","0","8","1","5","40","14","8","1","5","4","5","7","4","4","1","4","1","2","13","43","2","9","1","1","C03","7","9","1","10","2","15","","43","43","1","22","8","C03","24.159769","120.654855","2"
"2019","8","31","9","28","臺中市","大里區","0","0","0","8","","","40","","","","","","","","","","","","","","","","","","","","B03","","","1","","2","","","18","","1","21","","B03","24.087622","120.706383","3"
"2019","8","31","9","35","臺中市","大甲區","0","0","0","8","","","50","","","","","","","","","","","","","","","","","","","","C03","","","1","","2","","","26","","1","5","","C03","24.354912","120.616008","3"
"2019","8","31","9","35","臺中市","后里區","0","0","0","8","","","60","","","","","","","","","","","","","","","","","","","","B03","","","1","","2","","","23","","1","","","B03","24.283428","120.722795","3"
"2019","8","31","9","37","臺中市","豐原區","0","0","0","8","","","50","","","","","","","","","","","","","","","","","","","","B03","","","1","","2","","","23","","1","21","","B03","24.25032","120.707778","3"
"2019","8","31","9","42","臺中市","梧棲區","0","0","0","8","","","40","","","","","","","","","","","","","","","","","","","","B12","","","1","","2","","","17","","1","2","","B12","24.250766","120.533557","3"
"2019","8","31","9","49","臺中市","東區","0","0","0","8","1","5","50","14","7","1","5","4","5","7","4","4","5","5","4","2","12","","","","","","B12","","","1","","2","","","23","","1","5","","B12","24.134834","120.705831","3"
"2019","8","31","9","49","臺中市","大里區","0","1","0","8","1","5","50","14","9","1","5","4","5","7","1","1","3","4","5","1","12","9","3","10","1","1","B03","7","6","1","8","2","5","","9","9","1","21","8","B03","24.10458","120.681358","2"
"2019","8","31","9","50","臺中市","北屯區","0","0","0","8","","","50","","","","","","","","","","","","","","","","","","","","B03","","","1","","2","","","7","","1","21","","B03","24.165083","120.695836","3"
"2019","8","31","9","51","臺中市","北屯區","0","0","0","8","","","50","","","","","","","","","","","","","","","","","","","","B03","","","1","","2","","","12","","1","","","B03","24.191344","120.677606","3"
"2019","8","31","9","51","臺中市","梧棲區","0","0","0","8","","","70","","","","","","","","","","","","","","","","","","","","B12","","","1","","2","","","23","","1","2","","B12","24.219183","120.542441","3"
"2019","8","31","9","52","臺中市","東區","0","0","0","8","","","50","","","","","","","","","","","","","","","","","","","","B03","","","1","","2","","","7","","1","","","B03","24.147931","120.695121","3"
"2019","8","31","10","0","臺中市","北屯區","0","0","0","8","","","40","","","","","","","","","","","","","","","","","","","","B12","","","1","","2","","","16","","1","21","","B12","24.201124","120.685473","3"
"2019","8","31","10","7","臺中市","豐原區","0","0","0","8","","","50","","","","","","","","","","","","","","","","","","","","B03","","","1","","2","","","23","","1","21","","B03","24.236281","120.722498","3"
"2019","8","31","10","8","臺中市","南區","0","3","0","8","1","5","50","14","9","1","5","4","5","7","4","4","3","4","5","2","13","43","3","10","1","1","B03","7","9","1","8","2","15","","43","43","1","22","8","B03","24.119958","120.65092","2"
"2019","8","31","10","11","臺中市","北區","0","1","0","8","1","5","50","4","1","1","5","4","5","7","1","1","10","5","5","2","12","16","2","9","1","1","C03","7","9","1","10","2","11","12","16","16","1","22","1","C03","24.155919","120.685546","2"
"2019","8","31","10","20","臺中市","南屯區","0","1","0","8","1","5","50","4","1","1","5","4","5","7","4","4","5","5","5","2","15","6","2","7","1","1","C03","7","9","1","10","2","12","","6","6","1","4","8","C03","24.151542","120.615006","2"
"2019","8","31","10","29","臺中市","北屯區","0","1","0","8","1","5","50","4","1","1","5","4","5","7","1","1","10","5","5","2","16","43","3","10","1","1","B12","7","9","1","8","2","5","","43","43","1","22","8","B12","24.167835","120.696124","2"
"2019","8","31","10","31","臺中市","大肚區","0","0","0","","","","","","","","","","","","","","","","","","","","","","","","B12","","","1","","2","","","17","","1","22","","B12","24.173631","120.580902","3"
"2019","8","31","10","40","臺中市","大里區","0","0","0","8","","","40","","","","","","","","","","","","","","","","","","","","B03","","","1","","2","","","23","","1","21","","B03","24.092693","120.690015","3"
"2019","8","31","10","42","臺中市","西屯區","","","","8","","","50","","","","","","","","","","","","","","","","","","","","B03","","","1","","2","","","12","","","22","","B03","24.18565","120.623728","3"
"2019","8","31","10","45","臺中市","西區","0","1","0","8","1","5","50","4","1","1","5","4","5","7","1","1","10","5","5","2","16","6","3","10","1","1","B03","7","6","1","8","2","2","","6","6","1","21","8","B03","24.161335","120.662755","2"
"2019","8","31","10","47","臺中市","后里區","0","3","0","8","1","5","50","3","1","1","5","4","5","7","1","1","9","5","4","1","12","8","2","9","3","4","C03","7","5","1","10","2","14","","8","8","1","22","8","C03","24.309284","120.719709","2"
"2019","8","31","10","48","臺中市","外埔區","0","2","0","8","1","5","40","14","9","1","5","4","5","5","4","4","10","5","5","1","14","12","3","10","1","1","B03","7","2","1","8","2","3","","12","12","1","21","8","B03","24.34226","120.642605","2"
"2019","8","31","10","50","臺中市","北屯區","0","0","0","8","","","50","","","","","","","","","","","","","","","","","","","","B03","","","1","","2","","","16","","1","5","","B03","24.182883","120.69883","3"
"2019","8","31","10","50","臺中市","東勢區","0","0","0","8","","","50","","","","","","","","","","","","","","","","","","","","C03","","","1","","2","","","6","","1","22","","C03","24.249091","120.831638","3"
"2019","8","31","10","52","臺中市","烏日區","0","1","0","8","1","5","50","4","2","1","5","4","5","7","1","1","4","3","4","2","13","23","3","10","1","1","B03","7","9","1","8","2","1","","23","23","1","22","8","B03","24.108051","120.634173","2"
"2019","8","31","10","55","臺中市","大里區","0","1","0","8","1","5","50","4","1","1","5","4","5","7","1","1","10","5","5","2","12","23","2","8","1","1","C03","7","9","1","10","2","11","","23","23","1","19","8","C03","24.111132","120.696143","2"
"2019","8","31","11","14","臺中市","豐原區","0","0","0","8","","","50","","","","","","","","","","","","","","","","","","","","A11","","","1","","2","","","17","","1","20","","A11","24.264795","120.72034","3"
"2019","8","31","11","15","臺中市","神岡區","0","1","0","8","1","5","40","3","1","1","5","4","5","7","4","4","10","5","5","2","16","6","3","10","1","1","B03","7","5","1","8","2","5","","6","6","1","22","9","B03","24.248245","120.697909","2"
"2019","8","31","11","24","臺中市","西區","0","0","0","8","","","50","","","","","","","","","","","","","","","23","3","","","","C03","","","1","","2","","","23","23","1","21","","C03","24.149565","120.663023","3"
"2019","8","31","11","24","臺中市","北區","0","0","0","8","","","50","","","","","","","","","","","","","","","","","","","","B11","","","1","","2","","","23","","1","","","B11","24.14824","120.684528","3"
"2019","8","31","11","24","臺中市","大里區","0","2","0","8","1","5","50","14","7","1","5","4","3","5","4","4","5","5","4","2","17","19","2","9","1","1","C04","7","1","1","10","2","11","","19","19","1","21","9","C04","24.107309","120.682454","2"
"2019","8","31","11","26","臺中市","西區","0","0","0","","","","","","","","","","","","","","","","","","","","","","","","B03","","","1","","2","","","23","","1","5","","B03","24.154155","120.65574","3"
"2019","8","31","11","34","臺中市","大里區","0","1","0","8","1","5","50","14","8","1","5","4","5","7","4","4","9","4","4","1","13","23","3","10","1","1","B12","7","9","1","8","2","1","","23","23","1","22","9","B12","24.086645","120.695828","2"
"2019","8","31","11","35","臺中市","大甲區","0","1","0","8","1","5","50","14","12","1","5","4","5","7","4","4","5","4","4","1","16","6","3","10","1","4","B03","7","5","1","8","2","2","","6","6","1","21","8","B03","24.344583","120.63409","2"
"2019","8","31","11","35","臺中市","潭子區","0","1","0","8","1","5","50","14","13","1","5","4","5","7","4","4","4","4","5","1","26","43","2","9","1","1","C03","7","9","1","10","2","11","","43","43","1","19","8","C03","24.201192","120.72232","2"
"2019","8","31","11","36","臺中市","霧峰區","0","1","0","8","1","5","40","3","1","1","5","4","5","7","4","4","10","5","5","2","17","4","3","10","3","4","B03","7","5","1","8","2","1","","44","4","1","21","5","B03","24.067853","120.697403","2"
"2019","8","31","11","38","臺中市","北屯區","0","0","0","8","","","50","","","","","","","","","","","","","","","","","","","","B03","","","1","","2","","","23","","1","21","","B03","24.194012","120.681956","3"
"2019","8","31","11","42","臺中市","北區","0","1","0","8","1","5","50","3","1","1","5","4","5","7","4","4","1","4","5","2","13","23","2","8","1","1","C03","7","9","1","10","2","11","12","23","23","1","22","9","C03","24.163139","120.675138","2"
"2019","8","31","11","48","臺中市","西屯區","0","0","0","8","","","80","","","","","","","","","","","","","","","","","","","","B03","","","1","","2","","","16","","1","22","","B03","24.170581","120.632311","3"
"2019","8","31","11","50","臺中市","豐原區","0","0","0","8","","","50","","","","","","","","","","","","","","","17","","","","","A12","","","1","","2","","","17","17","1","21","","A12","24.277772","120.722319","3"
"2019","8","31","11","51","臺中市","西屯區","","","","8","","","40","","","","","","","","","","","","","","","","","","","","B03","","","6","","2","","","42","","1","22","","B03","24.167291","120.659713","3"
"2019","8","31","11","56","臺中市","烏日區","0","0","0","8","","","60","","","","","","","","","","","","","","","","","","","","B03","","","1","","2","","","16","","1","21","","B03","24.056486","120.646335","4"