"年","月","日","時","分","縣市","區","死","受傷","2-30","天候","光線","道路類別","速限","道路型態","事故位置","路面鋪裝","路面狀態","路面缺陷","障礙物","視距","號誌種類","號誌動作","分向設施","快車道或一般車道間","快慢車道間","路面邊線","事故類型及型態","主要肇因","受傷程度","主要傷處","保護裝備","行動電話","當事者區分(類別)","車輛用途","當事者行動狀態","駕駛資格情形","駕駛執照種類","飲酒情形","車輛撞擊部位最初","車輛撞擊部位其他","肇事因素個別","肇事因素主要","肇事逃逸","職業","旅次目的","車種","GPS座標(緯度)","GPS座標(經度)","事故類別"
"2019","8","31","12","6","臺中市","西區","0","0","0","8","","","50","","","","","","","","","","","","","","","18","3","","","","B02","","9","1","","2","","","18","18","","21","","B02","24.137335","120.662598","3"
"2019","8","31","12","8","臺中市","南區","0","0","0","8","1","5","50","14","9","1","5","4","5","7","4","4","1","4","5","2","12","","","","","","B03","","","1","","2","","","23","","1","5","","B03","24.116443","120.650903","3"
"2019","8","31","12","14","臺中市","北屯區","0","0","0","8","","","50","","","","","","","","","","","","","","","43","","","","","B03","","","7","","11","","","43","43","1","22","","B03","24.172818","120.703663","3"
"2019","8","31","12","15","臺中市","神岡區","0","2","0","8","1","5","50","14","7","1","5","4","5","7","4","4","5","5","4","2","16","10","2","9","1","1","C03","7","11","1","10","2","14","","10","10","1","22","9","C03","24.25918","120.709521","2"
"2019","8","31","12","17","臺中市","南區","0","0","0","8","","","40","","","","","","","","","","","","","","","","","","","","B03","","","1","","2","","","23","","1","","","B03","24.129504","120.657827","3"
"2019","8","31","12","22","臺中市","西區","0","0","0","8","","","50","","","","","","","","","","","","","","","","","","","","B03","","","1","","2","","","18","","1","5","","B03","24.13211","120.664977","3"
"2019","8","31","12","22","臺中市","外埔區","0","0","0","8","","","40","","","","","","","","","","","","","","","","","","","","A12","","","1","","2","","","43","","1","","","A12","24.34226","120.635091","3"
"2019","8","31","12","26","臺中市","西屯區","0","0","0","8","","","1","","","","","","","","","","","","","","17","11","","","","","C03","","","1","","2","14","","11","11","1","22","","C03","24.176343","120.637523","3"
"2019","8","31","12","35","臺中市","潭子區","0","1","0","8","1","5","50","14","7","1","5","4","5","7","4","4","5","5","4","2","16","19","3","10","1","1","B03","7","1","1","8","2","8","","19","19","1","9","8","B03","24.20601","120.67958","2"
"2019","8","31","12","39","臺中市","大里區","0","0","0","8","","","50","","","","","","","","","","","","","","","","","","","","B12","","","1","","2","","","12","","1","","","B12","24.115138","120.686238","3"
"2019","8","31","12","50","臺中市","南區","0","2","0","8","1","5","40","3","1","1","5","4","5","7","4","4","10","5","5","2","17","6","2","7","1","1","C03","7","5","1","10","2","11","","6","6","1","5","8","C03","24.116352","120.659875","2"
"2019","8","31","12","53","臺中市","后里區","0","1","0","8","1","5","50","14","7","1","5","4","5","7","4","4","9","5","4","1","12","10","3","10","3","4","B03","7","11","1","8","2","8","","10","10","1","22","8","B03","24.309201","120.720026","2"
"2019","8","31","12","55","臺中市","西屯區","0","1","0","8","1","5","40","14","9","1","5","4","5","7","4","4","10","5","5","2","16","42","2","8","3","4","C03","7","9","1","10","2","12","","42","42","1","22","9","C03","24.177975","120.642915","2"
"2019","8","31","12","58","臺中市","霧峰區","0","0","0","8","","","50","","","","","","","","","","","","","","","","","","","","B03","","","1","","2","","","23","","1","21","","B03","24.064852","120.679106","3"
"2019","8","31","13","1","臺中市","西區","0","2","0","8","1","5","50","4","1","1","5","4","5","7","4","4","10","5","5","2","15","6","2","9","1","1","C03","7","9","1","10","2","11","","6","6","1","21","8","C03","24.135826","120.660791","2"
"2019","8","31","13","9","臺中市","潭子區","0","2","0","8","1","5","50","4","1","1","5","4","5","7","4","4","10","5","5","2","15","6","2","9","1","1","C03","7","9","1","10","2","11","","6","6","1","22","8","C03","24.205971","120.707266","2"
"2019","8","31","13","22","臺中市","北屯區","0","1","0","8","1","5","50","14","12","1","5","4","5","7","1","1","1","2","4","2","13","23","3","10","1","1","B03","7","12","1","8","2","3","","26","23","1","21","8","B03","24.164884","120.70468","2"
"2019","8","31","13","23","臺中市","神岡區","0","0","0","8","","","50","","","","","","","","","","","","","","","","","","","","B03","","","1","","2","","","23","","1","9","","B03","24.249884","120.677964","3"
"2019","8","31","13","30","臺中市","北屯區","0","0","0","","","","","","","","","","","","","","","","","","","","","","","","B03","","","1","","2","","","23","","1","21","","B03","24.177316","120.73517","3"
"2019","8","31","13","37","臺中市","大里區","0","1","0","8","1","5","50","4","2","1","5","4","5","7","1","1","9","4","4","1","13","23","3","10","1","1","B03","7","9","1","8","2","5","","23","23","1","22","9","B03","24.10485","120.680774","2"
"2019","8","31","13","37","臺中市","清水區","0","3","0","8","1","5","40","4","1","1","5","4","5","7","4","4","9","4","5","2","15","6","2","9","1","1","B12","7","9","1","8","2","5","","6","6","1","21","1","B12","24.273271","120.553588","2"
"2019","8","31","13","44","臺中市","西屯區","0","2","0","8","1","5","1","3","2","1","5","4","5","7","4","4","10","4","4","2","17","19","2","7","4","5","F01","7","1","8","20","2","16","","19","19","1","14","8","F01","24.169805","120.644048","2"
"2019","8","31","13","49","臺中市","西屯區","0","0","0","8","","","50","","","","","","","","","","","","","","","","","","","","B02","","","1","","2","","","23","","1","22","","B02","24.163466","120.628868","3"
"2019","8","31","13","52","臺中市","清水區","0","1","0","8","1","5","50","4","1","1","5","4","5","7","1","1","10","5","5","2","17","23","3","10","1","1","B03","7","5","1","8","2","8","","23","23","1","21","8","B03","24.273719","120.552315","2"
"2019","8","31","14","5","臺中市","西區","0","1","0","8","1","5","50","4","2","1","5","4","5","7","2","1","10","5","5","2","13","23","2","1","1","1","B03","7","9","1","8","2","1","","23","23","1","21","8","B03","24.137942","120.674951","2"
"2019","8","31","14","5","臺中市","太平區","0","1","0","8","1","5","50","3","1","1","5","4","5","7","4","4","10","5","5","2","12","7","2","9","4","5","F02","7","8","8","20","2","16","","7","7","1","20","8","F02","24.149197","120.721384","2"
"2019","8","31","14","15","臺中市","南區","0","0","0","8","1","5","50","4","2","1","5","4","5","7","1","1","5","2","5","2","1","","","","","","B12","","","1","","3","","","23","","1","5","","B12","24.115308","120.666833","3"
"2019","8","31","14","16","臺中市","神岡區","0","0","0","8","","","40","","","","","","","","","","","","","","","","","","","","B12","","","1","","2","","","17","","1","9","","B12","24.263231","120.654467","3"
"2019","8","31","14","17","臺中市","北屯區","0","0","0","8","","","50","","","","","","","","","","","","","","","","","","","","A12","","","1","","2","","","23","","1","5","","A12","24.164723","120.703985","3"
"2019","8","31","14","27","臺中市","北屯區","0","0","0","8","","","50","","","","","","","","","","","","","","","","","","","","B03","","","1","","2","","","23","","1","21","","B03","24.181873","120.696326","3"
"2019","8","31","14","30","臺中市","外埔區","0","0","0","8","","","50","","","","","","","","","","","","","","","","","","","","B03","","","1","","2","","","23","","1","","","B03","24.362108","120.63039","4"
"2019","8","31","14","33","臺中市","北區","0","0","0","8","","","50","","","","","","","","","","","","","","","23","","","","","B03","","","1","8","2","","","23","23","1","","","B03","24.152905","120.68904","3"
"2019","8","31","14","36","臺中市","太平區","0","1","0","8","1","5","40","15","20","1","5","4","5","7","4","4","10","5","5","2","16","26","3","10","1","1","B03","7","5","1","5","2","5","","23","26","1","5","8","B03","24.138888","120.710555","2"
"2019","8","31","14","48","臺中市","東區","0","0","0","8","","","50","","","","","","","","","","","","","","","","","","","","B12","","","1","","2","","","23","","1","","","B12","24.143151","120.686125","3"
"2019","8","31","14","55","臺中市","南區","0","0","0","8","1","5","50","14","4","1","5","4","5","7","4","4","5","2","4","2","13","23","3","10","1","1","B03","7","6","1","8","2","5","","23","23","1","5","8","B03","24.131357","120.675564","3"
"2019","8","31","14","59","臺中市","后里區","0","0","0","8","","","40","","","","","","","","","","","","","","","","","","","","B12","","","1","","2","","","12","","1","","","B12","24.304021","120.70618","3"
"2019","8","31","15","0","臺中市","西屯區","0","1","0","8","1","5","40","5","1","1","5","4","5","7","2","1","10","5","5","2","12","1","3","10","3","4","C03","7","4","1","10","2","12","","1","1","1","22","9","C03","24.166065","120.659034","2"
"2019","8","31","15","6","臺中市","豐原區","0","0","0","8","","","40","","","","","","","","","","","","","","","","","","","","B03","","","1","","2","","","12","","1","22","","B03","24.253716","120.746499","3"
"2019","8","31","15","7","臺中市","北屯區","0","0","0","8","","","80","","","","","","","","","","","","","","","","","","","","B03","","","1","","2","","","16","","","21","","B03","24.20128","120.664903","3"
"2019","8","31","15","8","臺中市","龍井區","0","0","0","8","","","50","","","","","","","","","","","","","","","","","","","","B12","","","1","","11","","","18","","1","1","","B12","24.202499","120.52342","3"
"2019","8","31","15","28","臺中市","大里區","0","2","0","8","1","5","50","4","1","1","5","4","5","7","1","1","10","5","5","2","16","6","2","9","1","1","C03","7","5","3","18","2","12","","6","6","1","21","8","C03","24.104263","120.700146","2"
"2019","8","31","15","30","臺中市","南區","0","0","0","8","","","50","","","","","","","","","","","","","","","","","","","","B03","","","1","","2","","","23","","1","4","","B03","24.113209","120.671121","3"
"2019","8","31","15","31","臺中市","西區","0","0","0","8","","","50","","","","","","","","","","","","","","","","","","","","B03","","","1","","2","","","16","","1","21","","B03","24.148981","120.671778","3"
"2019","8","31","15","35","臺中市","烏日區","0","1","0","8","1","5","50","4","1","1","5","4","5","7","1","1","4","5","5","1","15","25","3","10","1","1","C03","7","9","1","10","2","14","","25","25","1","22","8","C03","24.110187","120.627614","2"
"2019","8","31","15","40","臺中市","南屯區","0","1","0","8","1","5","50","4","1","1","5","4","5","7","2","1","10","5","5","2","15","25","3","10","3","4","B03","7","9","1","8","2","6","","25","25","1","22","9","B03","24.144264","120.634174","2"
"2019","8","31","15","44","臺中市","西區","0","0","0","8","","","50","","","","","","","","","","","","","","","","","","","","B03","","","1","","2","","","25","","1","","","B03","24.149861","120.657268","3"
"2019","8","31","15","51","臺中市","南屯區","0","1","0","8","1","5","50","4","1","1","5","4","5","7","2","1","10","5","5","2","16","6","3","10","3","4","B03","7","6","1","8","2","5","","6","6","1","22","9","B03","24.14687","120.640891","2"
"2019","8","31","15","51","臺中市","清水區","0","0","0","8","","","50","","","","","","","","","","","","","","","","","","","","B03","","","1","","2","","","23","","1","21","","B03","24.276301","120.568238","3"
"2019","8","31","15","58","臺中市","西區","0","1","0","8","1","5","40","3","1","1","5","4","5","7","4","4","1","4","2","2","17","9","3","10","1","1","B03","7","6","1","8","2","2","","9","9","1","5","5","B03","24.156676","120.658395","2"
"2019","8","31","15","58","臺中市","潭子區","0","1","0","8","1","5","50","4","1","1","5","4","5","7","1","1","10","5","5","2","15","25","3","10","1","1","B03","7","9","1","8","2","2","","25","25","1","22","8","B03","24.201215","120.703424","2"
"2019","8","31","16","4","臺中市","西區","0","0","0","8","","","50","","","","","","","","","","","","","","","23","3","","","","B03","","","1","","2","","","23","23","1","21","","B03","24.152589","120.657265","3"
"2019","8","31","16","5","臺中市","南區","0","0","0","8","","","50","","","","","","","","","","","","","","","16","","","","","B03","","","1","","2","","","16","16","1","5","","B03","24.126467","120.675254","3"
"2019","8","31","16","15","臺中市","南屯區","0","0","0","8","","","50","","","","","","","","1","","","","","","","7","3","","","","B03","","","1","","2","","","7","7","1","21","","B03","24.140034","120.652967","3"
"2019","8","31","16","20","臺中市","潭子區","0","0","0","","","","","","","","","","","","","","","","","","","","","","","","A12","","","1","","2","","","23","","1","21","","A12","24.206432","120.702922","3"
"2019","8","31","16","22","臺中市","霧峰區","0","1","0","8","1","5","50","3","1","1","5","4","5","7","1","1","9","5","4","1","16","19","2","8","1","1","C03","7","1","1","10","2","11","","19","19","1","22","8","C03","24.066938","120.698718","2"
"2019","8","31","16","25","臺中市","霧峰區","0","0","0","8","","","50","","","","","","","","","","","","","","","","","","","","B03","","","1","","2","","","60","","1","22","","B03","24.062848","120.697966","3"
"2019","8","31","16","26","臺中市","南屯區","0","1","0","8","1","5","40","4","1","1","5","4","5","7","2","1","10","5","5","2","16","25","2","7","1","1","C03","7","6","1","10","2","11","","25","25","1","5","9","C03","24.149386","120.623727","2"
"2019","8","31","16","30","臺中市","梧棲區","0","1","0","8","1","5","40","4","1","1","5","4","5","7","4","4","10","5","5","2","15","6","3","10","1","1","B03","7","9","1","8","2","1","","6","6","1","20","8","B03","24.255792","120.529261","2"
"2019","8","31","16","38","臺中市","北屯區","0","1","0","8","1","5","50","14","9","1","5","4","5","7","4","4","5","4","5","2","16","4","2","9","1","1","C03","7","4","1","10","2","11","","4","4","1","21","8","C03","24.176107","120.716777","2"
"2019","8","31","16","44","臺中市","北屯區","0","1","0","8","1","5","50","4","2","1","5","4","5","7","4","4","5","5","5","2","16","6","3","10","1","1","B03","7","6","1","8","2","5","","6","6","1","22","8","B03","24.202122","120.675466","2"
"2019","8","31","16","45","臺中市","西區","0","2","0","8","1","5","50","5","1","1","5","4","5","7","1","1","10","5","5","2","13","16","2","8","3","4","C03","7","9","1","10","2","13","","16","16","1","21","8","C03","24.154591","120.663726","2"
"2019","8","31","16","45","臺中市","清水區","0","1","0","8","1","5","40","4","1","1","5","4","5","7","1","1","10","5","5","2","12","8","3","10","1","1","B03","7","5","1","8","2","8","","8","8","1","21","8","B03","24.260381","120.571593","2"
"2019","8","31","16","48","臺中市","西區","0","0","0","8","","","50","","","","","","","","","","","","","","","","","","","","B12","","","1","","2","","","42","","1","","","B12","24.154795","120.662039","3"
"2019","8","31","16","50","臺中市","西屯區","0","1","0","8","1","5","40","3","2","1","5","4","5","7","4","4","9","5","5","2","12","2","3","10","1","1","B03","7","6","1","8","2","2","","2","2","1","12","8","B03","24.165218","120.657092","2"
"2019","8","31","16","55","臺中市","西區","0","0","0","8","","","50","","","","","","","","","","","","","","","19","3","","","","C03","","","1","","2","","","19","19","1","21","","C03","24.153408","120.660703","3"
"2019","8","31","17","5","臺中市","清水區","0","1","0","8","1","5","50","3","1","1","5","4","5","7","4","4","10","5","4","2","16","16","2","9","1","1","C03","7","5","4","8","2","12","","16","16","1","12","8","C03","24.273265","120.57236","2"
"2019","8","31","17","7","臺中市","中區","0","0","0","8","","","50","","","","","","","","","","","","","","","","","","","","B03","","","1","","2","","","6","","1","21","","B03","24.143276","120.674684","3"
"2019","8","31","17","13","臺中市","大里區","0","0","0","8","","","40","","","","","","","","","","","","","","","","","","","","C03","","","1","","2","","","6","","1","5","","C03","24.102458","120.681131","3"
"2019","8","31","17","20","臺中市","北屯區","0","1","0","8","1","5","40","4","1","1","5","4","5","7","4","4","10","5","5","2","15","6","3","10","1","1","B03","7","9","1","8","2","1","","6","6","1","5","4","B03","24.169554","120.711636","2"
"2019","8","31","17","20","臺中市","北屯區","0","0","0","8","","","50","","","","","","","","","","","","","","","","","","","","C03","","","1","","2","","","16","","1","22","","C03","24.180421","120.689931","3"
"2019","8","31","17","25","臺中市","霧峰區","0","1","0","8","1","5","40","14","16","1","5","4","5","7","4","4","10","5","5","1","13","23","3","10","1","1","A01","7","9","1","1","2","1","","23","23","1","21","8","A01","24.077859","120.663998","2"
"2019","8","31","17","25","臺中市","后里區","0","2","0","8","1","5","50","4","19","1","5","4","5","7","4","4","10","5","5","2","3","15","2","9","3","4","C03","7","9","1","10","2","11","","15","15","1","21","8","C03","24.310121","120.71558","2"
"2019","8","31","17","28","臺中市","霧峰區","0","1","0","8","1","5","70","14","13","1","5","4","5","7","4","4","1","4","4","1","13","23","2","9","1","1","C03","7","9","1","10","2","11","","23","23","1","5","8","C03","24.012567","120.695678","2"
"2019","8","31","17","31","臺中市","潭子區","0","1","0","8","1","5","50","14","9","1","5","4","5","7","4","4","8","4","5","1","11","6","3","10","1","1","B11","7","11","1","8","2","7","","6","6","1","22","1","B11","24.209931","120.685174","2"
"2019","8","31","17","34","臺中市","清水區","0","0","0","8","","","70","","","","","","","","","","","","","","","","","","","","B03","","","1","","2","","","23","","1","12","","B03","24.270731","120.567549","3"
"2019","8","31","17","35","臺中市","太平區","0","0","0","8","","","50","","","","","","","","","","","","","","","","","","","","B03","","","1","","2","","","43","","1","","","B03","24.131942","120.723165","3"
"2019","8","31","17","36","臺中市","北區","0","1","0","8","1","5","50","5","1","1","5","4","5","7","1","1","10","5","5","2","15","43","2","9","1","1","C03","7","9","1","10","2","11","","43","43","1","5","8","C03","24.158847","120.690934","2"
"2019","8","31","17","40","臺中市","南屯區","0","3","0","8","1","5","50","4","1","1","5","4","5","7","1","1","10","5","5","2","12","17","2","9","1","2","C03","7","6","1","10","2","11","","17","17","1","21","8","C03","24.15357","120.637018","2"
"2019","8","31","17","41","臺中市","西屯區","0","1","0","8","1","5","50","14","9","1","5","4","5","7","4","4","8","3","5","1","13","22","2","9","1","1","C03","7","9","1","10","2","11","","22","22","1","22","8","C03","24.167491","120.64525","2"
"2019","8","31","17","45","臺中市","大里區","0","0","0","8","","","50","","","","","","","","","","","","","","","","","","","","B03","","","8","","10","","","38","","1","22","","B03","24.107095","120.679503","3"
"2019","8","31","17","45","臺中市","大里區","0","1","0","8","1","5","50","4","1","1","5","4","5","7","4","4","9","5","5","2","16","6","2","8","1","1","C03","7","9","1","8","2","12","","6","6","1","22","8","C03","24.107123","120.69146","2"
"2019","8","31","17","47","臺中市","烏日區","0","0","0","8","","","40","","","","","","","","","","","","","","","","","","","","B03","","","1","","2","","","19","","1","21","","B03","24.106268","120.638625","3"
"2019","8","31","17","49","臺中市","中區","0","1","0","8","1","5","50","3","1","1","5","4","5","7","4","4","10","4","5","2","16","6","3","10","1","1","B03","7","5","1","8","2","5","","6","6","1","21","8","B03","24.143509","120.68063","2"
"2019","8","31","17","50","臺中市","大里區","0","2","0","8","2","5","50","4","2","1","5","4","5","7","3","1","5","5","4","2","17","23","2","9","4","1","F01","7","9","8","20","2","16","","23","23","1","23","8","F01","24.09733","120.677325","2"
"2019","8","31","17","50","臺中市","神岡區","0","3","0","8","2","5","40","3","1","1","5","4","5","7","4","4","10","5","5","1","17","6","2","9","3","4","C03","7","9","1","10","2","11","","14","6","1","22","9","C03","24.263131","120.703543","2"
"2019","8","31","17","57","臺中市","北區","0","1","0","8","1","5","50","4","2","1","5","4","5","7","4","4","10","5","5","2","16","7","3","10","1","1","B03","7","8","1","10","2","6","","7","7","1","22","8","B03","24.1618","120.6751","2"
"2019","8","31","18","7","臺中市","后里區","0","0","0","8","","","60","","","","","","","","","","","","","","","","","","","","B03","","","1","","2","","","8","","1","","","B03","24.322181","120.720008","3"
"2019","8","31","18","7","臺中市","潭子區","0","0","0","8","","","60","","","","","","","","","","","","","","","","","","","","C03","","","6","","9","","","23","","2","","","C03","24.191375","120.718059","3"
"2019","8","31","18","8","臺中市","北屯區","0","0","0","8","","","50","","","","","","","","","","","","","","","","","","","","B03","","","1","","2","","","23","","1","5","","B03","24.175058","120.710893","3"
"2019","8","31","18","10","臺中市","烏日區","0","0","0","8","","","50","","","","","","","","","","","","","","","","","","","","B03","","","1","","2","","","16","","1","","","B03","24.092118","120.648334","3"
"2019","8","31","18","14","臺中市","大里區","0","1","0","8","3","5","40","14","8","1","5","4","5","7","4","4","9","5","4","2","17","23","2","3","1","1","C03","7","9","1","10","2","12","","23","23","1","21","8","C03","24.106629","120.704151","2"
"2019","8","31","18","15","臺中市","北屯區","0","0","0","8","","","50","","","","","","","","","","","","","","","","","","","","C03","","","1","","2","","","8","","1","21","","C03","24.169938","120.702395","3"
"2019","8","31","18","29","臺中市","豐原區","0","0","0","8","","","50","","","","","","","","","","","","","","","","","","","","B03","","","1","","2","","","23","","1","20","","B03","24.243408","120.707841","3"
"2019","8","31","18","30","臺中市","西區","0","0","0","8","1","5","50","14","9","1","5","4","5","7","1","1","5","2","5","2","17","","","","","","C03","","","1","","9","","","17","","1","22","","C03","24.150911","120.657291","3"
"2019","8","31","18","38","臺中市","西屯區","0","1","0","8","3","5","50","4","9","1","5","4","5","7","1","1","5","4","5","2","12","43","3","10","3","4","B02","7","5","1","8","2","8","","43","43","1","22","9","B02","24.161661","120.605788","2"
"2019","8","31","18","40","臺中市","烏日區","0","0","0","8","","","20","","","","","","","","","","","","","","","","","","","","B03","","","6","","2","","","10","","1","9","","B03","24.068665","120.646139","3"
"2019","8","31","18","43","臺中市","大雅區","0","0","0","8","","","40","","","","","","","","","","","","","","","","","","","","C03","","","1","","2","","","16","","1","21","","C03","24.220889","120.653614","3"
"2019","8","31","18","51","臺中市","南區","0","1","0","8","1","5","50","3","1","1","5","4","5","7","1","1","10","5","5","2","17","42","2","8","1","1","C03","7","9","1","10","2","11","","42","42","1","21","8","C03","24.127146","120.66588","2"
"2019","8","31","18","57","臺中市","北屯區","0","2","0","8","3","5","50","14","7","1","5","4","5","7","4","4","1","4","4","2","16","19","3","10","1","1","B03","7","1","3","18","6","8","","19","19","1","21","8","B03","24.177643","120.72962","2"
"2019","8","31","18","59","臺中市","東區","0","0","0","8","3","5","50","3","1","1","5","4","5","7","1","1","10","5","5","2","13","16","3","10","1","1","B03","7","9","1","8","2","1","","16","16","1","5","8","B03","24.131115","120.703695","3"
"2019","8","31","19","0","臺中市","霧峰區","0","2","0","8","4","5","40","14","9","1","5","4","5","7","4","4","10","5","5","2","2","23","2","9","1","4","C03","7","9","1","10","2","12","","23","23","1","9","8","C03","24.038079","120.678815","2"
"2019","8","31","19","1","臺中市","西屯區","0","1","0","8","3","5","50","4","2","1","5","4","5","7","4","4","8","3","1","1","11","10","2","9","1","1","C03","7","11","1","10","2","11","","10","10","1","22","8","C03","24.177413","120.645048","2"
"2019","8","31","19","10","臺中市","北區","0","0","0","8","","","50","","","","","","","","","","","","","","","","","","","","B03","","","1","","2","","","17","","1","5","","B03","24.163282","120.677101","3"
"2019","8","31","19","10","臺中市","北屯區","0","0","0","","","","","","","","","","","","","","","","","","","","","","","","B03","","","1","","2","","","16","","1","22","","B03","24.18216","120.718649","3"
"2019","8","31","19","32","臺中市","龍井區","0","1","0","7","3","5","40","14","8","1","5","4","5","7","4","4","10","5","5","2","27","23","2","9","1","1","C03","7","9","1","10","2","11","","23","23","1","21","8","C03","24.195005","120.569901","2"
"2019","8","31","19","34","臺中市","西區","0","0","0","8","","","50","","","","","","","","","","","","","","","23","3","","","","B03","","","1","","2","","","23","23","","5","","B03","24.148263","120.672664","3"
"2019","8","31","19","40","臺中市","南屯區","0","0","0","8","","","40","","","","","","","","","","","","","","","","","","","","B03","","","1","","9","","","23","","1","","","B03","24.136897","120.633634","3"
"2019","8","31","19","54","臺中市","西區","0","0","0","8","","","50","","","","","","","","","","","","","","","","","","","","C03","","","1","","2","","","42","","1","","","C03","24.146712","120.65511","3"
"2019","8","31","20","6","臺中市","西區","0","0","0","8","","","50","","","","","","","","","","","","","","","23","3","","","","B03","","","1","","2","","","23","23","","5","","B03","24.14607","120.671986","3"
"2019","8","31","20","12","臺中市","北屯區","0","0","0","8","","","50","","","","","","","","","","","","","","","","","","","","B03","","","1","","2","","","23","","1","5","","B03","24.18228","120.705048","3"
"2019","8","31","20","16","臺中市","神岡區","0","2","0","8","3","5","50","3","1","1","5","4","5","7","4","4","10","5","5","2","16","10","3","10","3","4","B03","7","11","1","8","2","8","","10","10","1","22","9","B03","24.246868","120.68241","2"
"2019","8","31","20","28","臺中市","北區","0","2","0","8","3","5","50","14","7","1","5","4","5","7","4","4","9","4","5","2","16","19","3","10","1","1","B03","7","1","1","8","2","1","","19","19","1","22","8","B03","24.1477","120.6858","2"
"2019","8","31","20","30","臺中市","南屯區","0","1","0","8","1","5","50","4","2","1","5","4","5","7","2","1","5","5","5","2","13","13","3","10","3","4","C03","7","9","1","10","2","11","","13","13","1","22","9","C03","24.135084","120.653007","2"
"2019","8","31","20","53","臺中市","西屯區","0","0","0","8","","","40","","","","","","","","","","","","","","","","","","","","B03","","","1","","2","","","17","","1","12","","B03","24.182313","120.642654","3"
"2019","8","31","21","0","臺中市","西區","0","2","0","8","3","5","40","14","8","1","5","4","5","7","4","4","5","4","4","2","17","6","3","10","1","1","B02","7","8","1","8","2","2","","6","6","1","5","7","B02","24.143193","120.665148","2"
"2019","8","31","21","5","臺中市","北屯區","0","1","0","8","3","5","50","3","2","1","5","4","5","7","1","1","10","5","5","2","16","25","3","10","3","4","B03","7","9","1","8","2","8","","25","25","1","21","8","B03","24.164991","120.696193","2"
"2019","8","31","21","20","臺中市","中區","0","0","0","8","","","50","","","","","","","","","","","","","","","","","","","","B03","","","1","","2","","","7","","1","21","","B03","24.138375","120.685701","3"
"2019","8","31","21","21","臺中市","南屯區","0","1","0","8","3","5","50","4","1","1","5","4","5","7","2","1","10","5","5","2","16","23","3","10","1","1","C03","7","9","1","10","2","14","","23","23","1","21","8","C03","24.143349","120.646173","2"
"2019","8","31","21","33","臺中市","霧峰區","0","2","0","8","3","5","40","4","1","1","5","4","5","7","1","1","10","5","5","2","3","52","2","9","4","5","H01","8","16","8","20","10","16","","52","52","1","19","7","H01","24.070618","120.703056","2"
"2019","8","31","21","40","臺中市","太平區","0","1","0","8","3","5","50","14","9","1","5","4","5","7","4","4","5","4","5","1","12","42","2","9","1","1","C03","7","9","1","10","2","14","","42","42","1","21","8","C03","24.15899","120.713307","2"
"2019","8","31","21","41","臺中市","北區","0","0","0","8","","","50","","","","","","","","","","","","","","","","","","","","B03","","","1","","2","","","26","","1","5","","B03","24.144578","120.681797","3"
"2019","8","31","21","46","臺中市","西屯區","","","","8","","","50","","","","","","","","","","","","","","","","","","","","B03","","","1","","2","","","23","","1","22","","B03","24.167461","120.64138","3"
"2019","8","31","21","55","臺中市","南屯區","0","1","0","8","3","5","50","14","9","1","5","4","5","7","4","4","1","4","5","2","12","23","2","7","1","1","C03","7","9","1","10","2","12","","23","23","1","22","9","C03","24.145332","120.630534","2"
"2019","8","31","22","9","臺中市","北屯區","0","2","0","8","3","5","50","4","1","1","5","4","5","7","1","1","10","5","5","2","16","42","3","10","1","1","C03","7","6","1","10","2","15","","42","42","2","22","8","C03","24.180419","120.689587","2"
"2019","8","31","22","12","臺中市","西屯區","0","1","0","8","3","5","50","4","2","1","5","4","5","7","2","1","10","5","5","2","12","17","3","10","3","4","B03","7","5","1","8","2","2","","17","17","1","22","9","B03","24.178435","120.644351","2"
"2019","8","31","22","21","臺中市","南區","0","0","0","","","","","","","","","","","","","","","","","","","","","","","","B03","","","1","","2","","","23","","1","5","","B03","24.131816","120.682748","3"
"2019","8","31","23","0","臺中市","北屯區","0","1","0","8","3","5","80","14","9","1","5","4","5","7","4","4","1","3","5","1","17","42","2","9","1","1","B03","7","15","1","8","2","2","","42","42","1","5","8","B03","24.16996","120.720697","2"
"2019","8","31","23","12","臺中市","清水區","0","1","0","8","3","5","50","4","1","1","5","4","5","7","3","1","10","5","5","2","16","6","3","10","1","1","B03","7","5","1","8","2","4","","6","6","1","12","8","B03","24.264117","120.573543","2"
"2019","8","31","23","24","臺中市","太平區","0","1","0","8","3","5","50","14","7","1","4","4","5","7","4","4","5","4","4","1","12","42","2","8","1","1","C03","7","5","1","10","2","14","","42","42","1","21","8","C03","24.149992","120.727536","2"
"2019","8","31","23","26","臺中市","南區","0","1","0","8","3","5","40","4","1","1","5","4","5","7","3","1","1","5","5","2","18","23","2","8","1","1","C03","7","9","1","10","2","12","","23","23","1","4","5","C03","24.124039","120.682513","2"
"2019","8","31","23","39","臺中市","潭子區","0","0","0","","","","","","","","","","","","","","","","","","","","","","","","A12","","","1","","2","","","16","","1","","","A12","24.209201","120.721518","3"
"2019","8","31","23","44","臺中市","神岡區","0","1","0","8","3","5","50","4","1","1","5","4","5","7","3","1","10","5","5","2","15","6","2","8","3","4","C03","7","9","1","10","2","11","","6","6","1","22","9","C03","24.24655","120.684228","2"